677.,2018-03-11 16:49:35,130.88,99%,"When you have eaten enough to meet your needs, your digestiv...",Win (1 of 4)
676.,2018-03-11 16:48:32,121.43,99%,We got the bubble-headed bleach blonde. Comes on at five. Sh...,Win (1 of 2)
675.,2018-03-11 16:47:44,128.37,99%,"I looked at the captain. That terrible avenger, like an arch...",Win (1 of 4)
674.,2018-02-23 22:40:15,129.07,98%,Yesterday all my troubles seemed so far away. Now it looks a...,Win (1 of 3)
673.,2018-02-23 22:23:32,140.15,100%,I don't understand you people! I mean all these picky little...,Win (1 of 4)
672.,2018-02-22 20:22:01,120.88,98%,"Very well - I'll bide my time. And as for you, my fine lady,...",Win (1 of 3)
671.,2018-02-22 20:21:24,132.05,98%,"Listen Morty, I hate to break it to you, but what people cal...",Win (1 of 3)
670.,2018-01-14 22:42:25,126.06,98%,"Mathematics is a wonderful, elegant, and exceedingly useful ...",Win (1 of 2)
669.,2018-01-14 22:41:18,149.12,98%,"You don't get to choose if you get hurt in this world, but y...",Win (1 of 2)
668.,2018-01-14 22:40:31,131.69,98%,"There are few people whom I really love, and still fewer of ...",Win (1 of 2)
667.,2018-01-06 21:11:42,141.09,99%,Although his voice was also broken by uncertainty and his ha...,Win (1 of 3)
666.,2018-01-06 21:10:56,143.04,100%,"That is right, but I held something back. I see some real ge...",Win (1 of 5)
665.,2017-12-02 22:34:15,133.70,99%,"There's a fire starting in my heart reaching a fever pitch, ...",Win (1 of 3)
664.,2017-12-02 22:33:24,104.59,98%,You are too generous to trifle with me. If your feelings are...,No win (3 of 5)
663.,2017-12-02 22:32:48,104.94,98%,"Hello, hello, hello. With the lights out, it's less dangerou...",Win (1 of 3)
662.,2017-12-02 22:31:36,135.95,99%,You like boats but not the ocean. You go to a lake in the su...,Win (1 of 4)
661.,2017-12-02 22:30:45,119.57,98%,"There is nothing in the world more difficult than candor, an...",Win (1 of 5)
660.,2017-12-02 22:27:54,129.52,98%,"There are perhaps twenty regular posters on the forum, and s...",Win (1 of 2)
659.,2017-12-02 22:26:35,131.15,99%,And now for a brief public service announcement: alligators....,Win (1 of 4)
658.,2017-12-02 22:25:08,147.27,99%,"When the light of life has gone, no change for the meter. Th...",Win (1 of 5)
657.,2017-11-28 15:04:46,102.80,97%,I want a one hundred dollar gift card deposited into my lock...,Win (1 of 5)
656.,2017-11-05 01:28:52,130.51,100%,"Why so much grief for me? No man will hurl me down to Death,...",No win (2 of 2)
655.,2017-11-05 01:28:04,124.21,99%,The life pods are launching. We should hurry. The Covenant a...,Win (1 of 2)
654.,2017-11-05 01:27:15,115.47,98%,"I have here, Harold, the forms sent out by the National Comp...",No win (2 of 2)
653.,2017-11-05 01:25:57,114.49,98%,"Judges are picked out from the most dexterous lawyers, who a...",Win (1 of 2)
652.,2017-11-03 18:06:49,145.28,99%,There are negotiations being made that are going to answer a...,Win (1 of 2)
651.,2017-11-03 18:05:34,118.47,99%,"Who, if I cried out, would hear me among the angels' hierarc...",Win (1 of 2)
650.,2017-11-03 18:04:30,139.41,99%,"Throw your soul through every open door, count your blessing...",Win (1 of 2)
649.,2017-11-03 18:03:33,130.68,99%,I noticed your band is on the roster for the dance auditions...,Win (1 of 2)
648.,2017-11-03 18:02:17,129.78,98%,Slowly and solemnly he was borne into Briony Lodge and laid ...,Win (1 of 2)
647.,2017-11-03 18:00:44,137.16,99%,When I was 9 years old I had kind of a rough time. A lot of ...,Win (1 of 2)
646.,2017-11-03 17:59:48,107.83,97%,"Oh, you're leaving... I always knew that one day, this day w...",Win (1 of 2)
645.,2017-11-03 17:58:58,131.74,98%,I wish we'll end up this crazy way before we burn our steam....,Win (1 of 2)
644.,2017-11-03 17:58:02,135.76,99%,"All the times that I've cried, keeping all the things I knew...",Win (1 of 3)
643.,2017-11-03 17:57:10,139.95,99%,The beginner writes just twenty pieces. The professional wri...,Win (1 of 2)
642.,2017-11-03 01:56:45,132.56,98%,"I know that the idea of raising well-rounded, smarter kids c...",No win (2 of 3)
641.,2017-11-03 01:55:58,121.33,98%,"If teachers taught, why didn't preachers praught? Why is a b...",Win (1 of 3)
640.,2017-11-03 01:38:00,128.47,99%,All around us are hot dog vending machines in different guis...,Win (1 of 5)
639.,2017-11-03 01:37:17,117.12,98%,There are many things we've never done. We've never made our...,Win (1 of 4)
638.,2017-11-03 01:36:19,125.75,99%,I believe that you are sincere and good at heart. If you do ...,Win (1 of 5)
637.,2017-11-03 01:35:21,132.18,100%,"Now, hold on, Mr. Potter. You're right when you say my fathe...",Win (1 of 2)
636.,2017-11-03 01:34:24,150.33,100%,"Well, let me tell you something, Caveman. You are here on ac...",Win (1 of 5)
635.,2017-11-03 01:33:47,149.22,100%,The idea behind each one was we took a film that we like and...,Win (1 of 5)
634.,2017-11-02 22:46:20,129.00,99%,"Sir, you have besmirched the good name of Liquid Water, and ...",Win (1 of 4)
633.,2017-11-02 22:45:22,128.50,99%,"The goal of the true seeker is to become a sage, or superior...",Win (1 of 2)
632.,2017-11-02 22:44:31,107.03,97%,"Padre, these are subtleties! We are not concerned with motiv...",Win (1 of 3)
631.,2017-11-02 22:43:30,122.21,98%,"Pauses, ellipses, the appearance and disappearance of commas...",Win (1 of 3)
630.,2017-11-02 22:34:51,106.88,99%,"The term ""barbarian"" was created by the Greeks; it was origi...",Win (1 of 4)
629.,2017-10-30 12:48:37,120.57,99%,"""This man right here,"" McGuinness said, pointing at Kenna, ""...",No win (1 of 1)
628.,2017-10-30 12:47:41,139.07,99%,Dani felt as if a path had appeared in front of him. It was ...,Win (1 of 5)
627.,2017-10-30 12:47:02,133.85,99%,What was the power that turned the worm into a moth? It was ...,No win (2 of 5)
626.,2017-10-30 12:46:31,128.40,97%,"If there were to be something non-empty, there would then be...",Win (1 of 5)
625.,2017-10-30 12:46:00,127.00,98%,Humans need to practice what they are learning a good deal b...,No win (2 of 4)
624.,2017-10-30 12:45:21,129.52,99%,"Come, boy, see for yourself. From here, you will witness the...",Win (1 of 5)
623.,2017-10-30 12:44:24,153.08,99%,There comes a point when you just love someone. Not because ...,Win (1 of 5)
622.,2017-10-30 12:43:29,137.97,99%,Today is the shadow of tomorrow. Today is the present future...,Win (1 of 5)
621.,2017-10-30 12:42:48,113.51,98%,You watched the Gulf War. What did you see day after day? Th...,Win (1 of 3)
620.,2017-10-29 23:51:28,117.53,98%,"We're knights of the Round Table, we dance whene'er we're ab...",Win (1 of 3)
619.,2017-10-29 23:50:52,141.71,98%,"Luke, you do not yet realize your importance. You have only ...",Win (1 of 2)
618.,2017-10-29 23:49:24,130.82,98%,The invention of the wheel represented a major turning point...,Win (1 of 2)
617.,2017-10-29 23:48:34,120.12,99%,Teenage angst has paid off well. Now I'm bored and old. Self...,No win (2 of 2)
616.,2017-10-29 23:47:46,125.44,97%,"I looked at the captain. That terrible avenger, like an arch...",No win (2 of 2)
615.,2017-10-29 23:46:48,133.52,98%,"When Betty and Billy fell asleep, he walked down to the kitc...",No win (2 of 2)
614.,2017-10-29 23:45:33,143.60,99%,We're only making plans for Nigel. He has his future in Brit...,Win (1 of 2)
613.,2017-10-29 23:44:32,122.42,96%,There's sometimes a buggy. How many drivers does a buggy hav...,Win (1 of 2)
612.,2017-10-29 23:43:39,145.83,99%,"The pleasure of remembering had been taken from me, because ...",Win (1 of 2)
611.,2017-10-29 23:42:22,127.21,100%,I've paid my dues time after time. I've done my sentence but...,No win (2 of 2)
610.,2017-10-29 23:41:37,121.16,97%,"There are few people whom I really love, and still fewer of ...",No win (2 of 2)
609.,2017-10-29 23:40:41,130.86,97%,"He started ripping the bark, using his fingernails at first,...",No win (2 of 2)
608.,2017-10-29 23:39:21,111.14,98%,The evidence in the standard history of Qwerty versus Dvorak...,Win (1 of 2)
607.,2017-10-29 23:38:08,141.74,99%,"Right, I am going to tell you how this works. You're going i...",No win (2 of 2)
606.,2017-10-29 23:34:41,95.18,100%,"No matter where you stand on the long path, right now, try v...",No win (2 of 4)
605.,2017-10-29 23:34:17,107.67,98%,William Shakespeare did not exist. His plays were mastermind...,No win (1 of 1)
604.,2017-10-29 23:33:45,139.46,99%,How often do you think about why your friends came into your...,Win (1 of 2)
603.,2017-10-29 23:32:53,133.83,98%,But I really believe that there are more good people on this...,No win (2 of 4)
602.,2017-10-29 23:32:28,115.92,96%,"Using the laser guide, you can steer your rocket past the gu...",Win (1 of 5)
601.,2017-10-29 23:31:27,140.86,99%,The universe is true for us all and dissimilar to each of us...,Win (1 of 5)
600.,2017-10-28 00:39:38,95.45,97%,When is a legend a legend? Why is a myth a myth? How old and...,Win (1 of 5)
599.,2017-10-28 00:38:16,126.09,100%,"In short order, Carter then proceeded to kill any chance he ...",Win (1 of 3)
598.,2017-10-28 00:30:08,116.57,97%,"Last thing I remember, I was running for the door, I had to ...",No win (2 of 2)
597.,2017-10-28 00:29:10,91.23,96%,Quit complaining! This way I don't have to waste money on mo...,No win (2 of 2)
596.,2017-10-28 00:28:10,121.24,98%,"Let's sort the buyers from the spiers, the needy from the gr...",No win (2 of 2)
595.,2017-10-28 00:27:13,105.85,97%,"The Mexican embassy on Washington, DC's Pennsylvania Avenue ...",Win (1 of 2)
594.,2017-10-28 00:26:11,146.93,99%,"Growing to hate decisive moments, the only thing within a br...",Win (1 of 2)
593.,2017-10-28 00:22:56,139.95,98%,The major difference between a thing that might go wrong and...,No win (2 of 2)
592.,2017-10-28 00:22:05,107.79,96%,"He didn't teach you how to win, he taught you how not to los...",No win (2 of 2)
591.,2017-10-28 00:20:34,120.62,99%,"Good afternoon. The Lakitu Bros., here reporting live from j...",Win (1 of 2)
590.,2017-10-26 19:21:11,149.26,99%,"If you think that you are going to love something, give it a...",No win (2 of 3)
589.,2017-10-25 14:36:10,153.36,99%,To think that the affairs of this life always remain in the ...,Win (1 of 4)
588.,2017-10-19 20:31:49,121.42,98%,"Anything that happens, happens. Anything that, in happening,...",No win (1 of 1)
587.,2017-10-19 20:31:07,142.19,100%,You sit around here and you spin your little webs and you th...,Win (1 of 4)
586.,2017-10-19 20:30:20,147.81,100%,"These mist-covered mountains are a home now for me, but my h...",Win (1 of 3)
585.,2017-10-09 16:48:08,120.69,99%,"I can feel the heat closing in, feel them out there making t...",Win (1 of 5)
584.,2017-10-09 16:47:30,144.86,99%,Some people pass through your life and you never think about...,Win (1 of 5)
583.,2017-10-09 16:46:51,126.76,98%,"Demand is related to wants. If goods and services were free,...",Win (1 of 2)
582.,2017-10-09 16:46:06,139.65,98%,It is not at all easy to draw a sharp line between cases whe...,Win (1 of 3)
581.,2017-10-09 16:45:12,136.00,99%,Today I don't feel like doing anything. I just wanna lay in ...,Win (1 of 4)
580.,2017-10-09 16:44:38,124.01,98%,Don't you ever talk about my friends. You don't know any of ...,Win (1 of 5)
579.,2017-10-09 16:43:53,121.03,98%,The explosion would be just the right size to maximize the a...,Win (1 of 5)
578.,2017-10-09 16:43:15,121.63,98%,Braising meats and vegetables means to brown them first in a...,Win (1 of 5)
577.,2017-10-09 16:42:31,118.45,98%,Something just came out of the back of a helicopter. It's a ...,Win (1 of 5)
576.,2017-10-09 16:41:23,146.93,99%,We live in an age when people do more writing than they have...,Win (1 of 5)
575.,2017-10-09 16:40:45,123.33,97%,"They say the past is etched in stone, but it isn't. It's smo...",Win (1 of 4)
574.,2017-10-09 16:39:56,103.87,98%,The Jinmoti of Bozlen Two kill the hereditary ritual assassi...,Win (1 of 3)
573.,2017-10-08 22:34:10,145.22,99%,"Space, the final frontier. These are the voyages of the Star...",Win (1 of 2)
572.,2017-10-03 01:51:20,109.78,98%,"Why study science? Science, more than any other discipline, ...",Win (1 of 2)
571.,2017-09-28 20:04:30,143.38,98%,"And the hardest part was letting go, not taking part was the...",Win (1 of 5)
570.,2017-09-27 01:31:07,122.56,98%,You watched the Gulf War. What did you see day after day? Th...,Win (1 of 2)
569.,2017-09-27 01:30:11,133.94,98%,"I hadn't realized that music could unlock things in you, cou...",Win (1 of 2)
568.,2017-09-27 01:28:30,104.88,97%,I refuse to be a failure. I don't care what you want anymore...,No win (2 of 3)
567.,2017-09-27 01:26:37,144.91,99%,There's a lady who's sure all that glitters is gold and she'...,Win (1 of 3)
566.,2017-09-27 01:23:19,127.30,99%,"The creation ends in South Georgia, at the very edge of the ...",Win (1 of 2)
565.,2017-09-27 01:21:48,130.11,99%,"For thirty years, I've sailed the seas and seen good and bad...",Win (1 of 4)
564.,2017-09-26 11:29:07,134.89,99%,"Of course he has a knife, he always has a knife, we all have...",No win (2 of 5)
563.,2017-09-26 11:28:24,112.66,98%,"Did it matter then, she asked herself, walking towards bond ...",Win (1 of 5)
562.,2017-09-26 11:25:38,122.99,99%,"By that point, entire sectors of my cerebral cortex seemed t...",No win (2 of 5)
561.,2017-09-26 11:24:23,104.03,97%,"Sometimes ideas, like men, jump up and say 'hello'. They int...",Win (1 of 3)
560.,2017-09-26 01:13:56,98.85,95%,"Trudging slowly over wet sand, back to the bench where your ...",Win (1 of 2)
559.,2017-09-26 01:09:28,133.94,98%,I don't even want to talk about it anymore. What were you th...,Win (1 of 3)
558.,2017-09-26 01:07:30,113.90,98%,"Cosby Show and Roseanne, think I've taken 'bout as much as I...",Win (1 of 3)
557.,2017-09-26 01:05:56,101.30,98%,Quality humor doesn't just deliver one gag and then tax the ...,Win (1 of 2)
556.,2017-09-22 16:22:04,99.25,98%,If there is one thing the history of evolution has taught us...,No win (2 of 3)
555.,2017-09-22 16:21:07,140.73,98%,"For centuries, the battle of morality was fought between tho...",Win (1 of 3)
554.,2017-09-22 16:19:58,111.77,98%,"You're right, Mom. I shouldn't let this bother me. I'm in te...",Win (1 of 4)
553.,2017-09-22 16:18:31,125.82,97%,Imagine for a moment if we once again knew these few unremar...,Win (1 of 4)
552.,2017-09-22 16:17:00,132.50,99%,"To be a poet is to have a soul so quick to discern, that no ...",Win (1 of 4)
551.,2017-09-22 16:14:25,126.29,98%,I'll say God seems to have a kind of laid-back management st...,Win (1 of 4)
550.,2017-09-22 16:13:10,132.18,98%,I took a course in art last winter. I learnt the difference ...,Win (1 of 4)
549.,2017-09-22 16:11:26,124.80,99%,Make no mistake about people who leap from burning windows. ...,Win (1 of 3)
548.,2017-09-22 16:09:27,127.94,98%,Out on the road today I saw a Deadhead sticker on a Cadillac...,Win (1 of 4)
547.,2017-09-22 16:08:16,129.27,99%,I kissed her cheek as she turned it to me. I think I would h...,Win (1 of 4)
546.,2017-09-22 16:07:08,103.98,98%,"With your feet on the air and your head on the ground, try t...",Win (1 of 3)
545.,2017-09-22 16:05:38,112.64,98%,"You just couldn't let me go, could you? This is what happens...",Win (1 of 3)
544.,2017-09-22 16:03:58,132.70,99%,"Sir, you have besmirched the good name of Liquid Water, and ...",Win (1 of 3)
543.,2017-09-18 17:43:21,122.21,98%,"Now that I know that I'm breaking to pieces, I'll pull out m...",Win (1 of 3)
542.,2017-09-18 17:42:26,135.14,98%,We've come up with a camera so tiny it fits into this oversi...,Win (1 of 3)
541.,2017-09-18 17:37:50,162.86,100%,"I walk a mile with a smile and I don't know, I don't care wh...",No win (2 of 4)
540.,2017-09-18 17:37:06,137.43,98%,"I cheated on the intelligent test, I'm sorry! But you then m...",Win (1 of 5)
539.,2017-09-18 17:36:23,117.17,97%,"Yeah. Well, if the Flash were my son, I'd tell him a few thi...",Win (1 of 3)
538.,2017-08-27 18:33:15,153.15,99%,"If you think that you are going to love something, give it a...",Win (1 of 5)
537.,2017-08-27 18:32:45,123.29,98%,As the United States assumed greater status as a power in wo...,Win (1 of 2)
536.,2017-08-27 18:32:09,120.32,98%,Aztec rule was based upon a system of tribute and fear over ...,Win (1 of 4)
535.,2017-08-27 18:31:14,115.43,98%,"We're really seeing a great game here. Uh, it almost - uh, S...",No win (2 of 4)
534.,2017-08-27 18:29:06,131.45,100%,The treatment of atoms with more than one electron requires ...,Win (1 of 5)
533.,2017-08-27 18:28:16,120.01,98%,I was looking for myself and asking everyone except myself q...,No win (2 of 2)
532.,2017-08-27 18:27:34,127.91,100%,In the beginning God created the heavens and the earth. The ...,Win (1 of 3)
531.,2017-08-27 18:27:02,125.15,99%,"""Mad Dog Time"" is the first movie I have seen that does not ...",Win (1 of 3)
530.,2017-08-09 23:10:48,127.79,99%,What? A swallow carrying a coconut? It's not a question of w...,Win (1 of 2)
529.,2017-08-09 23:09:38,123.24,97%,The treatment of atoms with more than one electron requires ...,Win (1 of 4)
528.,2017-08-09 23:08:39,114.73,99%,"Benjamin Franklin, tactless in his youth, became so diplomat...",No win (2 of 3)
527.,2017-08-09 22:53:45,131.10,99%,"It was an effect of light: quick sunlight dappling, yellow l...",Win (1 of 3)
526.,2017-08-09 22:52:43,143.46,100%,I want you to be very clear about this: You were fired. I wa...,Win (1 of 3)
525.,2017-08-09 22:49:40,134.35,99%,"I used to think she was quite intelligent, in my stupidity. ...",Win (1 of 5)
524.,2017-08-09 22:48:59,123.11,97%,I was assailed by memories of a life that wasn't mine anymor...,Win (1 of 2)
523.,2017-08-09 04:41:16,123.72,100%,"To be, or not to be: that is the question: whether 'tis nobl...",Win (1 of 3)
522.,2017-08-09 04:40:35,115.45,97%,"Among the Sioux Indians of South Dakota, it is regarded as i...",No win (2 of 2)
521.,2017-08-09 04:39:07,121.16,99%,"From the very beginning - from the first moment, I may almos...",Win (1 of 2)
520.,2017-08-09 04:36:59,126.09,98%,"That's Tommy. He tells people he was named after a gun, but ...",Win (1 of 5)
519.,2017-08-09 04:35:53,109.44,97%,I been slumping all season but now I found a reason. I struc...,Win (1 of 5)
518.,2017-08-09 04:35:09,122.01,98%,"I appreciate your concern, Cortana, but it's not up to me, p...",Win (1 of 2)
517.,2017-08-09 04:34:23,115.03,97%,I got the feeling Poseidon really didn't know what to think ...,Win (1 of 4)
516.,2017-08-09 04:33:41,130.35,99%,There are but two types of men who desire war: those who hav...,Win (1 of 3)
515.,2017-08-09 04:33:00,119.52,98%,We have advantages. We have a cushion to fall back on. This ...,Win (1 of 2)
514.,2017-08-09 04:32:15,120.12,98%,"Now that I know that I'm breaking to pieces, I'll pull out m...",Win (1 of 3)
513.,2017-08-09 04:31:17,137.30,99%,If only all the contradictory voices shouting inside my head...,No win (2 of 2)
512.,2017-08-09 04:30:49,115.70,97%,"I felt despair. The word's overused and banalified now, desp...",No win (3 of 5)
511.,2017-08-09 04:30:09,95.99,97%,"We're knights of the Round Table, we dance whene'er we're ab...",No win (2 of 3)
510.,2017-08-09 04:29:32,126.28,98%,"Formerly, when I would feel a desire to understand someone, ...",No win (2 of 5)
509.,2017-08-09 04:29:03,126.10,98%,"Silence fell between them, as tangible as the dark tree shad...",Win (1 of 5)
508.,2017-08-09 04:28:30,132.73,99%,Once you get into the processed foods you have to be a fairl...,No win (4 of 4)
507.,2017-08-09 04:27:52,135.58,99%,Facts can be thought of as objective or subjective. Things a...,Win (1 of 2)
506.,2017-08-09 04:27:05,121.75,99%,I've a rich understanding of my finest defenses. I proclaim ...,Win (1 of 2)
505.,2017-08-09 04:26:27,126.68,99%,"Padre, these are subtleties! We are not concerned with motiv...",Win (1 of 3)
504.,2017-08-09 04:25:31,136.60,99%,"It's lovely to live on a raft. We had the sky, up there, all...",Win (1 of 4)
503.,2017-08-09 04:24:40,111.93,97%,"Everyone said I was daft to build a castle on a swamp, but I...",No win (2 of 2)
502.,2017-08-09 04:22:02,126.65,97%,A choice tells the world what is most important to a human b...,Win (1 of 4)
501.,2017-08-09 04:21:28,142.55,99%,You don't care about anything except you. You just want to p...,Win (1 of 5)
500.,2017-07-26 19:44:30,122.86,97%,A semitrailer is legally defined as a vehicle designed so th...,Win (1 of 5)
499.,2017-07-26 19:43:50,141.80,98%,"Look, there's only one thing worse than being a loser. It's ...",No win (3 of 5)
498.,2017-07-26 19:43:16,134.72,98%,There are many things we've never done. We've never made our...,Win (1 of 4)
497.,2017-07-26 19:42:35,142.87,100%,One way to combat the horizon effect is to continue search w...,No win (2 of 5)
496.,2017-07-26 19:41:56,144.78,100%,"But no. She shook her head, an imperceptible, forgiving shru...",Win (1 of 4)
495.,2017-07-26 19:41:13,127.58,97%,Higher and higher he climbed. His strength came from somewhe...,No win (2 of 5)
494.,2017-07-26 19:40:31,136.84,99%,"Three or four generations ago, an order of knights protected...",Win (1 of 2)
493.,2017-07-26 19:39:41,123.76,99%,"People say I'm lazy, dreaming my life away. Well they give m...",No win (2 of 3)
492.,2017-07-26 19:38:34,125.84,98%,"My aunt used to live in Paris. I remember, she used to come ...",Win (1 of 3)
491.,2017-07-26 19:37:48,137.30,100%,"Well, it just so happens, this hacienda comes with its very ...",Win (1 of 3)
490.,2017-07-26 19:37:19,114.99,97%,"And let's remember that science isn't a game of chess, altho...",Win (1 of 2)
489.,2017-07-15 01:33:44,121.91,98%,When the shadow of the sash appeared on the curtains it was ...,Win (1 of 3)
488.,2017-07-15 01:31:15,113.22,98%,Creme tangerine and montelimar. A ginger sling with a pineap...,No win (1 of 1)
487.,2017-07-15 01:30:01,109.45,97%,"Does she know what she's getting, Spock? A carcass full of m...",No win (1 of 1)
486.,2017-07-15 01:29:16,136.30,99%,"Intrigued by that enigma, he dug so deeply into her sentimen...",Win (1 of 3)
485.,2017-05-22 00:53:47,126.44,96%,"Both ways set out from the senses and particulars, and rest ...",No win (1 of 1)
484.,2017-05-21 17:37:06,124.72,97%,"After water, protein is the most plentiful substance in our ...",No win (3 of 5)
483.,2017-05-21 06:31:24,143.62,100%,We've learned that the balance of nutrients in cow's milk do...,Win (1 of 2)
482.,2017-05-21 06:30:06,137.46,99%,"There is more to color than a swatch in a book, or a pull do...",Win (1 of 3)
481.,2017-05-21 06:27:44,110.78,92%,"Our story begins, as these stories often do, with a young up...",Win (1 of 3)
480.,2017-05-21 06:25:36,127.19,97%,All music is what awakes from you when you are reminded by t...,Win (1 of 3)
479.,2017-05-21 06:24:09,126.26,94%,I walked awhile among the rocks: the sky was perfectly clear...,Win (1 of 4)
478.,2017-05-21 06:22:52,101.11,84%,"Patience, he thought. So much of this was patience - waiting...",Win (1 of 3)
477.,2017-05-21 06:21:41,96.16,84%,Certainly the determining acts of her life were not ideally ...,Win (1 of 3)
476.,2017-05-21 06:19:59,122.82,98%,We don't need no education. We don't need no thought control...,Win (1 of 5)
475.,2017-05-21 06:18:17,118.49,96%,In 1969 four computers located around the country were in co...,Win (1 of 3)
474.,2017-05-21 06:16:26,115.03,90%,"If you're ever feeling bored and aimless in a shopping mall,...",Win (1 of 4)
473.,2017-05-21 06:14:57,92.12,88%,The third great crucible of African-derived religion in the ...,Win (1 of 2)
472.,2017-05-21 06:13:10,116.02,87%,"Keep off the path, beware of the gate, watch out for signs t...",Win (1 of 3)
471.,2017-05-21 06:12:07,122.12,94%,I will need my spectacles and a clear head. Today I broke my...,Win (1 of 2)
470.,2017-05-21 06:10:48,119.28,93%,The surface temperature of a planet depends on two things: t...,Win (1 of 2)
469.,2017-05-21 06:09:26,94.02,83%,Without some flexibility in our definitions we'll remain for...,Win (1 of 2)
468.,2017-05-21 06:06:11,125.96,98%,I am fundamentally an optimist. Whether that comes from natu...,Win (1 of 2)
467.,2017-05-19 22:28:10,129.98,94%,For we are not as faithful to the being we have most loved a...,Win (1 of 2)
466.,2017-05-19 22:26:27,137.23,98%,"I tensed, waiting for the fury - both his and mine - but it ...",Win (1 of 3)
465.,2017-05-19 22:25:18,109.61,95%,I think you're gonna find - when all this stuff is over and ...,No win (2 of 3)
464.,2017-05-19 22:23:59,132.05,95%,"I never wanted to become someone like him. So secure, conten...",Win (1 of 3)
463.,2017-05-19 22:22:58,115.61,93%,"Did it matter then, she asked herself, walking towards bond ...",Win (1 of 2)
462.,2017-05-19 22:22:01,114.79,94%,Everyone else in the bar had scattered or was still hugging ...,Win (1 of 2)
461.,2017-05-19 17:11:23,137.76,98%,I would wear the blue overalls of the fieldworker and often ...,Win (1 of 3)
460.,2017-05-16 13:17:56,137.37,96%,Do not go gentle into that good night. Old age should burn a...,Win (1 of 3)
459.,2017-04-20 02:36:03,122.52,95%,"You know no one and no one knows you, and at the same time y...",Win (1 of 3)
458.,2017-03-29 23:29:46,126.80,96%,The observed brightness of a Lambertian surface may be writt...,No win (2 of 3)
457.,2017-03-29 23:28:40,150.49,100%,"It's sometimes quite astonishing that a single, average life...",Win (1 of 4)
456.,2017-03-29 23:24:48,135.23,97%,I thought climbing the Devil's Thumb would fix all that was ...,Win (1 of 2)
455.,2017-03-17 19:50:51,144.80,100%,We look not at the things which are what you would call seen...,Win (1 of 3)
454.,2017-03-17 19:50:11,112.60,96%,"Yes, the newspapers were right: snow was general all over Ir...",No win (2 of 3)
453.,2017-03-17 19:48:48,132.44,98%,"And I despise your books, I despise wisdom and the blessings...",Win (1 of 3)
452.,2017-03-12 03:31:42,118.03,96%,Three changes occur while the stacked disk structure equilib...,No win (2 of 3)
451.,2017-03-12 03:30:37,139.61,97%,The place to improve the world is first in one's own heart a...,Win (1 of 4)
450.,2017-03-12 03:29:59,127.79,99%,"Give not thyself up, then, to fire, lest it invert thee, dea...",No win (2 of 2)
449.,2017-03-12 03:29:27,131.51,100%,From compositional considerations the tomato layer would be ...,Win (1 of 2)
448.,2017-02-25 04:37:18,114.97,98%,"An essential characteristic of the superhero mythology is, t...",Win (1 of 4)
447.,2017-02-25 04:36:18,124.83,97%,We were the people who were not in the papers. We lived in t...,Win (1 of 4)
446.,2017-02-25 04:35:44,125.91,99%,"Where I come from, there's a terrible drought. We saw pictur...",Win (1 of 5)
445.,2017-02-25 04:35:20,130.20,100%,Everyone else in the bar had scattered or was still hugging ...,Win (1 of 4)
444.,2017-02-25 04:34:35,150.58,99%,"If you think that you are going to love something, give it a...",Win (1 of 4)
443.,2017-02-25 04:34:07,144.95,100%,"You know when I was your age, I went out to fishing with all...",Win (1 of 4)
442.,2017-02-25 04:33:41,111.71,96%,You're not like the others. I've seen a few; I know. When I ...,No win (3 of 3)
441.,2017-02-25 04:31:16,114.13,96%,"Saturday afternoons are terrible in a boys' school, especial...",Win (1 of 3)
440.,2017-02-25 04:30:21,114.89,97%,We don't need no education. We don't need no thought control...,No win (2 of 3)
439.,2017-01-29 21:38:57,128.45,97%,The supreme question about a work of art is out of how deep ...,Win (1 of 5)
438.,2017-01-29 21:38:13,131.69,97%,You have to accept that sometimes that's how things happen i...,Win (1 of 5)
437.,2017-01-29 21:37:35,119.21,96%,All that year the animals worked like slaves. But they were ...,Win (1 of 5)
436.,2017-01-12 21:21:37,125.13,96%,You found something else. In that cell you found something t...,No win (2 of 4)
435.,2017-01-12 21:20:56,131.44,98%,"So, the gods don't hand out all their gifts at once, not bui...",Win (1 of 5)
434.,2017-01-12 21:19:59,129.63,97%,The theory of music emphasizes the elements from which music...,Win (1 of 3)
433.,2017-01-12 21:15:42,134.18,100%,"In the witch trials, it was nearly impossible to provide com...",No win (2 of 5)
432.,2017-01-11 01:13:21,132.16,98%,"The rest of my attention is back at the offices of Facebook,...",Win (1 of 4)
431.,2017-01-11 01:12:02,112.75,97%,These contests provided ample opportunity to demonstrate the...,Win (1 of 4)
430.,2017-01-11 01:10:23,125.89,96%,The number one challenge I've seen with myself and with othe...,Win (1 of 2)
429.,2017-01-11 01:09:43,123.04,96%,If you're working out in front of a mirror and watching your...,Win (1 of 3)
428.,2017-01-11 01:05:56,118.47,97%,"In short order, Carter then proceeded to kill any chance he ...",Win (1 of 2)
427.,2017-01-11 01:05:08,131.91,98%,"Imagine a vast sheet of paper on which straight Lines, Trian...",Win (1 of 5)
426.,2017-01-11 01:04:24,109.27,95%,"Hope you're feeling better now, hope you got my letter, how ...",No win (2 of 4)
425.,2017-01-11 01:01:10,129.65,96%,"In the town where I was born, lived a man who sailed to sea....",No win (2 of 2)
424.,2017-01-11 01:00:31,134.74,100%,"Get it straight buster - I'm not here to say please, I'm her...",Win (1 of 5)
423.,2017-01-11 00:59:50,125.72,97%,Your faith was strong but you needed proof. You saw her bath...,Win (1 of 5)
422.,2017-01-11 00:59:14,100.11,91%,I denounce because though implicated and partially responsib...,No win (2 of 5)
421.,2017-01-11 00:58:42,98.36,91%,"Listen, strange women lyin' in ponds distributin' swords is ...",Win (1 of 5)
420.,2017-01-11 00:58:03,120.43,95%,Don't make assumptions - find the courage to ask questions a...,Win (1 of 5)
419.,2017-01-11 00:56:52,129.17,96%,"The higher a man stands on the social ladder, the greater th...",Win (1 of 4)
418.,2017-01-11 00:56:17,130.94,99%,When the general is weak and without authority; when his ord...,Win (1 of 4)
417.,2017-01-11 00:55:35,92.40,98%,As a manager you will also be able to control gravity. Sir I...,Win (1 of 5)
416.,2017-01-11 00:53:55,123.32,98%,"A robot may not injure a human being, or, through inaction, ...",No win (2 of 2)
415.,2017-01-11 00:53:07,112.31,95%,As a manager you will also be able to control gravity. Sir I...,Win (1 of 5)
414.,2017-01-10 21:54:33,121.02,98%,"I don't want to sell anything, buy anything, or process anyt...",No win (2 of 5)
413.,2017-01-10 21:53:36,109.12,96%,"As a child, I was aware that, at night, infrared vision woul...",No win (3 of 4)
412.,2017-01-10 21:52:23,128.58,96%,"To evaluate an option from the other side's point of view, c...",Win (1 of 3)
411.,2017-01-10 18:58:50,131.92,96%,"I went to the woods because I wished to live deliberately, t...",No win (2 of 4)
410.,2017-01-10 18:57:03,126.61,95%,The boy had been working for the crystal merchant for almost...,Win (1 of 3)
409.,2017-01-10 18:55:58,134.33,98%,"Yes, it was her he was looking at, and there was meaning in ...",Win (1 of 3)
408.,2017-01-10 18:54:53,130.30,99%,"Not so happy, yet much happier. Thou shalt get kings, though...",Win (1 of 4)
407.,2017-01-10 18:51:34,128.36,95%,For this is what it means to be a king: to be first in every...,Win (1 of 4)
406.,2017-01-10 18:50:38,135.59,97%,"I won't say another word - not one. I know I talk too much, ...",Win (1 of 4)
405.,2017-01-10 18:48:09,123.71,96%,"All life's battles teach us something, even those we lose. W...",No win (2 of 4)
404.,2017-01-10 18:47:25,122.21,96%,Wherever they might be they always remember that the past wa...,No win (2 of 5)
403.,2017-01-10 18:46:49,129.15,99%,"The time I waited seemed endless, and I felt doubts and fear...",Win (1 of 4)
402.,2017-01-10 18:46:10,111.03,96%,If humans one day become extinct from a catastrophic collisi...,Win (1 of 3)
401.,2017-01-10 03:23:12,111.71,89%,Sometimes you concentrate more on racing the cars around you...,No win (2 of 3)
400.,2017-01-10 03:22:14,120.46,96%,"And today, Lady Liberty is under attack from the cable chann...",Win (1 of 2)
399.,2017-01-10 03:21:29,130.90,98%,"It's a blue savanna song: somewhere cross the desert, someti...",Win (1 of 2)
398.,2017-01-10 03:20:55,114.48,89%,"Comfortable, Mullet? It seems sadly ironic that it's that ti...",No win (2 of 3)
397.,2017-01-10 03:20:22,114.33,95%,"Look Dave, I can see you're really upset about this. I hones...",No win (2 of 3)
396.,2017-01-10 03:19:44,106.98,92%,"Translating from one language to another, unless it is from ...",No win (2 of 4)
395.,2017-01-10 03:18:53,140.23,100%,Humans need to practice what they are learning a good deal b...,No win (2 of 4)
394.,2017-01-10 03:15:43,124.88,96%,"This was the most delicious meal he'd had in recent years, a...",No win (2 of 3)
393.,2017-01-10 03:14:38,139.80,100%,What is honor compared to a woman's love? What is duty again...,No win (2 of 5)
392.,2017-01-10 03:14:11,100.74,88%,"When you are typing on a typewriter, your input appears dire...",No win (2 of 3)
391.,2017-01-10 03:13:31,129.59,97%,For it is not enough to have a good mind; the main thing is ...,Win (1 of 3)
390.,2017-01-10 03:12:45,106.36,91%,"Oh, no, sir. I'm sorry, sir. I could never answer to a whist...",Win (1 of 2)
389.,2017-01-10 03:12:03,129.37,95%,"When she returns to the forum page, her post is there. It is...",Win (1 of 2)
388.,2017-01-10 03:11:24,113.71,92%,A giant inverted steel pyramid is perfectly balanced on its ...,No win (2 of 2)
387.,2017-01-10 03:10:30,123.63,94%,There is something about yourself that you don't know. Somet...,Win (1 of 2)
386.,2017-01-10 03:09:43,122.05,94%,We've learned that the balance of nutrients in cow's milk do...,Win (1 of 4)
385.,2017-01-10 03:06:29,123.53,96%,"This planet has, or rather had, a problem, which was this: m...",No win (2 of 3)
384.,2017-01-10 03:05:10,142.96,99%,I hope it is true that a man can die and yet not only live i...,No win (2 of 4)
383.,2017-01-10 03:04:41,95.94,90%,We all have such fateful objects - it may be a recurrent lan...,Win (1 of 3)
382.,2017-01-10 03:04:00,101.61,91%,"If one day I could get out of here, I would allow myself to ...",No win (2 of 3)
381.,2017-01-10 03:03:08,114.30,93%,"A robot may not injure a human being, or, through inaction, ...",No win (3 of 4)
380.,2017-01-10 03:02:14,108.61,93%,All the blue light reflections that color my mind when I sle...,Win (1 of 3)
379.,2017-01-10 03:00:27,109.86,91%,"We are going to die, and that makes us the lucky ones. Most ...",No win (2 of 3)
378.,2017-01-10 02:59:27,116.70,94%,"Her face was sad and lovely with bright things in it, bright...",No win (3 of 5)
377.,2017-01-10 02:58:30,102.97,93%,"And though my journeys did take me to a great many states, a...",No win (2 of 2)
376.,2017-01-10 02:57:26,127.54,97%,"I also thought about my wife, the most important person in m...",No win (3 of 4)
375.,2017-01-10 02:56:42,124.12,97%,"In the moment when I truly understand my enemy, understand h...",Win (1 of 3)
374.,2017-01-09 03:39:45,123.01,97%,"Not so happy, yet much happier. Thou shalt get kings, though...",No win (2 of 4)
373.,2017-01-09 03:39:24,105.29,89%,Droll thing life is - that mysterious arrangement of mercile...,No win (2 of 3)
372.,2017-01-09 03:38:46,104.48,93%,Do you know what they call a Quarter-pounder with cheese in ...,No win (2 of 3)
371.,2017-01-09 03:38:12,121.97,94%,The man who pulls the lever that breaks your neck will be a ...,No win (2 of 2)
370.,2017-01-09 03:37:37,116.11,97%,Lucid but wholly false recollections can easily be induced b...,No win (2 of 2)
369.,2017-01-09 03:37:01,105.22,93%,"It's sometimes quite astonishing that a single, average life...",No win (2 of 3)
368.,2017-01-09 03:36:25,102.67,89%,There are two places on Earth that serve as canaries in the ...,No win (3 of 3)
367.,2017-01-09 03:34:56,113.68,94%,Topology is generally considered to be one of the three linc...,No win (3 of 3)
366.,2017-01-09 03:33:39,108.95,94%,The only message I got was from the company that holds my st...,Win (1 of 5)
365.,2017-01-09 03:32:44,136.02,98%,I can already hear your tune calling me across the room. Whe...,Win (1 of 5)
364.,2017-01-09 03:31:53,96.73,85%,There is something about yourself that you don't know. Somet...,Win (1 of 4)
363.,2017-01-09 03:31:04,100.77,92%,"By that point, entire sectors of my cerebral cortex seemed t...",No win (2 of 3)
362.,2017-01-09 03:30:31,123.44,95%,"He spoke and rose to full height, sword in air, then cleft t...",Win (1 of 5)
361.,2017-01-09 03:29:47,113.40,95%,"Excellent. He's enterprising, aggressive, outgoing, young, b...",Win (1 of 3)
360.,2017-01-09 03:29:07,115.46,95%,Language is one of the keys to being human. It allows us to ...,No win (2 of 3)
359.,2017-01-09 03:28:25,110.87,93%,"He guessed as well as he could, and crawled along for a good...",No win (2 of 3)
358.,2017-01-09 03:27:32,116.07,96%,My entire life had been on a predictable trajectory dominate...,Win (1 of 3)
357.,2017-01-09 03:26:42,111.55,93%,"That day, for no particular reason, I decided to go for a li...",Win (1 of 4)
356.,2017-01-09 03:25:12,115.11,94%,The feeling of having no power over people and events is gen...,Win (1 of 3)
355.,2017-01-09 03:24:16,112.21,99%,I was having this awful nightmare that I was 32. And then I ...,Win (1 of 3)
354.,2017-01-09 03:23:42,135.99,97%,"From the very beginning - from the first moment, I may almos...",Win (1 of 4)
353.,2017-01-09 03:22:42,114.59,93%,"From the very beginning - from the first moment, I may almos...",Win (1 of 2)
352.,2017-01-09 03:21:35,112.36,94%,"So, the gods don't hand out all their gifts at once, not bui...",No win (2 of 4)
351.,2017-01-09 03:20:45,108.05,95%,"In short order, Carter then proceeded to kill any chance he ...",Win (1 of 4)
350.,2017-01-09 03:19:44,100.17,88%,We were the people who were not in the papers. We lived in t...,No win (2 of 4)
349.,2017-01-09 03:18:53,142.28,98%,The time has come for man to set himself a goal. The time ha...,Win (1 of 3)
348.,2017-01-09 03:17:50,105.03,92%,Now the scandal and the light are to be distributed differen...,No win (2 of 2)
347.,2016-12-21 21:10:14,119.00,92%,"Ticking away the moments that make up a dull day, you fritte...",Win (1 of 3)
346.,2016-12-21 21:09:32,129.73,95%,"One day you're in a funk about things, telling a friend that...",Win (1 of 4)
345.,2016-12-21 21:08:35,99.29,90%,Ideology: the process of making ideas. The work was generall...,No win (3 of 4)
344.,2016-12-21 21:06:33,123.18,96%,"No man is an island, entire of itself; every man is a piece ...",Win (1 of 3)
343.,2016-12-21 21:05:44,107.45,90%,It's the possibility of having a dream come true that makes ...,No win (3 of 5)
342.,2016-12-21 20:57:59,128.74,97%,In the beginning there was only a small amount of injustice ...,Win (1 of 2)
341.,2016-12-17 23:39:22,124.94,98%,"A little boy went out to play. When he opened his door, he s...",Win (1 of 4)
340.,2016-12-17 23:36:53,128.05,98%,"That day, for no particular reason, I decided to go for a li...",Win (1 of 3)
339.,2016-12-17 23:36:01,140.51,97%,"As if that blind rage had washed me clean, rid me of hope; f...",Win (1 of 5)
338.,2016-12-17 23:32:01,119.71,96%,"I was shaking like a leaf, so without thinking I lit up a ci...",Win (1 of 4)
337.,2016-12-17 23:31:15,119.44,93%,What good are prayers and shrines to a person mad with love?...,Win (1 of 5)
336.,2016-12-17 23:30:48,120.78,95%,"Out of my thoughts! You are part of my existence, part of my...",Win (1 of 3)
335.,2016-12-17 23:29:44,147.50,100%,Be impeccable with your word - speak with integrity. Say onl...,Win (1 of 5)
334.,2016-12-17 23:29:03,135.10,98%,"If you really want to hear about it, the first thing you'll ...",Win (1 of 3)
333.,2016-12-17 23:28:21,140.71,99%,For this is what it means to be a king: to be first in every...,Win (1 of 5)
332.,2016-12-17 23:27:50,125.37,98%,I watched a bear once. His leg was in a steel trap. It chewe...,Win (1 of 3)
331.,2016-12-17 23:25:17,122.17,96%,There are infinite numbers between 0 and 1. There's .1 and ....,Win (1 of 2)
330.,2016-12-17 23:24:31,144.01,99%,"May your hands always be busy, may your feet always be swift...",Win (1 of 4)
329.,2016-12-17 23:23:53,151.73,99%,There's a piece of Maria in every song that I sing. And the ...,Win (1 of 4)
328.,2016-12-17 23:23:05,142.24,100%,Images of broken light which dance before me like a million ...,Win (1 of 4)
327.,2016-12-17 23:22:06,120.63,95%,"I had a dream. There was our world, and the world was dark b...",Win (1 of 3)
326.,2016-12-17 23:21:19,126.50,100%,The Inca believed that if one did not give thanks and obedie...,Win (1 of 3)
325.,2016-12-17 23:19:01,115.49,97%,"I had neither kith nor kin in England, and was therefore as ...",No win (3 of 4)
324.,2016-12-17 23:17:07,125.88,98%,We've learned that the balance of nutrients in cow's milk do...,No win (1 of 1)
323.,2016-10-19 18:41:41,123.18,97%,It takes more than a calorie of fossil fuel energy to produc...,Win (1 of 4)
322.,2016-10-05 02:59:29,155.46,99%,The day is made up of 24 hours and an infinite number of mom...,Win (1 of 5)
321.,2016-10-05 02:59:01,135.96,97%,"What really knocks me out is a book that, when you're all do...",Win (1 of 3)
320.,2016-10-05 02:58:29,110.08,92%,Facts can be thought of as objective or subjective. Things a...,Win (1 of 5)
319.,2016-10-05 02:57:45,126.65,96%,"I've seen it watching me, that misty thing without a face. I...",Win (1 of 4)
318.,2016-10-05 02:57:13,140.88,98%,And I will strike down upon thee with great vengeance and fu...,Win (1 of 3)
317.,2016-10-05 02:56:45,119.68,95%,Chance and chance alone has a message for us. Everything tha...,No win (2 of 3)
316.,2016-10-05 02:55:55,129.81,97%,A giant inverted steel pyramid is perfectly balanced on its ...,Win (1 of 4)
315.,2016-10-05 02:54:52,127.21,95%,Don't take anything personally - nothing others do is becaus...,Win (1 of 3)
314.,2016-10-05 02:54:08,125.05,96%,"The terminator wouldn't stop, it would never leave him. It w...",Win (1 of 2)
313.,2016-10-05 02:53:18,119.78,94%,"May your hands always be busy, may your feet always be swift...",No win (3 of 4)
312.,2016-10-05 02:52:37,144.14,100%,The quick brown fox jumps over the lazy dog.,Win (1 of 4)
311.,2016-10-05 02:52:26,112.87,94%,We're no strangers to love. You know the rules and so do I. ...,Win (1 of 3)
310.,2016-10-05 02:51:54,137.14,100%,"Throughout my academic career, I'd given some pretty good ta...",Win (1 of 3)
309.,2016-10-05 02:51:12,124.29,96%,The theory of music emphasizes the elements from which music...,Win (1 of 5)
308.,2016-10-05 02:50:28,105.81,93%,"At a peace rally in Philadelphia in 1966, a reporter asked m...",Win (1 of 3)
307.,2016-10-05 02:46:36,126.42,93%,Your faith was strong but you needed proof. You saw her bath...,No win (2 of 5)
306.,2016-10-05 02:45:52,112.45,100%,"It was too big to be called a sword. Massive, thick, heavy, ...",No win (2 of 4)
305.,2016-10-05 02:44:16,114.19,95%,I've always wondered about this coat business. When I'm in a...,Win (1 of 3)
304.,2016-10-05 02:43:31,116.16,93%,A glooming peace this morning with it brings. The sun for so...,Win (1 of 2)
303.,2016-10-05 02:42:37,106.35,89%,I used to dread getting older because I thought I would not ...,Win (1 of 4)
302.,2016-10-05 02:41:14,138.84,97%,Chance and chance alone has a message for us. Everything tha...,Win (1 of 3)
301.,2016-10-05 02:38:59,125.68,95%,I don't believe in painted roses or bleeding hearts while bu...,No win (2 of 5)
300.,2016-10-05 02:38:26,98.53,93%,"If no one is around you, say I love you if you ain't runnin'...",No win (2 of 3)
299.,2016-10-05 02:37:38,120.27,97%,"Get it straight buster - I'm not here to say please, I'm her...",No win (2 of 4)
298.,2016-10-05 02:36:57,105.98,94%,"Historian James C. Cobb has described southern identity as ""...",Win (1 of 3)
297.,2016-10-05 02:36:08,110.84,93%,Mac knew the score even if Aunt Ella didn't. Shot through th...,No win (3 of 3)
296.,2016-10-05 02:35:04,111.87,92%,"When I really worry about something, I don't just fool aroun...",Win (1 of 3)
295.,2016-10-05 02:34:17,106.92,91%,"To some, the rules of etiquette may seem outdated, stuffy an...",Win (1 of 2)
294.,2016-10-04 03:55:44,125.81,98%,To an outsider's ear it sounds absurdly wild and ridiculous ...,No win (2 of 3)
293.,2016-10-04 03:54:57,115.76,92%,The beginner writes just twenty pieces. The professional wri...,Win (1 of 2)
292.,2016-10-04 03:53:41,129.87,98%,"To be fair, English is full of booby traps for the unwary fo...",Win (1 of 2)
291.,2016-10-04 03:51:57,117.34,93%,I can and do say that nothing human beings have ever before ...,Win (1 of 4)
290.,2016-10-04 03:51:04,123.13,96%,"If someone gives you an opinion and says, ""Hey, you look so ...",Win (1 of 3)
289.,2016-10-04 03:48:52,116.89,94%,"Ultimately, this is not about solving your problems. It's ab...",No win (2 of 4)
288.,2016-10-04 03:48:11,115.17,95%,We all know people who are very bright but who do not always...,Win (1 of 4)
287.,2016-10-04 03:47:23,119.10,94%,So what's in this for you? Should you rush out in search of ...,No win (2 of 4)
286.,2016-10-04 03:45:58,112.13,96%,"We turn away to face the cold, enduring chill, as the day be...",No win (2 of 3)
285.,2016-10-04 03:45:14,122.29,97%,"With age comes insecurity, embarrassment, and tragedy, incre...",Win (1 of 2)
284.,2016-10-04 03:39:15,118.17,95%,There comes a point when you just love someone. Not because ...,Win (1 of 5)
283.,2016-10-04 03:38:16,124.31,100%,"He's got a two day head start on you, which is more than he ...",Win (1 of 2)
282.,2016-10-04 03:37:29,107.81,95%,Most popular song lyrics have two sections - a verse and a b...,Win (1 of 4)
281.,2016-08-25 16:56:40,129.12,97%,"Whether they use the title or not, many lyrics have evocativ...",No win (2 of 3)
280.,2016-08-25 16:56:09,119.60,95%,Do not go gentle into that good night. Old age should burn a...,Win (1 of 3)
279.,2016-08-08 14:53:26,126.71,97%,"People get ready, there's a train coming. You don't need no ...",No win (2 of 4)
278.,2016-08-08 14:51:49,133.11,99%,A freedom fighter learns the hard way that it is the oppress...,Win (1 of 5)
277.,2016-08-08 14:51:12,132.89,98%,"Combat for a naval aviator is fought in short, violent burst...",No win (2 of 5)
276.,2016-08-08 14:50:28,120.99,95%,Humans need to practice what they are learning a good deal b...,Win (1 of 2)
275.,2016-08-08 14:49:43,130.62,98%,"Samatha is a state in which the mind is brought to rest, foc...",Win (1 of 4)
274.,2016-08-08 14:47:27,118.31,95%,I don't know why he saved my life. Maybe in those last momen...,No win (2 of 4)
273.,2016-08-08 14:46:18,117.61,94%,But if in efficient causes it is possible to go on to infini...,Win (1 of 3)
272.,2016-08-08 14:45:37,113.85,92%,"Baby, ever wondered why I could make you laugh and cry? Ecli...",Win (1 of 3)
271.,2016-08-08 14:43:56,130.57,97%,Paranoia is a survival trait when you run in my circles. It ...,Win (1 of 5)
270.,2016-08-08 14:43:21,112.79,93%,Vigorous writing is concise. A sentence should contain no un...,No win (3 of 3)
269.,2016-08-08 14:42:29,112.34,95%,"Let's sort the buyers from the spiers, the needy from the gr...",No win (2 of 4)
268.,2016-08-08 14:41:37,109.64,95%,Danger is a topic you're often asked about as a sprinter. Th...,No win (2 of 3)
267.,2016-08-08 14:40:33,119.15,94%,He rode past me and kept on goin'. Never said nothin' goin' ...,No win (2 of 3)
266.,2016-08-08 14:39:19,128.58,98%,"I rejected those answers; instead, I chose something differe...",Win (1 of 5)
265.,2016-08-08 14:38:37,112.82,94%,The odds are that you will generally meet the worst of them....,No win (2 of 4)
264.,2016-08-08 14:37:53,112.19,96%,"Look, you should admit to yourself that Microsoft will miss ...",Win (1 of 5)
263.,2016-08-08 14:37:19,121.57,97%,There are two places on Earth that serve as canaries in the ...,Win (1 of 3)
262.,2016-08-08 14:36:32,111.57,93%,Everything we hold dear likewise resolves into its original ...,Win (1 of 3)
261.,2016-08-08 14:35:30,124.61,95%,"I went to the woods because I wished to live deliberately, t...",Win (1 of 3)
260.,2016-08-03 01:01:25,131.30,97%,Humans need to practice what they are learning a good deal b...,Win (1 of 3)
259.,2016-07-18 19:14:30,103.46,93%,Parisian French is different from Provincial French and Germ...,No win (2 of 3)
258.,2016-07-18 19:13:52,123.59,94%,The example of painting can teach us not only how to manage ...,No win (3 of 5)
257.,2016-07-18 19:13:21,105.31,95%,"In the English language, swearing is essential to effective ...",Win (1 of 3)
256.,2016-07-18 19:12:35,132.18,96%,One essential rule: make sure the joke is the last possible ...,Win (1 of 3)
255.,2016-07-18 19:11:16,119.42,99%,"Pulp: 1. A soft, moist, shapeless mass or matter. 2. A magaz...",Win (1 of 4)
254.,2016-07-18 19:10:48,122.64,96%,Corn is what feeds the steer that becomes the steak. Corn fe...,Win (1 of 2)
253.,2016-07-18 19:08:58,94.42,90%,"Whether you're a student, secretary, office administrator, m...",Win (1 of 2)
252.,2016-07-18 19:07:44,110.21,90%,"A computer needs a manager to administer its operations, jus...",No win (3 of 3)
251.,2016-07-18 19:06:55,133.79,97%,I remember when we used to sit in the government yard in Tre...,No win (2 of 2)
250.,2016-07-18 19:06:16,103.89,90%,But if in efficient causes it is possible to go on to infini...,No win (2 of 3)
249.,2016-07-18 19:05:10,124.51,96%,"May your hands always be busy, may your feet always be swift...",Win (1 of 5)
248.,2016-07-15 03:37:58,96.16,91%,The theory of music emphasizes the elements from which music...,Win (1 of 2)
247.,2016-07-15 03:36:56,91.46,90%,So my heart goes out to them. Figuratively. I would never ac...,Win (1 of 3)
246.,2016-07-09 04:03:50,145.50,100%,Good games offer players a set of challenging problems and t...,Win (1 of 3)
245.,2016-07-09 04:02:48,130.22,97%,"In the moment when I truly understand my enemy, understand h...",No win (2 of 4)
244.,2016-07-09 03:58:59,130.48,99%,"Ever since I was a child, folks have thought they had me peg...",Win (1 of 5)
243.,2016-07-09 03:56:52,128.77,96%,Sometimes you concentrate more on racing the cars around you...,Win (1 of 5)
242.,2016-07-09 03:52:54,132.25,96%,"When we conceive of the sweetest being ever, we are conceivi...",No win (2 of 3)
241.,2016-07-09 03:45:23,131.08,97%,Let's face it: there are tons of things in your home and lif...,Win (1 of 5)
240.,2016-07-09 03:42:44,104.85,89%,Yet the web of thought has no such creases and is more like ...,Win (1 of 3)
239.,2016-07-09 03:40:09,100.97,90%,Few smart kids can spare the attention that popularity requi...,Win (1 of 2)
238.,2016-07-09 03:34:56,111.40,93%,"Has it been five years? Six? It seems like a lifetime, the k...",No win (2 of 4)
237.,2016-04-05 22:58:34,128.01,98%,So it's all come back round to breaking apart again. Breakin...,No win (2 of 2)
236.,2016-04-05 22:57:54,131.40,100%,With the coming of Dean Moriarty began the part of my life y...,Win (1 of 2)
235.,2016-04-05 22:57:05,124.16,95%,San Francisco in the middle sixties was a very special time ...,No win (2 of 2)
234.,2016-04-05 22:55:44,116.67,96%,"The milk and cheese and yogurt, which once came from dairy c...",No win (2 of 2)
233.,2016-04-05 22:54:55,96.12,96%,"With forty-six Chinese, fourteen Japanese, eighteen Mexican,...",Win (1 of 2)
232.,2016-01-25 03:39:01,110.42,93%,Is it really necessary to send that email? The more emails y...,Win (1 of 3)
231.,2016-01-25 03:35:34,109.99,96%,"Ever since I was a child, folks have thought they had me peg...",Win (1 of 5)
230.,2016-01-25 03:33:40,133.36,99%,Sometimes you concentrate more on racing the cars around you...,No win (2 of 4)
229.,2015-08-15 21:08:59,136.85,98%,You've got a way to keep me on your side. You give me cause ...,Win (1 of 3)
228.,2015-08-08 23:13:17,123.86,98%,I'd just like to point out that you were given every opportu...,Win (1 of 3)
227.,2015-08-05 13:36:45,127.12,99%,A few light taps upon the pane made him turn to the window. ...,Win (1 of 3)
226.,2015-08-05 13:34:14,115.25,95%,"Often, we assume that a familiar situation will be but a rep...",Win (1 of 4)
225.,2015-08-05 13:17:02,109.79,98%,Do you know what they call a Quarter-pounder with cheese in ...,Win (1 of 3)
224.,2015-07-27 16:06:36,127.91,95%,You have two choices: you can keep running and hiding and bl...,Win (1 of 4)
223.,2015-07-26 13:07:34,115.74,96%,It's really hard to do nothing totally. Even just sitting he...,Win (1 of 5)
222.,2015-07-26 13:07:02,118.14,91%,Although the United Nations does not have the power to enfor...,Win (1 of 4)
221.,2015-07-26 13:06:22,131.92,97%,I hope it is true that a man can die and yet not only live i...,Win (1 of 2)
220.,2015-07-26 13:01:34,123.95,97%,The shearers' hut had bark walls and a tin roof. The floors ...,Win (1 of 4)
219.,2015-07-17 01:31:11,122.66,98%,"It's a funny thing, but people mostly have it backward. They...",No win (2 of 4)
218.,2015-07-11 14:39:16,104.75,95%,"You cannot pass! I am a servant of the Secret Fire, wielder ...",Win (1 of 3)
217.,2015-07-11 14:38:49,114.77,97%,"At 211 degrees, water is hot. At 212 degrees, it boils. And ...",No win (2 of 3)
216.,2015-07-11 14:36:20,107.95,95%,The example of painting can teach us not only how to manage ...,Win (1 of 2)
215.,2015-07-11 14:35:11,139.95,99%,I used to dread getting older because I thought I would not ...,Win (1 of 4)
214.,2015-07-11 14:33:37,130.11,100%,"Around midafternoon, the snow thinned into sleet, and some u...",Win (1 of 3)
213.,2015-07-11 14:31:42,131.45,99%,"Imagine a vast sheet of paper on which straight Lines, Trian...",No win (2 of 2)
212.,2015-07-11 14:30:48,124.84,98%,One essential rule: make sure the joke is the last possible ...,No win (2 of 5)
211.,2015-07-11 14:30:11,124.35,96%,We've known each other for many years but this is the first ...,Win (1 of 3)
210.,2015-07-11 14:24:47,136.97,99%,"They say, ""Find a purpose in your life and live it."" But, so...",Win (1 of 3)
209.,2015-07-11 14:24:13,129.45,97%,"Despair comes slowly, crawling its way up inside you until i...",Win (1 of 2)
208.,2015-07-11 14:23:15,140.39,100%,She's got eyes of the bluest skies as if they thought of rai...,No win (2 of 5)
207.,2015-07-11 14:22:09,127.69,99%,"It turned out that the sweet-talking, tattoo-sporting pikey ...",Win (1 of 2)
206.,2015-07-11 14:21:13,128.66,97%,"But it is important to know this, to know your roots. To kno...",No win (2 of 5)
205.,2015-07-07 12:05:35,123.24,96%,"Keying text quickly is important, but it is more important t...",Win (1 of 4)
204.,2015-07-07 12:04:07,128.86,100%,We all know people who are very bright but who do not always...,Win (1 of 4)
203.,2015-07-07 12:02:38,130.22,97%,"After others have talked about themselves, a point will be r...",Win (1 of 2)
202.,2015-07-07 12:02:10,124.32,99%,Sholes consulted with an educator who helped him analyze the...,Win (1 of 4)
201.,2015-07-07 12:00:55,122.87,98%,Being able to quit things that don't work is integral to bei...,Win (1 of 3)
200.,2015-07-07 12:00:19,122.61,97%,Any finite number divided by infinity is as near to nothing ...,Win (1 of 4)
199.,2015-07-07 11:59:33,123.10,96%,There are but two types of men who desire war: those who hav...,Win (1 of 4)
198.,2015-07-07 11:58:35,116.65,97%,I had the impression of being abandoned by everyone when the...,Win (1 of 2)
197.,2015-07-07 11:57:35,132.98,99%,You have two choices: you can keep running and hiding and bl...,Win (1 of 5)
196.,2015-07-07 11:55:55,117.99,98%,So what's in this for you? Should you rush out in search of ...,Win (1 of 4)
195.,2015-07-07 11:55:11,111.86,95%,Now I want you to think and stop being a smart aleck. A man'...,Win (1 of 2)
194.,2015-07-07 11:54:28,133.38,100%,"In fact, the mere act of opening the box will determine the ...",Win (1 of 4)
193.,2015-07-07 11:53:38,112.04,98%,"The less you do with the controls, the less chance of error....",Win (1 of 4)
192.,2015-07-07 11:52:50,124.98,99%,Since every piece of matter in the Universe is in some way a...,Win (1 of 4)
191.,2015-07-03 13:03:28,132.09,99%,"There is no pain, you are receding. A distant ship smoke on ...",Win (1 of 4)
190.,2015-06-26 01:43:40,114.97,97%,It is possible that I already had some presentiment of my fu...,Win (1 of 3)
189.,2015-06-26 01:42:59,131.97,98%,It is by will alone I set my mind in motion. It is by the ju...,Win (1 of 5)
188.,2015-06-26 01:42:32,101.72,93%,"I went to the woods because I wished to live deliberately, t...",Win (1 of 4)
187.,2015-06-26 01:41:56,93.53,91%,"I know a bloke who knows a bloke who knows a bloke. Now, I k...",Win (1 of 4)
186.,2015-06-26 01:40:40,113.10,97%,The invention of the wheel represented a major turning point...,Win (1 of 5)
185.,2015-06-26 01:39:58,110.17,91%,"And in the world a heart of darkness, a firezone, where poet...",No win (3 of 4)
184.,2015-06-26 01:38:54,113.00,98%,We often believe the more we practice a skill or technique -...,Win (1 of 2)
183.,2015-06-26 01:37:25,122.33,97%,The unknown future rolls toward us. I face it for the first ...,Win (1 of 3)
182.,2015-06-26 01:36:49,123.54,98%,How many roads must a man walk down before you call him a ma...,Win (1 of 5)
181.,2015-06-26 01:36:06,106.26,96%,"We turn away to face the cold, enduring chill, as the day be...",Win (1 of 3)
180.,2015-06-26 01:35:16,111.70,96%,I know that you weren't bored that day because there was a l...,Win (1 of 2)
179.,2015-06-25 02:32:22,108.45,100%,"Anyway, like I was saying, shrimp is the fruit of the sea. Y...",No win (2 of 4)
178.,2015-06-22 14:13:12,135.11,100%,The example of painting can teach us not only how to manage ...,Win (1 of 3)
177.,2015-06-22 14:12:37,124.41,97%,At first they had tried to keep the finding quiet. After all...,Win (1 of 5)
176.,2015-06-22 14:11:50,117.74,96%,"I was hugely impressed. Kirk, I mean Shatner, was the ultima...",Win (1 of 5)
175.,2015-06-22 14:11:14,111.53,96%,"Living men are bound by time... Thus, their lives have an ur...",Win (1 of 4)
174.,2015-06-20 04:17:01,123.14,96%,I have quit three jobs and been fired from all the rest. Get...,No win (3 of 3)
173.,2015-06-20 04:15:18,117.38,98%,"Historian James C. Cobb has described southern identity as ""...",Win (1 of 5)
172.,2015-06-20 04:10:53,125.53,97%,You have to wonder: how do the machines know what Tasty Whea...,Win (1 of 3)
171.,2015-06-20 04:09:44,130.06,99%,I don't believe in painted roses or bleeding hearts while bu...,Win (1 of 3)
170.,2015-06-07 01:26:28,127.29,97%,The ultimate way to compose is to be able to keyboard as fas...,No win (2 of 4)
169.,2015-06-07 01:10:37,134.70,98%,"I hope that whoever you are, you escape this place. I hope t...",Win (1 of 5)
168.,2015-06-07 01:09:39,106.91,94%,We don't read and write poetry because it's cute. We read an...,No win (3 of 3)
167.,2015-06-07 01:08:48,116.45,95%,"I rejected those answers; instead, I chose something differe...",No win (2 of 5)
166.,2015-06-07 01:07:04,141.85,98%,I used to dread getting older because I thought I would not ...,Win (1 of 3)
165.,2015-06-07 01:06:16,138.95,99%,"Hanging by threads of palest silver, I could have stayed tha...",Win (1 of 3)
164.,2015-06-07 01:05:35,115.79,97%,"I was shaking like a leaf, so without thinking I lit up a ci...",Win (1 of 3)
163.,2015-06-07 01:04:29,120.35,97%,"Right, I am going to tell you how this works. You're going i...",Win (1 of 4)
162.,2015-06-05 02:12:31,120.42,98%,"I never wanted to become someone like him. So secure, conten...",Win (1 of 3)
161.,2015-06-05 02:10:57,133.45,99%,The day is made up of 24 hours and an infinite number of mom...,Win (1 of 5)
160.,2015-06-05 02:09:53,131.06,99%,God help the man who ever really loves you. You'd break his ...,Win (1 of 5)
159.,2015-06-05 02:09:14,120.14,97%,It was one of those days when it's a minute away from snowin...,Win (1 of 4)
158.,2015-06-05 02:08:09,115.88,96%,"I had a dream. There was our world, and the world was dark b...",No win (3 of 5)
157.,2015-06-05 02:07:01,117.96,96%,"Tim and the Princess lounge in the castle garden, laughing t...",No win (3 of 5)
156.,2015-06-01 14:00:35,120.16,97%,The basic concept is simple: a satellite in geosynchronous o...,Win (1 of 2)
155.,2015-06-01 13:59:16,101.52,94%,It doesn't mean much to be able to filter out most present-d...,No win (2 of 4)
154.,2015-06-01 13:57:39,108.59,94%,When beetles fight these battles in a bottle with their padd...,Win (1 of 5)
153.,2015-06-01 13:57:01,119.77,98%,"When we pulled out into the winter night and the real snow, ...",No win (2 of 5)
152.,2015-06-01 13:56:03,121.75,96%,There is something about yourself that you don't know. Somet...,Win (1 of 3)
151.,2015-06-01 13:55:20,108.52,94%,To an outsider's ear it sounds absurdly wild and ridiculous ...,No win (2 of 4)
150.,2015-06-01 13:54:40,123.12,97%,Yet the web of thought has no such creases and is more like ...,Win (1 of 5)
149.,2015-06-01 13:52:52,140.80,99%,"And you know it's time to go, through the sleet and driving ...",Win (1 of 5)
148.,2015-06-01 13:52:18,116.19,96%,Many rivers to cross but I can't seem to find my way over. W...,Win (1 of 3)
147.,2015-06-01 13:51:32,132.03,100%,Music finds a comfortable parallel with that of human langua...,Win (1 of 2)
146.,2015-06-01 13:51:03,108.01,95%,Don't make assumptions - find the courage to ask questions a...,No win (2 of 3)
145.,2015-06-01 13:50:01,121.55,98%,"If you are given too many choices, if you are forced to cons...",Win (1 of 4)
144.,2015-06-01 13:49:09,114.11,97%,"Historically, most wines contained less than 14 percent alco...",Win (1 of 4)
143.,2015-05-30 19:13:27,107.82,96%,"May your hands always be busy, may your feet always be swift...",No win (2 of 3)
142.,2015-05-30 19:12:22,123.61,99%,"If you think that you are going to love something, give it a...",No win (3 of 4)
141.,2015-05-28 23:48:25,107.03,96%,I don't know why he saved my life. Maybe in those last momen...,No win (2 of 3)
140.,2015-05-23 17:09:33,120.86,98%,"Keying text quickly is important, but it is more important t...",Win (1 of 3)
139.,2015-05-23 17:08:50,130.13,99%,"I went to the woods because I wished to live deliberately, t...",Win (1 of 4)
138.,2015-05-23 17:08:13,122.22,97%,We live in an age when people do more writing than they have...,Win (1 of 2)
137.,2015-05-23 17:07:01,136.14,100%,Good games offer players a set of challenging problems and t...,Win (1 of 3)
136.,2015-05-23 17:06:34,116.20,97%,Let me tell you why you're here. You're here because you kno...,No win (2 of 4)
135.,2015-05-23 17:05:41,111.68,96%,"I often see racers, particularly at the back of the pack in ...",Win (1 of 3)
134.,2015-05-23 17:04:23,122.23,97%,Any finite number divided by infinity is as near to nothing ...,No win (2 of 3)
133.,2015-05-23 17:03:43,112.86,94%,It was hard to toss things I had once thought were valuable ...,No win (2 of 3)
132.,2015-05-23 17:02:38,118.58,99%,The basic concept is simple: a satellite in geosynchronous o...,Win (1 of 2)
131.,2015-05-23 17:01:49,116.60,96%,When beetles fight these battles in a bottle with their padd...,Win (1 of 3)
130.,2015-05-23 17:01:14,105.46,94%,Even the best-designed chair won't make up for bad posture. ...,Win (1 of 5)
129.,2015-05-23 16:59:57,114.10,98%,The only message I got was from the company that holds my st...,Win (1 of 5)
128.,2015-05-23 16:59:01,123.09,97%,"They knew they were privileged to have these choices, but th...",Win (1 of 4)
127.,2015-05-23 16:58:11,101.87,95%,"When I was a kid, you never saw radicchio in the produce sec...",No win (2 of 5)
126.,2015-05-23 16:57:20,118.59,98%,It is by will alone I set my mind in motion. It is by the ju...,Win (1 of 3)
125.,2015-05-23 16:56:44,126.75,99%,I think you're gonna find - when all this stuff is over and ...,Win (1 of 3)
124.,2015-05-23 16:55:55,104.97,96%,I don't believe in painted roses or bleeding hearts while bu...,No win (2 of 3)
123.,2015-05-23 16:55:05,109.58,96%,"There is no pain, you are receding. A distant ship smoke on ...",Win (1 of 2)
122.,2015-05-19 02:56:36,109.86,96%,"I can feel the heat closing in, feel them out there making t...",Win (1 of 5)
121.,2015-05-19 02:55:49,95.66,95%,"She looked terrific. I said to myself, ""Maybe she's going to...",Win (1 of 2)
120.,2015-05-19 02:54:01,108.13,95%,"You found paradise in America. You had a good trade, made a ...",No win (2 of 4)
119.,2015-05-19 02:52:52,124.34,97%,He had spent enormous amounts of time at the great libraries...,Win (1 of 3)
118.,2015-05-19 02:49:59,115.62,99%,"It's a blue savanna song: somewhere cross the desert, someti...",No win (3 of 4)
117.,2015-05-19 02:47:34,129.75,99%,"And though my journeys did take me to a great many states, a...",Win (1 of 4)
116.,2015-05-17 01:59:09,111.93,98%,"Finally, there are those languages, such as Turkish, Finnish...",Win (1 of 3)
115.,2015-05-17 01:56:15,129.53,98%,Although his voice was also broken by uncertainty and his ha...,Win (1 of 3)
114.,2015-05-17 01:55:17,122.16,100%,I was having this awful nightmare that I was 32. And then I ...,No win (2 of 3)
113.,2015-05-17 01:53:31,114.68,98%,"Dear Mr. Vernon, We accept the fact that we had to sacrifice...",Win (1 of 3)
112.,2015-05-16 04:12:49,102.30,96%,"Prior to the 1970's, because the United States had long been...",No win (2 of 2)
111.,2015-05-16 04:11:34,95.83,91%,The men in the room suddenly realized that they didn't want ...,Win (1 of 4)
110.,2015-05-16 04:10:29,116.22,96%,At the time when Britain faced a plunge into chaos and darkn...,Win (1 of 5)
109.,2015-05-16 04:08:58,117.58,98%,Groups of illegal miners smuggle themselves down in freight ...,Win (1 of 3)
108.,2015-05-16 04:08:22,117.60,95%,We sit silently and watch the world around us. This has take...,No win (3 of 3)
107.,2015-05-16 04:07:17,123.18,98%,I've been thinking lots about my life and how quick I'd wash...,No win (2 of 2)
106.,2015-05-16 04:05:31,142.40,100%,A glooming peace this morning with it brings. The sun for so...,Win (1 of 2)
105.,2015-05-16 04:04:49,124.78,98%,There comes a point when you just love someone. Not because ...,Win (1 of 2)
104.,2015-05-16 04:03:46,130.91,99%,"When we conceive of the sweetest being ever, we are conceivi...",Win (1 of 5)
103.,2015-05-16 04:03:01,103.43,97%,"The boy has not a real choice, has he? Self-interest, the fe...",Win (1 of 4)
102.,2015-05-16 04:02:18,101.68,98%,"Get it straight buster - I'm not here to say please, I'm her...",Win (1 of 3)
101.,2015-05-16 04:01:29,125.79,100%,Remember that humor is written backwards. That means you fir...,Win (1 of 5)
100.,2015-05-16 04:00:43,113.28,98%,"The idea of ""Mr. Right"" has been passed down over the genera...",No win (2 of 2)
99.,2015-05-16 03:59:35,106.35,96%,Writing is hard work. A clear sentence is no accident. Very ...,Win (1 of 3)
98.,2015-05-16 03:59:02,128.01,100%,"The time I waited seemed endless, and I felt doubts and fear...",Win (1 of 2)
97.,2015-05-16 03:58:27,115.57,98%,"I know a bloke who knows a bloke who knows a bloke. Now, I k...",Win (1 of 2)
96.,2015-05-16 00:56:21,99.46,95%,"But, pray how could that which I spoke so many years ago, an...",Win (1 of 2)
95.,2015-05-16 00:55:33,103.79,97%,"Tis but thy name that is my enemy. Thou art thyself, though ...",Win (1 of 4)
94.,2015-05-16 00:54:43,95.65,94%,"Double, double, toil and trouble; fire burn, and cauldron bu...",No win (1 of 1)
93.,2015-05-16 00:53:41,113.07,98%,Indonesia is a nation of islands - more than seventeen thous...,Win (1 of 3)
92.,2015-05-16 00:51:39,101.21,93%,I don't know who you are. I don't know what you want. If you...,No win (2 of 3)
91.,2015-05-16 00:50:30,104.18,95%,"Do you smell that? Napalm, son. Nothing else in the world sm...",Win (1 of 5)
90.,2015-05-16 00:49:41,99.04,97%,"Run to the bedroom, in the suitcase on the left, you'll find...",Win (1 of 3)
89.,2015-05-16 00:48:26,103.01,95%,He rode past me and kept on goin'. Never said nothin' goin' ...,No win (2 of 4)
88.,2015-05-16 00:40:19,99.56,96%,"Kid, I've flown from one side of this galaxy to the other, a...",Win (1 of 3)
87.,2015-05-16 00:39:38,91.65,93%,"Tis but thy name that is my enemy. Thou art thyself, though ...",Win (1 of 4)
86.,2015-05-16 00:38:37,122.95,99%,I will need my spectacles and a clear head. Today I broke my...,No win (2 of 3)
85.,2015-05-16 00:37:52,97.46,94%,Who has a safety deposit box full of money and six passports...,No win (3 of 5)
84.,2015-05-16 00:37:10,100.83,96%,I am fundamentally an optimist. Whether that comes from natu...,Win (1 of 5)
83.,2015-05-16 00:33:04,75.54,86%,Who has a safety deposit box full of money and six passports...,No win (2 of 3)
82.,2015-05-16 00:30:45,109.65,97%,I can already hear your tune calling me across the room. Whe...,No win (2 of 3)
81.,2015-05-16 00:18:00,100.79,98%,"Excellent. He's enterprising, aggressive, outgoing, young, b...",Win (1 of 2)
80.,2015-05-16 00:17:21,109.58,94%,But speculations on the structure of the universe also move ...,Win (1 of 2)
79.,2015-05-16 00:16:27,87.04,92%,"At 211 degrees, water is hot. At 212 degrees, it boils. And ...",No win (2 of 5)
78.,2015-05-16 00:15:45,109.00,95%,"Races are not won in the first corner; however, they are oft...",Win (1 of 4)
77.,2015-05-16 00:14:52,109.25,94%,"Tim and the Princess lounge in the castle garden, laughing t...",No win (2 of 4)
76.,2015-05-16 00:14:05,113.67,97%,The basic concept is simple: a satellite in geosynchronous o...,Win (1 of 4)
75.,2015-05-16 00:13:18,110.10,96%,"When I close my eyes, I am at the center of the sun. And I c...",Win (1 of 2)
74.,2015-05-16 00:12:45,104.92,93%,"The less you do with the controls, the less chance of error....",Win (1 of 2)
73.,2015-05-16 00:08:32,87.67,98%,When is a legend a legend? Why is a myth a myth? How old and...,No win (2 of 3)
72.,2015-05-16 00:07:54,105.50,96%,"I had a job, I had a girl. I had something going, mister, in...",No win (4 of 4)
71.,2015-05-16 00:05:28,118.63,96%,Step out the front door like a ghost into the fog where no o...,No win (3 of 3)
70.,2015-05-16 00:04:34,121.93,98%,It is possible that I already had some presentiment of my fu...,No win (2 of 4)
69.,2015-05-16 00:02:36,99.21,95%,"All Ninja are men of peace, and must always remain so or los...",No win (4 of 4)
68.,2015-05-16 00:01:10,115.13,97%,"You found paradise in America. You had a good trade, made a ...",Win (1 of 3)
67.,2015-05-16 00:00:04,110.27,98%,"I was shaking like a leaf, so without thinking I lit up a ci...",Win (1 of 3)
66.,2015-05-15 04:14:44,109.65,97%,It is possible that I already had some presentiment of my fu...,Win (1 of 4)
65.,2015-05-15 04:13:58,107.96,99%,"The idea of ""Mr. Right"" has been passed down over the genera...",Win (1 of 2)
64.,2015-05-15 04:12:59,118.15,96%,The most precious treasures we have in life are the images w...,No win (2 of 4)
63.,2015-05-15 04:10:23,113.07,98%,"My mom, especially, challenged us on everything. She'd use w...",Win (1 of 2)
62.,2015-05-15 04:09:25,115.95,100%,"Get it straight buster - I'm not here to say please, I'm her...",Win (1 of 5)
61.,2015-05-15 04:07:56,119.89,97%,"Tim and the Princess lounge in the castle garden, laughing t...",No win (2 of 3)
60.,2015-05-15 04:04:00,131.06,99%,"One day you're in a funk about things, telling a friend that...",Win (1 of 5)
59.,2015-05-15 04:03:13,120.86,99%,"In general, many of these targets are easier marks if you ar...",Win (1 of 2)
58.,2015-05-15 04:02:19,108.19,96%,And that's what this whole thing is about. Calling home. Ins...,Win (1 of 2)
57.,2015-05-15 04:01:14,112.96,97%,I think you're gonna find - when all this stuff is over and ...,Win (1 of 5)
56.,2015-05-15 04:00:31,108.47,94%,"Very well, gentlemen. This, and maybe other similar things, ...",No win (2 of 5)
55.,2015-05-15 03:59:19,125.90,99%,"The terminator wouldn't stop, it would never leave him. It w...",Win (1 of 5)
54.,2015-05-15 03:58:31,104.37,95%,There are two places on Earth that serve as canaries in the ...,Win (1 of 3)
53.,2015-05-15 03:57:34,117.50,98%,A problem in communication is that people don't smile enough...,Win (1 of 4)
52.,2015-05-15 03:56:37,113.60,99%,"I often see racers, particularly at the back of the pack in ...",Win (1 of 5)
51.,2015-05-10 01:50:31,107.68,97%,How many roads must a man walk down before you call him a ma...,Win (1 of 5)
50.,2015-05-08 01:58:41,113.82,97%,There is a theory which states that if anybody ever discover...,No win (3 of 5)
49.,2015-05-08 01:57:56,96.50,97%,"And today, Lady Liberty is under attack from the cable chann...",No win (2 of 3)
48.,2015-05-08 00:21:00,110.39,97%,"When you are typing on a typewriter, your input appears dire...",Win (1 of 2)
47.,2015-05-08 00:20:06,120.54,97%,What should have been swift revenge turned into an all out w...,Win (1 of 4)
46.,2015-05-08 00:18:36,93.53,95%,"Disillusion is the greatest gift I can give you. But, becaus...",No win (3 of 3)
45.,2015-05-08 00:16:12,111.72,99%,The evidence in the standard history of Qwerty versus Dvorak...,Win (1 of 2)
44.,2015-05-08 00:15:05,92.73,92%,I had a friend who was a heavy drinker. If somebody asked hi...,No win (2 of 2)
43.,2015-05-08 00:14:05,130.55,100%,"If one day I could get out of here, I would allow myself to ...",Win (1 of 5)
42.,2015-05-08 00:13:32,102.87,95%,"It's a sunny, woodsy day in Lumberton, so get those chainsaw...",Win (1 of 3)
41.,2015-05-08 00:12:14,126.15,96%,"I know a bloke who knows a bloke who knows a bloke. Now, I k...",Win (1 of 2)
40.,2015-05-08 00:11:39,125.11,98%,I am learning about twenty new Italian words a day. Where am...,Win (1 of 3)
39.,2015-05-08 00:10:50,98.75,91%,The inner surface of the cell wall touches the cytoplasmic m...,Win (1 of 2)
38.,2015-05-08 00:10:07,119.65,97%,"You ask Raymond what he does for a living and he says, ""I br...",No win (1 of 1)
37.,2015-05-08 00:08:51,118.95,99%,And then he calls me a jerk and says the last guy who though...,Win (1 of 5)
36.,2015-05-08 00:08:17,121.92,100%,"You have a class of young strong men and women, and they wan...",No win (2 of 2)
35.,2015-05-08 00:07:35,107.94,95%,"If you are given too many choices, if you are forced to cons...",No win (2 of 2)
34.,2015-05-08 00:06:46,122.72,96%,"For centuries, the battle of morality was fought between tho...",Win (1 of 5)
33.,2015-05-03 01:50:20,105.21,94%,The place to improve the world is first in one's own heart a...,No win (2 of 5)
32.,2015-05-03 01:49:35,99.57,96%,Parisian French is different from Provincial French and Germ...,No win (2 of 4)
31.,2015-05-03 01:49:01,110.74,96%,And I don't believe in the existence of angels but looking a...,No win (2 of 3)
30.,2015-05-03 01:47:38,101.80,97%,A total of twenty-five friends were headed from San Francisc...,Win (1 of 4)
29.,2015-04-19 18:26:59,111.96,98%,"Radiation could be precisely determined, in principle, if we...",No win (1 of 1)
28.,2015-04-10 11:36:06,99.74,94%,"You cannot pass! I am a servant of the Secret Fire, wielder ...",Win (1 of 2)
27.,2015-04-10 11:35:36,97.29,95%,Is this the real life? Is this just fantasy? Caught in a lan...,No win (2 of 5)
26.,2015-04-10 11:34:45,131.79,98%,"If you want to drive a race car well, whether to win an Indy...",No win (2 of 2)
25.,2015-04-10 11:30:42,108.81,92%,"When I close my eyes, I am at the center of the sun. And I c...",No win (3 of 4)
24.,2015-04-10 11:29:23,114.97,95%,"A long time ago, I was in Burma, my friends and I were worki...",No win (2 of 5)
23.,2015-04-09 23:00:24,103.15,96%,Be impeccable with your word - speak with integrity. Say onl...,No win (3 of 3)
22.,2015-04-09 22:59:47,120.82,99%,"Life is not suffering; it's just that you will suffer it, ra...",No win (2 of 3)
21.,2015-04-09 22:59:19,104.76,99%,"King, eh? Very nice. And how'd you get that, eh? By exploiti...",Win (1 of 4)
20.,2015-04-09 22:57:59,107.79,95%,"In the witch trials, it was nearly impossible to provide com...",Win (1 of 4)
19.,2015-04-09 22:56:48,109.67,97%,"If you think that you are going to love something, give it a...",No win (2 of 3)
18.,2015-04-09 22:56:17,96.98,93%,"The Orient was almost a European invention, and had been sin...",No win (2 of 3)
17.,2015-04-09 22:55:32,112.59,99%,"If one day I could get out of here, I would allow myself to ...",No win (2 of 4)
16.,2015-04-09 22:54:52,113.13,99%,"They say, ""Find a purpose in your life and live it."" But, so...",No win (2 of 4)
15.,2015-04-09 22:54:07,104.11,97%,"Milt, with the excellent timing of a master comedy writer, w...",Win (1 of 4)
14.,2015-04-09 22:53:15,98.40,95%,"In the late 1960s, a growing number of people became concern...",Win (1 of 3)
13.,2015-04-04 16:22:59,113.84,98%,A few light taps upon the pane made him turn to the window. ...,Win (1 of 5)
12.,2015-04-04 16:22:14,83.07,91%,"You just couldn't let me go, could you? This is what happens...",No win (3 of 4)
11.,2015-04-04 16:21:10,103.55,95%,"The day dawned bleak and chill, a moving wall of gray light ...",No win (3 of 3)
10.,2015-04-03 23:43:17,87.57,91%,"Historically, most wines contained less than 14 percent alco...",No win (3 of 5)
9.,2015-04-03 23:42:32,93.62,95%,"Let me put it this way, Mr. Amor. The 9000 series is the mos...",No win (4 of 4)
8.,2015-04-03 23:41:24,104.00,94%,We were playing checkers. I used to kid her once in a while ...,No win (2 of 3)
7.,2015-04-03 23:39:54,109.23,97%,"Take my love, take my land, take me where I cannot stand. I ...",No win (2 of 5)
6.,2015-04-03 23:39:17,130.91,100%,In the beginning there was only a small amount of injustice ...,Win (1 of 4)
5.,2015-04-03 23:38:31,103.42,97%,"It may seem quite novelistic to you, and I am willing to agr...",Win (1 of 4)
4.,2015-04-03 23:37:47,111.92,94%,The major difference between a thing that might go wrong and...,No win (2 of 2)
3.,2015-04-03 23:34:02,114.90,97%,"When we pulled out into the winter night and the real snow, ...",Win (1 of 3)
2.,2015-04-03 23:32:46,108.62,96%,"But pure, unadulterated feelings are dangerous in their own ...",No win (2 of 2)
1.,2015-04-03 23:31:17,115.64,97%,Every time I think of you I feel shot right through with a b...,Win (1 of 3)
