423.,2012-12-22 09:55:03,126.31,91%,I can already hear your tune calling me across the room. Whe...,Win (1 of 4)
422.,2012-12-19 11:40:20,118.73,95%,I still see things that are not here. I just choose not to a...,Win (1 of 3)
421.,2012-12-19 02:42:29,128.14,97%,I had the impression of being abandoned by everyone when the...,Win (1 of 4)
420.,2012-12-19 02:41:30,138.48,99%,Step out the front door like a ghost into the fog where no o...,Win (1 of 3)
419.,2012-12-18 17:04:04,127.95,98%,"Look and think as far ahead as possible. Often, a driver's n...",Win (1 of 4)
418.,2012-12-18 17:02:50,118.79,94%,"The problem is, Willie, is that Charles and yourself are not...",Win (1 of 5)
417.,2012-12-18 17:02:11,108.50,90%,Don't take anything personally - nothing others do is becaus...,No win (4 of 5)
416.,2012-12-18 17:01:19,119.51,89%,"I had a job, I had a girl. I had something going, mister, in...",Win (1 of 3)
415.,2012-12-18 17:00:35,133.60,98%,We may climb into the thin and cold realm of pure geometry a...,Win (1 of 3)
414.,2012-12-18 16:59:50,126.81,93%,Being able to quit things that don't work is integral to bei...,Win (1 of 3)
413.,2012-12-18 16:59:05,131.54,97%,"Well, it just so happens, this hacienda comes with its very ...",Win (1 of 4)
412.,2012-12-18 16:58:23,125.23,97%,"Contrary to the feminist cant, there are many things we can ...",Win (1 of 4)
411.,2012-12-18 16:57:40,150.91,100%,"It was a marvelous night, the sort of night one only experie...",Win (1 of 2)
410.,2012-12-18 16:56:04,117.93,93%,All time is all time. It does not change. It does not lend i...,Win (1 of 4)
409.,2012-12-18 16:54:51,127.48,98%,"There is no physical separation after the slicing, so that e...",Win (1 of 4)
408.,2012-12-18 16:54:13,128.26,99%,"Alfred Hitchcock once said, ""Drama is life with the dull bit...",Win (1 of 2)
407.,2012-12-18 16:52:55,100.16,92%,Glancing through the 1977 Atlanta Yellow Pages reveals a cit...,No win (1 of 1)
406.,2012-12-18 16:50:40,121.85,95%,And I don't believe in the existence of angels but looking a...,Win (1 of 3)
405.,2012-11-07 08:39:45,133.18,93%,"If we all go for the blonde and block each other, not a sing...",Win (1 of 5)
404.,2012-11-07 08:38:59,130.65,89%,I've been looking so long at these pictures of you that I al...,No win (2 of 4)
403.,2012-11-07 08:38:02,131.37,92%,"It was a marvelous night, the sort of night one only experie...",No win (2 of 4)
402.,2012-11-07 08:36:13,135.55,96%,"I don't want tickets, I need you to find me a painting, a cl...",No win (2 of 3)
401.,2012-11-07 08:35:32,117.51,92%,Paper as we know it today was invented in China in around 10...,Win (1 of 4)
400.,2012-11-07 08:33:53,125.85,93%,I am learning about twenty new Italian words a day. Where am...,No win (3 of 3)
399.,2012-11-05 02:28:07,120.53,92%,"The time I waited seemed endless, and I felt doubts and fear...",Win (1 of 4)
398.,2012-11-03 08:33:53,131.25,98%,"We turn away to face the cold, enduring chill, as the day be...",Win (1 of 3)
397.,2012-11-03 08:33:05,104.61,87%,"A long time ago, I was in Burma, my friends and I were worki...",Win (1 of 4)
396.,2012-11-03 08:31:23,139.19,98%,There is a theory which states that if anybody ever discover...,Win (1 of 4)
395.,2012-11-03 08:05:11,125.52,97%,I drew the blankets over my head and tried to think of Chris...,Win (1 of 3)
394.,2012-11-03 08:01:45,122.25,94%,Don't make assumptions - find the courage to ask questions a...,Win (1 of 2)
393.,2012-11-03 08:00:54,144.66,96%,"But older than me now, more constant, more real, and the fur...",Win (1 of 2)
392.,2012-11-03 08:00:17,127.64,97%,"No matter how bad things are, you can always make things wor...",Win (1 of 3)
391.,2012-11-03 07:58:53,124.38,94%,"The less you do with the controls, the less chance of error....",Win (1 of 2)
390.,2012-11-02 17:48:58,124.55,97%,"The world of typing has changed. In the 1970s, every busines...",Win (1 of 3)
389.,2012-11-02 17:48:19,125.14,96%,"The melted mozzarella layer, which we shall designate MML, i...",No win (1 of 1)
388.,2012-11-02 17:47:45,121.35,91%,He rode past me and kept on goin'. Never said nothin' goin' ...,No win (2 of 3)
387.,2012-11-02 17:45:00,116.56,89%,"Life is not suffering; it's just that you will suffer it, ra...",Win (1 of 5)
386.,2012-11-02 17:44:31,116.99,94%,Overhead the albatross hangs motionless upon the air and dee...,Win (1 of 3)
385.,2012-11-02 02:46:36,104.33,92%,"You ask Raymond what he does for a living and he says, ""I br...",Win (1 of 4)
384.,2012-11-01 17:47:29,117.48,95%,"Trudging slowly over wet sand, back to the bench where your ...",Win (1 of 5)
383.,2012-11-01 14:41:16,127.13,96%,I drew the blankets over my head and tried to think of Chris...,Win (1 of 2)
382.,2012-11-01 14:13:34,98.00,84%,Once you get into the processed foods you have to be a fairl...,Win (1 of 4)
381.,2012-11-01 14:10:48,114.40,96%,"One day you're in a funk about things, telling a friend that...",No win (3 of 5)
380.,2012-11-01 14:10:02,122.09,93%,Commas and periods always go inside quotation marks. Colons ...,Win (1 of 5)
379.,2012-11-01 14:09:08,126.96,95%,Everything we hold dear likewise resolves into its original ...,Win (1 of 3)
378.,2012-11-01 14:05:21,124.51,93%,He canceled all his commitments and pulled together the most...,Win (1 of 3)
377.,2012-11-01 14:03:43,114.93,96%,Unlike the other four senses located in the logical regions ...,No win (2 of 3)
376.,2012-11-01 14:03:00,126.03,95%,There are two places on Earth that serve as canaries in the ...,Win (1 of 5)
375.,2012-11-01 13:59:37,128.02,91%,I can already hear your tune calling me across the room. Whe...,Win (1 of 3)
374.,2012-10-31 11:28:41,106.22,93%,"It's a sunny, woodsy day in Lumberton, so get those chainsaw...",Win (1 of 3)
373.,2012-10-30 13:41:55,114.61,94%,"Every craft and every investigation, and likewise every acti...",No win (1 of 1)
372.,2012-10-30 13:35:52,112.90,94%,"Anyway, like I was saying, shrimp is the fruit of the sea. Y...",No win (2 of 3)
371.,2012-10-30 13:35:07,112.94,93%,A total of twenty-five friends were headed from San Francisc...,Win (1 of 2)
370.,2012-10-30 13:34:06,122.61,92%,"If you want to drive a race car well, whether to win an Indy...",Win (1 of 2)
369.,2012-10-30 13:33:08,129.05,96%,I remember when we used to sit in the government yard in Tre...,Win (1 of 3)
368.,2012-10-30 13:32:22,117.30,92%,The streets were cleared by a Critical Mass bike ride and we...,No win (1 of 1)
367.,2012-10-30 13:30:22,111.37,95%,"Yes, the newspapers were right: snow was general all over Ir...",No win (2 of 5)
366.,2012-10-30 13:29:45,125.61,98%,I had the impression of being abandoned by everyone when the...,No win (1 of 1)
365.,2012-10-30 13:28:46,117.20,95%,"Tis but thy name that is my enemy. Thou art thyself, though ...",Win (1 of 2)
364.,2012-10-30 03:01:23,126.44,98%,The unknown future rolls toward us. I face it for the first ...,Win (1 of 5)
363.,2012-10-30 03:00:54,132.87,99%,"I don't want tickets, I need you to find me a painting, a cl...",Win (1 of 5)
362.,2012-10-30 02:57:57,109.45,91%,Popularity is only partially about individual attractiveness...,No win (2 of 3)
361.,2012-10-30 02:56:42,147.14,100%,"The problem is, Willie, is that Charles and yourself are not...",Win (1 of 5)
360.,2012-10-30 02:56:15,123.03,95%,The chemistry of an element is determined by the manner in w...,Win (1 of 5)
359.,2012-10-28 13:41:00,126.51,93%,"The brain can be a tool. It can recall phone numbers, solve ...",Win (1 of 3)
358.,2012-10-28 13:40:11,92.11,87%,In order to become an elf I filled out ten pages' worth of f...,Win (1 of 2)
357.,2012-10-28 13:38:59,116.08,96%,Ideology: the process of making ideas. The work was generall...,Win (1 of 4)
356.,2012-10-28 13:37:53,119.94,93%,"Now that I know that I'm breaking to pieces, I'll pull out m...",Win (1 of 3)
355.,2012-10-28 13:37:03,114.80,94%,Yet the web of thought has no such creases and is more like ...,Win (1 of 5)
354.,2012-10-28 13:36:18,112.86,93%,"Often, we assume that a familiar situation will be but a rep...",Win (1 of 5)
353.,2012-10-28 13:35:37,112.76,94%,"In the English language, swearing is essential to effective ...",Win (1 of 4)
352.,2012-10-28 13:35:07,135.94,92%,"Well, the way they make shows is, they make one show. That s...",Win (1 of 4)
351.,2012-10-28 13:33:58,132.15,99%,To an outsider's ear it sounds absurdly wild and ridiculous ...,Win (1 of 3)
350.,2012-10-28 13:33:33,118.54,91%,"The brain can be a tool. It can recall phone numbers, solve ...",Win (1 of 3)
349.,2012-10-28 13:31:02,108.88,85%,"But no matter how effective the lesson was, I never really u...",No win (2 of 4)
348.,2012-10-28 13:30:29,129.40,96%,Consider this: Is the pious being loved by the gods because ...,Win (1 of 3)
347.,2012-10-28 13:29:36,119.13,93%,To an outsider's ear it sounds absurdly wild and ridiculous ...,Win (1 of 3)
346.,2012-10-28 13:28:11,119.91,93%,It's the possibility of having a dream come true that makes ...,Win (1 of 3)
345.,2012-10-28 13:27:24,136.79,97%,"Good games stay within, but at the outer edge, of the player...",Win (1 of 2)
344.,2012-10-28 13:26:53,115.26,95%,Facts can be thought of as objective or subjective. Things a...,Win (1 of 3)
343.,2012-10-28 13:26:13,123.94,94%,"Look and think as far ahead as possible. Often, a driver's n...",Win (1 of 5)
342.,2012-10-28 13:24:58,128.12,95%,"Whenever you watch the mind, you withdraw consciousness from...",Win (1 of 2)
341.,2012-10-28 13:23:28,120.74,92%,I never said I would stay to the end - I knew I would leave ...,Win (1 of 3)
340.,2012-10-28 13:21:23,110.11,89%,The only preventive thing I do is wash clothes after buying ...,No win (2 of 3)
339.,2012-10-28 13:20:42,127.39,97%,"On a manual typewriter, strike the key with a nice sharp str...",Win (1 of 3)
338.,2012-10-28 13:19:47,136.93,96%,Humans need to practice what they are learning a good deal b...,Win (1 of 4)
337.,2012-10-28 13:18:58,138.24,97%,"The problem is, Willie, is that Charles and yourself are not...",Win (1 of 4)
336.,2012-10-28 13:18:22,127.61,94%,"I had a dream. There was our world, and the world was dark b...",Win (1 of 4)
335.,2012-10-28 13:17:33,138.28,95%,"The less you do with the controls, the less chance of error....",Win (1 of 3)
334.,2012-10-28 13:16:57,106.89,89%,Involuntarily I glanced seaward - and distinguished nothing ...,Win (1 of 3)
333.,2012-10-28 13:15:52,116.73,93%,"It is a period of civil war. Rebel spaceships, striking from...",Win (1 of 4)
332.,2012-10-28 13:14:18,120.15,91%,"If you want to drive a race car well, whether to win an Indy...",No win (2 of 2)
331.,2012-10-27 17:27:46,122.81,96%,"There is no physical separation after the slicing, so that e...",Win (1 of 4)
330.,2012-10-27 17:25:48,109.92,95%,"In 1966, Andy Dufresne escaped from Shawshank prison. All th...",Win (1 of 5)
329.,2012-10-27 17:23:30,112.85,91%,There are two places on Earth that serve as canaries in the ...,Win (1 of 4)
328.,2012-10-27 17:22:41,136.49,95%,"When she returns to the forum page, her post is there. It is...",Win (1 of 3)
327.,2012-10-27 17:22:03,140.76,98%,"It was a marvelous night, the sort of night one only experie...",Win (1 of 2)
326.,2012-10-27 17:20:48,116.05,94%,"Do you smell that? Napalm, son. Nothing else in the world sm...",Win (1 of 3)
325.,2012-10-27 17:19:36,138.35,98%,"We turn away to face the cold, enduring chill, as the day be...",Win (1 of 4)
324.,2012-10-27 16:55:02,125.86,95%,I'm telling it like it is. Get used to it or put this book d...,Win (1 of 2)
323.,2012-10-27 16:54:06,133.70,97%,"The day dawned bleak and chill, a moving wall of gray light ...",Win (1 of 3)
322.,2012-10-27 16:53:18,114.34,92%,Mac knew the score even if Aunt Ella didn't. Shot through th...,Win (1 of 5)
321.,2012-10-27 16:52:34,113.83,89%,"Yet one fine day, in a fit of euphoria, after he had picked ...",Win (1 of 4)
320.,2012-10-27 16:51:09,119.27,94%,The streets were cleared by a Critical Mass bike ride and we...,No win (2 of 4)
319.,2012-10-27 16:50:30,127.54,95%,There are two places on Earth that serve as canaries in the ...,Win (1 of 3)
318.,2012-10-27 16:48:55,122.45,95%,Focus your attention on the Now and tell me what problem you...,Win (1 of 4)
317.,2012-10-26 09:25:12,113.41,92%,"People get ready, there's a train coming. You don't need no ...",No win (1 of 1)
316.,2012-10-26 06:38:04,94.01,88%,"The only people for me are the mad ones, the ones who are ma...",Win (1 of 4)
315.,2012-10-26 06:37:02,114.55,94%,"The goal of the true seeker is to become a sage, or superior...",Win (1 of 5)
314.,2012-10-26 06:36:07,118.62,94%,The place to improve the world is first in one's own heart a...,No win (3 of 4)
313.,2012-10-26 06:35:20,125.80,98%,Popularity is only partially about individual attractiveness...,Win (1 of 5)
312.,2012-10-26 06:34:40,86.42,93%,"Get it straight buster - I'm not here to say please, I'm her...",No win (3 of 5)
311.,2012-10-25 20:15:21,113.51,94%,Convection also plays a minor role because of the relative t...,No win (2 of 3)
310.,2012-10-25 20:13:29,124.18,95%,"I hope that whoever you are, you escape this place. I hope t...",No win (2 of 5)
309.,2012-10-25 20:12:45,110.76,94%,"When I was a kid, you never saw radicchio in the produce sec...",Win (1 of 4)
308.,2012-10-25 20:11:25,126.47,98%,"Whether you're a student, secretary, office administrator, m...",Win (1 of 4)
307.,2012-10-25 20:10:33,114.47,91%,"Whether they use the title or not, many lyrics have evocativ...",Win (1 of 5)
306.,2012-10-25 20:09:52,97.24,90%,"There are men who possess a peculiarly strong visual memory,...",Win (1 of 5)
305.,2012-10-25 20:09:05,114.20,94%,"Burning my bridges and smashing my mirrors, turning to see i...",Win (1 of 4)
304.,2012-10-25 20:08:20,109.83,96%,"My dog barks some. Mentally you picture my dog, but I have n...",Win (1 of 3)
303.,2012-10-25 19:50:00,125.54,94%,There are very few things I wish I could change about those ...,Win (1 of 2)
302.,2012-10-25 19:49:13,128.07,94%,A glooming peace this morning with it brings. The sun for so...,Win (1 of 4)
301.,2012-10-25 19:48:17,124.41,96%,Imagine for a moment if we once again knew these few unremar...,Win (1 of 5)
300.,2012-10-25 19:46:42,119.55,96%,Who is Keyser Soze? He is supposed to be Turkish. Some say h...,Win (1 of 4)
299.,2012-10-25 19:45:48,130.74,97%,Is it sweeter to exist only in the mind or to exist both in ...,No win (2 of 5)
298.,2012-10-25 18:23:18,110.28,89%,I said that I would see you because I had heard that you wer...,Win (1 of 2)
297.,2012-10-25 18:20:53,116.58,93%,I remember when we used to sit in the government yard in Tre...,No win (2 of 5)
296.,2012-10-25 18:19:56,128.49,97%,Everything we hold dear likewise resolves into its original ...,Win (1 of 5)
295.,2012-10-25 18:18:52,115.74,92%,Step out the front door like a ghost into the fog where no o...,Win (1 of 4)
294.,2012-10-25 18:17:50,118.64,93%,Corn is what feeds the steer that becomes the steak. Corn fe...,Win (1 of 3)
293.,2012-10-25 18:16:18,123.82,99%,There was a stage and a PA up in western Massachusetts and t...,Win (1 of 5)
292.,2012-10-25 18:15:27,127.74,97%,If you're working out in front of a mirror and watching your...,No win (3 of 4)
291.,2012-10-25 14:02:41,112.40,93%,"There are men who possess a peculiarly strong visual memory,...",Win (1 of 4)
290.,2012-10-25 14:01:10,103.91,95%,A total of twenty-five friends were headed from San Francisc...,Win (1 of 4)
289.,2012-10-24 15:20:04,118.91,94%,"The result has been the emergence of what some call the ""win...",No win (3 of 5)
288.,2012-10-24 15:19:16,118.05,96%,I've seen things you people wouldn't believe. Attack ships o...,No win (2 of 3)
287.,2012-10-24 15:18:45,116.32,94%,Who is Keyser Soze? He is supposed to be Turkish. Some say h...,Win (1 of 4)
286.,2012-10-24 15:17:19,121.39,95%,"The day dawned bleak and chill, a moving wall of gray light ...",Win (1 of 5)
285.,2012-10-24 15:15:30,120.06,94%,"Run to the bedroom, in the suitcase on the left, you'll find...",Win (1 of 5)
284.,2012-10-24 15:14:33,119.76,91%,"Many people limit themselves to leading boring, dull lives b...",No win (4 of 5)
283.,2012-10-24 15:13:50,121.41,92%,"Good games stay within, but at the outer edge, of the player...",Win (1 of 5)
282.,2012-10-24 15:13:21,122.81,95%,In order to face down the danger that is stalking us and mov...,Win (1 of 3)
281.,2012-10-24 15:12:33,116.37,90%,"And you know it's time to go, through the sleet and driving ...",Win (1 of 5)
280.,2012-10-24 15:11:58,125.29,96%,"A long time ago, I was in Burma, my friends and I were worki...",Win (1 of 3)
279.,2012-10-24 15:11:00,125.91,95%,"Warmer water increases the moisture content of storms, and w...",Win (1 of 4)
278.,2012-10-24 15:10:17,127.09,99%,"The term ""barbarian"" was created by the Greeks; it was origi...",Win (1 of 2)
277.,2012-10-24 15:09:41,126.79,97%,"Common knowledge has bicyclists always riding into the wind,...",No win (2 of 2)
276.,2012-10-24 15:08:26,105.76,96%,"In the English language, swearing is essential to effective ...",Win (1 of 5)
275.,2012-10-24 14:55:05,116.81,93%,"This was the most delicious meal he'd had in recent years, a...",Win (1 of 3)
274.,2012-10-24 14:54:22,114.16,98%,"Everyone said I was daft to build a castle on a swamp, but I...",Win (1 of 2)
273.,2012-10-24 14:53:30,136.47,98%,Remembering you running soft through the night. You were big...,Win (1 of 3)
272.,2012-10-24 14:52:32,108.61,88%,"The day dawned bleak and chill, a moving wall of gray light ...",Win (1 of 5)
271.,2012-10-24 14:51:36,127.11,99%,The inner surface of the cell wall touches the cytoplasmic m...,Win (1 of 3)
270.,2012-10-24 14:50:31,115.55,93%,"We turn away to face the cold, enduring chill, as the day be...",No win (3 of 5)
269.,2012-10-24 14:49:52,112.82,96%,"There was me, that is Alex, and my three droogs, that is Pet...",Win (1 of 3)
268.,2012-10-24 14:49:17,126.90,96%,We've known each other for many years but this is the first ...,Win (1 of 5)
267.,2012-10-24 14:48:31,123.71,96%,"Ultimately, this is not about solving your problems. It's ab...",No win (2 of 4)
266.,2012-10-24 14:47:49,114.74,92%,"It was an effect of light: quick sunlight dappling, yellow l...",Win (1 of 5)
265.,2012-10-24 14:46:57,121.71,94%,Convection also plays a minor role because of the relative t...,Win (1 of 3)
264.,2012-10-24 14:46:01,113.94,94%,"Air-conditioned, odorless, illuminated by buzzing fluorescen...",Win (1 of 3)
263.,2012-10-24 14:45:23,120.74,97%,Let's face it: there are tons of things in your home and lif...,No win (2 of 3)
262.,2012-10-24 14:44:21,123.95,96%,"Let me get this straight. You think that your client, one of...",Win (1 of 4)
261.,2012-10-24 14:43:42,103.77,88%,"The term ""barbarian"" was created by the Greeks; it was origi...",No win (2 of 5)
260.,2012-10-24 14:43:03,124.75,97%,I must not fear. Fear is the mind killer. Fear is the little...,Win (1 of 4)
259.,2012-10-24 14:42:28,126.27,96%,So what's in this for you? Should you rush out in search of ...,Win (1 of 5)
258.,2012-10-24 14:41:47,105.28,93%,Good games offer players a set of challenging problems and t...,Win (1 of 5)
257.,2012-10-24 14:40:43,144.46,99%,"That fear had been inside him for many years, it had lived w...",Win (1 of 5)
256.,2012-10-24 14:39:10,115.64,95%,So my heart goes out to them. Figuratively. I would never ac...,Win (1 of 5)
255.,2012-10-24 14:38:24,109.46,88%,I still see things that are not here. I just choose not to a...,Win (1 of 3)
254.,2012-10-24 14:37:46,130.96,95%,"If you don't get what you want, you suffer; if you get what ...",Win (1 of 5)
253.,2012-10-24 14:36:25,108.14,94%,"The world of typing has changed. In the 1970s, every busines...",Win (1 of 5)
252.,2012-10-24 14:31:40,109.41,93%,The basic concept is simple: a satellite in geosynchronous o...,Win (1 of 4)
251.,2012-10-24 14:30:01,100.99,90%,There was a stage and a PA up in western Massachusetts and t...,No win (2 of 3)
250.,2012-10-24 14:29:10,122.53,96%,There is a theory which states that if anybody ever discover...,Win (1 of 3)
249.,2012-10-24 14:27:30,124.43,97%,"The less you do with the controls, the less chance of error....",Win (1 of 2)
248.,2012-10-24 13:43:02,101.20,93%,Do you know what they call a Quarter-pounder with cheese in ...,No win (3 of 5)
247.,2012-10-24 13:41:10,127.49,97%,So it's all come back round to breaking apart again. Breakin...,Win (1 of 5)
246.,2012-10-24 13:40:22,111.88,92%,Don't make assumptions - find the courage to ask questions a...,Win (1 of 5)
245.,2012-10-24 13:39:18,112.39,95%,"I was shaking like a leaf, so without thinking I lit up a ci...",Win (1 of 4)
244.,2012-10-24 13:38:23,113.96,94%,"No man is an island, entire of itself; every man is a piece ...",Win (1 of 5)
243.,2012-10-24 13:37:26,124.42,98%,"You needn't take it any further, sir. You've proved to me th...",Win (1 of 2)
242.,2012-10-24 13:36:27,116.73,92%,"And though my journeys did take me to a great many states, a...",Win (1 of 4)
241.,2012-10-24 13:35:02,121.31,95%,We were playing checkers. I used to kid her once in a while ...,Win (1 of 4)
240.,2012-10-24 13:33:59,122.65,96%,Supermarket aisles are the perfect place to practice your gl...,Win (1 of 3)
239.,2012-10-24 13:33:15,134.96,98%,"Your face has fallen sad now, for you know the time is nigh....",Win (1 of 5)
238.,2012-10-24 13:32:45,122.02,95%,Sometimes you concentrate more on racing the cars around you...,Win (1 of 4)
237.,2012-10-24 13:31:55,113.81,94%,Some have a positive vocation for breaking open safes: from ...,Win (1 of 2)
236.,2012-10-24 13:31:09,134.36,99%,"A little boy went out to play. When he opened his door, he s...",Win (1 of 4)
235.,2012-10-24 13:30:41,133.25,98%,Corn is what feeds the steer that becomes the steak. Corn fe...,No win (1 of 1)
234.,2012-10-24 13:29:32,106.29,98%,"Whether you're a student, secretary, office administrator, m...",Win (1 of 3)
233.,2012-10-24 12:40:01,104.13,93%,"Pulp: 1. A soft, moist, shapeless mass or matter. 2. A magaz...",Win (1 of 3)
232.,2012-10-24 12:39:25,126.53,95%,If there is one thing the history of evolution has taught us...,Win (1 of 3)
231.,2012-10-24 12:38:53,122.34,95%,"The sooner your kids appreciate the value of work, the more ...",Win (1 of 2)
230.,2012-10-24 12:38:06,140.18,97%,We've known each other for many years but this is the first ...,Win (1 of 3)
229.,2012-10-24 12:37:15,115.83,94%,"I'm so glad you came, I'm so glad you remembered, the walkin...",Win (1 of 3)
228.,2012-10-24 12:36:30,122.04,94%,The beginner writes just twenty pieces. The professional wri...,Win (1 of 5)
227.,2012-10-24 12:35:53,132.88,97%,You've got a way to keep me on your side. You give me cause ...,Win (1 of 3)
226.,2012-10-24 12:35:18,130.85,99%,"Warmer water increases the moisture content of storms, and w...",Win (1 of 5)
225.,2012-10-24 12:34:43,133.59,97%,"There are men who possess a peculiarly strong visual memory,...",Win (1 of 3)
224.,2012-10-24 12:34:00,99.34,93%,"Anyway, like I was saying, shrimp is the fruit of the sea. Y...",Win (1 of 3)
223.,2012-10-24 12:33:21,113.91,91%,There was a stage and a PA up in western Massachusetts and t...,No win (2 of 5)
222.,2012-10-24 12:32:30,126.64,96%,"Kid, I've flown from one side of this galaxy to the other, a...",Win (1 of 4)
221.,2012-10-24 12:31:45,133.86,98%,"He started running, up and up, until he hurled himself into ...",Win (1 of 2)
220.,2012-10-24 12:30:59,124.85,95%,"But, pray how could that which I spoke so many years ago, an...",Win (1 of 2)
219.,2012-10-24 12:30:18,124.80,98%,"Ezekiel twenty-five, seventeen: The path of the righteous ma...",Win (1 of 4)
218.,2012-10-24 10:09:26,113.55,88%,Do I really look like a guy with a plan? You know what I am?...,No win (2 of 3)
217.,2012-10-24 10:08:33,130.05,96%,"I'm so glad you came, I'm so glad you remembered, to see how...",Win (1 of 5)
216.,2012-10-24 10:07:02,105.55,92%,In 1873 the Sholes & Glidden Type Writer became the firs...,Win (1 of 2)
215.,2012-10-24 09:48:28,114.74,96%,"Let's sort the buyers from the spiers, the needy from the gr...",Win (1 of 4)
214.,2012-10-24 09:45:36,123.75,96%,"A zealot might be, for instance, an individual with a person...",Win (1 of 2)
213.,2012-10-24 09:44:52,116.01,95%,Most popular song lyrics have two sections - a verse and a b...,Win (1 of 3)
212.,2012-10-24 09:44:05,129.98,96%,There is something about yourself that you don't know. Somet...,Win (1 of 5)
211.,2012-10-24 09:42:31,123.74,95%,One essential rule: make sure the joke is the last possible ...,Win (1 of 3)
210.,2012-10-24 09:41:56,117.11,95%,The basic concept is simple: a satellite in geosynchronous o...,Win (1 of 3)
209.,2012-10-24 09:41:10,106.84,89%,"The Earth is a world, the world is a ball, a ball in a game ...",No win (2 of 5)
208.,2012-10-24 09:40:17,106.94,89%,And then he calls me a jerk and says the last guy who though...,Win (1 of 4)
207.,2012-10-24 09:39:36,114.42,95%,"Whether you're a student, secretary, office administrator, m...",Win (1 of 4)
206.,2012-10-24 09:38:40,131.88,98%,"The sooner your kids appreciate the value of work, the more ...",Win (1 of 3)
205.,2012-10-24 09:38:03,129.31,97%,"When the light of life has gone, no change for the meter. Th...",Win (1 of 5)
204.,2012-10-24 09:37:30,126.24,97%,Danger is a topic you're often asked about as a sprinter. Th...,Win (1 of 2)
203.,2012-10-24 09:36:33,121.64,95%,In order to become an elf I filled out ten pages' worth of f...,Win (1 of 2)
202.,2012-10-24 09:34:54,132.06,97%,"Don't practice too much at first, or you're likely to develo...",Win (1 of 3)
201.,2012-10-24 09:34:06,137.11,99%,"Warmer water increases the moisture content of storms, and w...",Win (1 of 5)
200.,2012-10-24 09:31:24,123.10,95%,"Never give up, no matter how far behind you are, no matter h...",Win (1 of 4)
199.,2012-10-24 09:27:15,98.11,96%,"In the late 1960s, a growing number of people became concern...",Win (1 of 3)
198.,2012-10-24 09:26:20,131.12,96%,With the coming of Dean Moriarty began the part of my life y...,Win (1 of 2)
197.,2012-10-24 09:25:35,123.16,96%,It is possible that I already had some presentiment of my fu...,Win (1 of 2)
196.,2012-10-24 09:24:59,110.80,95%,What? A swallow carrying a coconut? It's not a question of w...,Win (1 of 2)
195.,2012-10-24 09:23:37,108.54,94%,Involuntarily I glanced seaward - and distinguished nothing ...,Win (1 of 5)
194.,2012-10-24 09:22:55,123.72,96%,"It's a blue savanna song: somewhere cross the desert, someti...",No win (1 of 1)
193.,2012-10-24 09:22:18,120.18,92%,We live in a charmed world. If we have money we can buy lite...,Win (1 of 3)
192.,2012-10-24 09:21:22,112.16,88%,Typing competitions provided another test of the Qwerty keyb...,Win (1 of 5)
191.,2012-10-24 09:15:13,114.58,94%,I'm telling it like it is. Get used to it or put this book d...,Win (1 of 5)
190.,2012-10-18 11:37:36,131.20,96%,"Combat for a naval aviator is fought in short, violent burst...",No win (3 of 4)
189.,2012-10-18 11:34:07,118.20,99%,"My dog barks some. Mentally you picture my dog, but I have n...",Win (1 of 5)
188.,2012-10-18 10:47:50,133.29,99%,"Good evening, London. Allow me first to apologize for this i...",Win (1 of 2)
187.,2012-10-18 10:44:31,115.22,97%,"She was a genius of sadness, immersing herself in it, separa...",Win (1 of 2)
186.,2012-10-18 10:31:18,127.82,97%,The problem we now face is that this thin layer of atmospher...,Win (1 of 5)
185.,2012-10-18 07:37:31,114.43,92%,If there is one thing the history of evolution has taught us...,Win (1 of 3)
184.,2012-10-17 08:35:28,114.73,93%,"Every craft and every investigation, and likewise every acti...",Win (1 of 3)
183.,2012-10-17 08:32:47,136.57,99%,"Combat for a naval aviator is fought in short, violent burst...",Win (1 of 5)
182.,2012-10-17 08:06:54,118.81,93%,Although his voice was also broken by uncertainty and his ha...,No win (2 of 4)
181.,2012-10-17 08:05:44,109.70,95%,"A little boy went out to play. When he opened his door, he s...",Win (1 of 2)
180.,2012-10-17 08:03:20,118.07,96%,"There are men who possess a peculiarly strong visual memory,...",Win (1 of 4)
179.,2012-10-17 07:56:29,130.05,98%,Sometimes you concentrate more on racing the cars around you...,Win (1 of 3)
178.,2012-10-17 07:51:59,121.67,97%,Is this the real life? Is this just fantasy? Caught in a lan...,Win (1 of 3)
177.,2012-10-17 07:50:47,124.00,97%,"Now that I know that I'm breaking to pieces, I'll pull out m...",Win (1 of 4)
176.,2012-10-17 07:48:20,118.45,95%,"For centuries, the battle of morality was fought between tho...",Win (1 of 3)
175.,2012-10-17 07:47:42,139.27,99%,Come sail your ships around me and burn your bridges down. W...,Win (1 of 2)
174.,2012-10-17 07:46:57,122.90,99%,It is greatly to America's advantage that it is a congenial ...,Win (1 of 4)
173.,2012-10-17 07:46:17,130.61,97%,"That fear had been inside him for many years, it had lived w...",Win (1 of 2)
172.,2012-10-17 07:45:39,149.14,99%,San Francisco in the middle sixties was a very special time ...,Win (1 of 3)
171.,2012-10-17 07:42:40,116.31,91%,The great edifice of variety and choice that is an American ...,Win (1 of 2)
170.,2012-10-17 07:41:58,119.34,97%,"Yet one fine day, in a fit of euphoria, after he had picked ...",Win (1 of 5)
169.,2012-10-17 07:41:15,117.31,93%,Is it sweeter to exist only in the mind or to exist both in ...,Win (1 of 3)
168.,2012-10-17 07:38:54,130.13,97%,"The Earth is a world, the world is a ball, a ball in a game ...",No win (2 of 3)
167.,2012-10-17 07:38:27,112.86,98%,"Alfred Hitchcock once said, ""Drama is life with the dull bit...",Win (1 of 3)
166.,2012-10-17 07:37:41,110.96,94%,It's the possibility of having a dream come true that makes ...,Win (1 of 4)
165.,2012-10-17 07:34:55,130.30,95%,For it is not enough to have a good mind; the main thing is ...,Win (1 of 4)
164.,2012-10-17 07:28:53,131.74,98%,"The less you do with the controls, the less chance of error....",Win (1 of 5)
163.,2012-10-17 07:26:24,131.56,100%,The beginner writes just twenty pieces. The professional wri...,Win (1 of 2)
162.,2012-10-17 07:25:30,126.10,94%,Focus your attention on the Now and tell me what problem you...,Win (1 of 5)
161.,2012-10-17 07:24:18,125.46,95%,"Some pilots like the excitement of our missions, knowing tha...",Win (1 of 5)
160.,2012-10-17 07:23:27,124.79,95%,Paper as we know it today was invented in China in around 10...,Win (1 of 2)
159.,2012-10-17 07:22:29,126.77,94%,I said that I would see you because I had heard that you wer...,No win (3 of 5)
158.,2012-10-17 07:21:42,130.41,95%,I've been looking so long at these pictures of you that I al...,Win (1 of 5)
157.,2012-10-17 07:21:11,116.23,93%,Is this the real life? Is this just fantasy? Caught in a lan...,Win (1 of 5)
156.,2012-10-17 07:20:29,111.64,93%,To drive out of the Central Valley of California on a hot da...,No win (2 of 4)
155.,2012-10-16 10:33:15,120.03,92%,"The brain can be a tool. It can recall phone numbers, solve ...",Win (1 of 4)
154.,2012-10-16 10:32:10,109.40,89%,Overhead the albatross hangs motionless upon the air and dee...,No win (2 of 2)
153.,2012-10-16 10:31:34,118.72,95%,A few light taps upon the pane made him turn to the window. ...,Win (1 of 5)
152.,2012-10-16 10:30:45,137.06,99%,There's a piece of Maria in every song that I sing. And the ...,Win (1 of 2)
151.,2012-10-16 10:30:01,121.25,96%,"That's Tommy. He tells people he was named after a gun, but ...",No win (2 of 4)
150.,2012-10-16 10:28:56,112.67,97%,"Finally, gentlemen, there are people with an hereditary anim...",Win (1 of 4)
149.,2012-10-16 08:26:25,106.49,97%,"Anyway, like I was saying, shrimp is the fruit of the sea. Y...",Win (1 of 5)
148.,2012-10-16 08:25:45,116.03,96%,"I had a job, I had a girl. I had something going, mister, in...",No win (2 of 2)
147.,2012-10-16 08:25:04,110.48,96%,"Yes, the newspapers were right: snow was general all over Ir...",Win (1 of 5)
146.,2012-10-16 08:23:37,110.58,96%,"Ezekiel twenty-five, seventeen: The path of the righteous ma...",Win (1 of 4)
145.,2012-10-16 08:22:56,120.52,98%,From compositional considerations the tomato layer would be ...,Win (1 of 2)
144.,2012-10-16 08:22:23,136.84,97%,"One day you're in a funk about things, telling a friend that...",Win (1 of 4)
143.,2012-10-16 08:21:39,132.40,95%,Well I woke in mid-afternoon cause that's when it all hurts ...,Win (1 of 2)
142.,2012-10-16 08:21:01,116.73,95%,Had dreams. Two of 'em. Both had my father. It's peculiar. I...,Win (1 of 3)
141.,2012-10-16 08:20:02,137.79,99%,Although the United Nations does not have the power to enfor...,Win (1 of 5)
140.,2012-10-16 08:19:22,113.46,92%,There are still some places where you can get all you can ea...,Win (1 of 3)
139.,2012-10-16 08:18:25,122.81,95%,Who has a safety deposit box full of money and six passports...,No win (2 of 3)
138.,2012-10-16 08:17:39,127.60,95%,"After removal from the oven, the pizza is sliced and plated ...",No win (2 of 3)
137.,2012-10-16 08:17:00,119.58,91%,If you're working out in front of a mirror and watching your...,Win (1 of 4)
136.,2012-10-16 08:15:40,108.39,94%,"In the witch trials, it was nearly impossible to provide com...",Win (1 of 5)
135.,2012-10-16 08:14:45,135.22,98%,I am learning about twenty new Italian words a day. Where am...,Win (1 of 3)
134.,2012-10-16 08:14:09,104.94,94%,"And today, Lady Liberty is under attack from the cable chann...",Win (1 of 4)
133.,2012-10-16 08:13:23,123.52,96%,So what's in this for you? Should you rush out in search of ...,Win (1 of 2)
132.,2012-10-16 08:12:42,139.70,97%,San Francisco in the middle sixties was a very special time ...,Win (1 of 4)
131.,2012-10-16 08:12:09,128.98,94%,Humans need to practice what they are learning a good deal b...,Win (1 of 3)
130.,2012-10-16 08:11:34,108.34,93%,"My dog barks some. Mentally you picture my dog, but I have n...",Win (1 of 2)
129.,2012-10-16 08:10:30,99.23,93%,"You just couldn't let me go, could you? This is what happens...",Win (1 of 4)
128.,2012-10-16 08:09:33,131.43,98%,Remember that humor is written backwards. That means you fir...,Win (1 of 5)
127.,2012-10-16 08:09:03,106.20,94%,I had a friend who was a heavy drinker. If somebody asked hi...,Win (1 of 4)
126.,2012-10-16 08:01:27,111.33,91%,We all know people who are very bright but who do not always...,Win (1 of 2)
125.,2012-10-16 06:23:10,115.37,98%,The inner surface of the cell wall touches the cytoplasmic m...,Win (1 of 3)
124.,2012-10-16 06:21:10,107.76,93%,"What about Tony? You know, Bullet Tooth Tony. He'll find you...",No win (2 of 3)
123.,2012-10-16 06:17:47,114.61,92%,"A little boy went out to play. When he opened his door, he s...",Win (1 of 4)
122.,2012-10-16 06:15:29,93.35,80%,"I know a bloke who knows a bloke who knows a bloke. Now, I k...",No win (2 of 5)
121.,2012-10-16 06:14:54,106.83,87%,We often believe the more we practice a skill or technique -...,No win (2 of 4)
120.,2012-10-16 06:13:55,116.51,98%,I had a friend who was a heavy drinker. If somebody asked hi...,Win (1 of 4)
119.,2012-10-16 06:13:21,87.22,92%,"Oh bliss! Bliss and heaven! Oh, it was gorgeousness and gorg...",Win (1 of 4)
118.,2012-10-16 06:12:37,122.21,97%,"Races are not won in the first corner; however, they are oft...",Win (1 of 4)
117.,2012-10-16 06:11:50,119.24,94%,I never said I would stay to the end - I knew I would leave ...,Win (1 of 5)
116.,2012-10-16 04:47:34,100.18,90%,"Picking up the pieces, half alive in a nine 'til five, vacan...",Win (1 of 5)
115.,2012-10-15 11:58:03,115.74,95%,The pathology of setting a deadline to the earliest articula...,Win (1 of 3)
114.,2012-10-15 10:11:13,114.83,92%,"In the casino, the cardinal rule is to keep them playing and...",No win (2 of 2)
113.,2012-10-15 10:09:07,120.21,95%,Quality humor doesn't just deliver one gag and then tax the ...,Win (1 of 5)
112.,2012-10-15 10:08:27,109.92,93%,I don't know why he saved my life. Maybe in those last momen...,Win (1 of 4)
111.,2012-10-15 10:07:40,103.54,95%,"It turned out that the sweet-talking, tattoo-sporting pikey ...",Win (1 of 3)
110.,2012-10-15 10:06:13,129.48,95%,San Francisco in the middle sixties was a very special time ...,Win (1 of 3)
109.,2012-10-15 10:05:40,101.15,95%,He had spent enormous amounts of time at the great libraries...,No win (2 of 4)
108.,2012-10-15 10:04:05,116.61,96%,"It was a marvelous night, the sort of night one only experie...",No win (2 of 3)
107.,2012-10-15 10:03:31,113.05,95%,Unlike the other four senses located in the logical regions ...,Win (1 of 3)
106.,2012-10-15 10:02:52,120.91,94%,"Some pilots like the excitement of our missions, knowing tha...",No win (2 of 4)
105.,2012-10-15 10:01:34,147.57,98%,"In the casino, the cardinal rule is to keep them playing and...",Win (1 of 3)
104.,2012-10-15 10:00:27,121.07,98%,But if in efficient causes it is possible to go on to infini...,Win (1 of 3)
103.,2012-10-15 09:58:20,131.34,97%,Humans need to practice what they are learning a good deal b...,Win (1 of 3)
102.,2012-10-15 09:57:04,120.11,96%,"The goal of the true seeker is to become a sage, or superior...",Win (1 of 2)
101.,2012-10-15 09:56:14,134.78,100%,I don't know why he saved my life. Maybe in those last momen...,Win (1 of 4)
100.,2012-10-15 09:55:38,122.74,93%,So it's all come back round to breaking apart again. Breakin...,No win (3 of 4)
99.,2012-10-15 09:54:36,114.23,94%,I drew the blankets over my head and tried to think of Chris...,Win (1 of 4)
98.,2012-10-15 09:52:20,126.49,99%,"The boy has not a real choice, has he? Self-interest, the fe...",Win (1 of 5)
97.,2012-10-15 09:51:22,115.76,94%,We were playing checkers. I used to kid her once in a while ...,Win (1 of 3)
96.,2012-10-15 09:49:13,132.34,98%,Come sail your ships around me and burn your bridges down. W...,Win (1 of 4)
95.,2012-10-15 09:48:25,117.37,97%,The treatment of atoms with more than one electron requires ...,Win (1 of 4)
94.,2012-10-15 09:47:30,117.44,98%,The recipe for turning fruit into wine goes something like t...,Win (1 of 3)
93.,2012-10-15 09:46:30,104.15,93%,Instead of hiring workers during the peak hog kill in the wi...,Win (1 of 4)
92.,2012-10-15 09:45:36,133.27,96%,If you're working out in front of a mirror and watching your...,Win (1 of 5)
91.,2012-10-15 09:44:57,121.77,99%,"It was an effect of light: quick sunlight dappling, yellow l...",Win (1 of 5)
90.,2012-10-15 09:44:10,119.66,97%,The chemistry of an element is determined by the manner in w...,Win (1 of 4)
89.,2012-10-15 09:42:47,114.15,93%,"The world of typing has changed. In the 1970s, every busines...",No win (2 of 4)
88.,2012-10-15 09:42:05,121.69,97%,"Picking up the pieces, half alive in a nine 'til five, vacan...",Win (1 of 4)
87.,2012-10-15 09:41:20,106.08,93%,"Around midafternoon, the snow thinned into sleet, and some u...",Win (1 of 4)
86.,2012-10-15 09:40:20,116.48,93%,"Well, the way they make shows is, they make one show. That s...",Win (1 of 4)
85.,2012-10-15 09:39:30,118.27,96%,So my heart goes out to them. Figuratively. I would never ac...,Win (1 of 2)
84.,2012-10-15 09:38:45,126.82,98%,"We turn away to face the cold, enduring chill, as the day be...",Win (1 of 2)
83.,2012-10-15 09:38:07,112.44,91%,"I had a job, I had a girl. I had something going, mister, in...",Win (1 of 5)
82.,2012-10-15 09:36:26,135.23,97%,"Your face has fallen sad now, for you know the time is nigh....",Win (1 of 5)
81.,2012-10-15 09:35:51,114.99,97%,"Around midafternoon, the snow thinned into sleet, and some u...",Win (1 of 4)
80.,2012-10-15 09:34:01,121.73,92%,"This was the most delicious meal he'd had in recent years, a...",Win (1 of 5)
79.,2012-10-15 09:33:21,98.86,92%,Indonesia is a nation of islands - more than seventeen thous...,Win (1 of 5)
78.,2012-10-15 09:32:28,114.62,92%,We live in a charmed world. If we have money we can buy lite...,Win (1 of 2)
77.,2012-10-15 09:31:32,133.18,98%,"As if that blind rage had washed me clean, rid me of hope; f...",Win (1 of 3)
76.,2012-10-15 09:30:41,111.57,94%,"You ask Raymond what he does for a living and he says, ""I br...",Win (1 of 3)
75.,2012-10-15 09:26:31,115.87,94%,"In general, many of these targets are easier marks if you ar...",Win (1 of 5)
74.,2012-10-15 09:25:30,119.51,97%,It is greatly to America's advantage that it is a congenial ...,Win (1 of 2)
73.,2012-10-15 09:24:49,108.34,89%,"For centuries, the battle of morality was fought between tho...",Win (1 of 2)
72.,2012-10-15 09:24:09,136.52,99%,"That fear had been inside him for many years, it had lived w...",Win (1 of 3)
71.,2012-10-15 09:23:31,117.12,94%,Your faith was strong but you needed proof. You saw her bath...,Win (1 of 3)
70.,2012-10-15 09:22:14,114.26,97%,"The boy has not a real choice, has he? Self-interest, the fe...",No win (2 of 3)
69.,2012-10-15 09:21:03,129.85,94%,Come sail your ships around me and burn your bridges down. W...,Win (1 of 4)
68.,2012-10-15 09:19:43,122.83,94%,So what's in this for you? Should you rush out in search of ...,Win (1 of 3)
67.,2012-10-15 09:19:03,116.34,96%,"Whenever you watch the mind, you withdraw consciousness from...",Win (1 of 4)
66.,2012-10-15 09:18:11,121.54,94%,Let me tell you why you're here. You're here because you kno...,Win (1 of 5)
65.,2012-10-15 09:17:20,117.15,97%,Everything we hold dear likewise resolves into its original ...,No win (2 of 5)
64.,2012-10-15 09:16:26,118.93,94%,The example of painting can teach us not only how to manage ...,Win (1 of 5)
63.,2012-10-15 09:15:53,119.07,93%,Even the best-designed chair won't make up for bad posture. ...,No win (2 of 4)
62.,2012-10-15 09:15:18,118.49,98%,Your faith was strong but you needed proof. You saw her bath...,No win (2 of 3)
61.,2012-10-15 09:13:43,128.86,95%,"No matter how bad things are, you can always make things wor...",No win (2 of 4)
60.,2012-10-15 09:13:10,128.41,97%,Music finds a comfortable parallel with that of human langua...,Win (1 of 5)
59.,2012-10-15 09:12:47,124.44,96%,"When you are typing on a typewriter, your input appears dire...",Win (1 of 4)
58.,2012-10-15 09:12:12,120.49,97%,"You found paradise in America. You had a good trade, made a ...",Win (1 of 5)
57.,2012-10-15 09:10:07,130.86,98%,Remember that humor is written backwards. That means you fir...,Win (1 of 5)
56.,2012-10-15 09:09:36,122.21,96%,Do I really look like a guy with a plan? You know what I am?...,Win (1 of 5)
55.,2012-10-15 09:08:45,141.22,97%,"Time is tricky. You have whole months, even years, when noth...",Win (1 of 2)
54.,2012-10-15 09:06:56,128.62,95%,We live in a charmed world. If we have money we can buy lite...,Win (1 of 2)
53.,2012-10-15 09:06:01,126.34,95%,Do I really look like a guy with a plan? You know what I am?...,Win (1 of 3)
52.,2012-10-15 09:05:13,115.46,98%,I've always wondered about this coat business. When I'm in a...,Win (1 of 4)
51.,2012-10-15 09:02:55,122.94,98%,Instead of hiring workers during the peak hog kill in the wi...,Win (1 of 3)
50.,2012-10-15 09:01:48,131.91,97%,"On a manual typewriter, strike the key with a nice sharp str...",Win (1 of 2)
49.,2012-10-15 09:01:12,118.31,94%,"My darling, you have to be standing up in order to be able t...",Win (1 of 5)
48.,2012-10-15 08:48:49,118.39,95%,Most popular song lyrics have two sections - a verse and a b...,Win (1 of 2)
47.,2012-10-15 08:48:07,124.45,97%,"The creation ends in South Georgia, at the very edge of the ...",Win (1 of 3)
46.,2012-10-15 08:47:17,134.55,98%,"Has it been five years? Six? It seems like a lifetime, the k...",Win (1 of 4)
45.,2012-10-15 08:46:09,139.07,99%,"Look and think as far ahead as possible. Often, a driver's n...",Win (1 of 4)
44.,2012-10-15 08:44:49,115.23,98%,"The result has been the emergence of what some call the ""win...",Win (1 of 4)
43.,2012-10-15 08:43:37,110.59,88%,It is possible that I already had some presentiment of my fu...,Win (1 of 2)
42.,2012-10-15 08:42:52,124.20,99%,"There is no physical separation after the slicing, so that e...",Win (1 of 3)
41.,2012-10-15 08:42:16,123.37,94%,"Imagine a vast sheet of paper on which straight Lines, Trian...",Win (1 of 3)
40.,2012-10-15 08:41:14,123.96,97%,The beginner writes just twenty pieces. The professional wri...,Win (1 of 2)
39.,2012-10-15 08:40:05,114.02,94%,Do I really look like a guy with a plan? You know what I am?...,Win (1 of 4)
38.,2012-10-15 08:39:08,114.93,96%,I had the impression of being abandoned by everyone when the...,Win (1 of 4)
37.,2012-10-15 08:37:46,127.04,96%,I must not fear. Fear is the mind killer. Fear is the little...,Win (1 of 5)
36.,2012-10-15 08:35:54,129.25,96%,The alternative to binge travel - the mini retirement - enta...,Win (1 of 4)
35.,2012-10-15 08:34:09,110.14,92%,"The day dawned bleak and chill, a moving wall of gray light ...",No win (3 of 4)
34.,2012-10-15 08:33:14,113.16,93%,"Now that I know that I'm breaking to pieces, I'll pull out m...",Win (1 of 2)
33.,2012-10-15 08:31:47,131.52,99%,"There is no physical separation after the slicing, so that e...",Win (1 of 3)
32.,2012-10-15 07:22:53,120.38,97%,"This planet has, or rather had, a problem, which was this: m...",Win (1 of 2)
31.,2012-10-15 07:21:16,132.45,98%,Your faith was strong but you needed proof. You saw her bath...,No win (1 of 1)
30.,2012-10-15 07:20:10,127.70,96%,So what's in this for you? Should you rush out in search of ...,No win (2 of 2)
29.,2012-10-15 07:19:05,106.74,92%,For it is not enough to have a good mind; the main thing is ...,No win (3 of 4)
28.,2012-10-15 07:17:51,147.25,98%,There's a piece of Maria in every song that I sing. And the ...,Win (1 of 3)
27.,2012-10-15 07:17:09,123.64,95%,The only preventive thing I do is wash clothes after buying ...,Win (1 of 3)
26.,2012-10-15 07:15:11,117.51,92%,"When the light of life has gone, no change for the meter. Th...",No win (2 of 3)
25.,2012-10-15 07:13:04,132.57,95%,"Time is tricky. You have whole months, even years, when noth...",Win (1 of 4)
24.,2012-10-15 07:11:39,112.07,91%,"I often see racers, particularly at the back of the pack in ...",Win (1 of 3)
23.,2012-10-15 07:10:38,128.57,99%,"The melted mozzarella layer, which we shall designate MML, i...",Win (1 of 4)
22.,2012-10-15 07:10:09,117.97,98%,"In the English language, swearing is essential to effective ...",Win (1 of 3)
21.,2012-10-15 07:09:35,119.51,93%,In order to face down the danger that is stalking us and mov...,Win (1 of 4)
20.,2012-10-15 07:08:41,119.10,98%,The theory of music emphasizes the elements from which music...,Win (1 of 4)
19.,2012-10-15 07:07:56,123.12,96%,"Well, the way they make shows is, they make one show. That s...",Win (1 of 3)
18.,2012-10-15 07:07:14,109.62,92%,All that year the animals worked like slaves. But they were ...,Win (1 of 2)
17.,2012-10-15 07:05:39,108.91,93%,"Get it straight buster - I'm not here to say please, I'm her...",Win (1 of 2)
16.,2012-10-15 07:04:58,125.18,95%,Consider this: Is the pious being loved by the gods because ...,Win (1 of 2)
15.,2012-10-15 07:03:39,107.42,89%,I've seen things you people wouldn't believe. Attack ships o...,No win (2 of 3)
14.,2012-10-15 07:02:54,115.41,96%,Popularity is only partially about individual attractiveness...,Win (1 of 5)
13.,2012-10-15 07:01:51,94.31,90%,"Historically, most wines contained less than 14 percent alco...",No win (2 of 4)
12.,2012-10-15 07:00:34,114.23,90%,We've known each other for many years but this is the first ...,Win (1 of 3)
11.,2012-10-15 06:59:46,112.27,88%,"In the casino, the cardinal rule is to keep them playing and...",Win (1 of 3)
10.,2012-10-15 06:58:38,128.92,98%,Commas and periods always go inside quotation marks. Colons ...,Win (1 of 3)
9.,2012-10-15 06:57:29,126.09,89%,"Ticking away the moments that make up a dull day, you fritte...",No win (2 of 4)
8.,2012-10-15 06:56:56,129.10,97%,So what's in this for you? Should you rush out in search of ...,Win (1 of 3)
7.,2012-10-15 06:55:27,125.96,97%,The great edifice of variety and choice that is an American ...,No win (2 of 4)
6.,2012-10-15 06:54:05,126.41,92%,Humans need to practice what they are learning a good deal b...,Win (1 of 3)
5.,2012-10-15 06:53:11,117.99,93%,Once you get into the processed foods you have to be a fairl...,Win (1 of 3)
4.,2012-10-15 06:51:25,118.61,94%,"There is no pain, you are receding. A distant ship smoke on ...",No win (2 of 5)
3.,2012-10-15 06:49:42,140.89,100%,Good games offer players a set of challenging problems and t...,Win (1 of 2)
2.,2012-10-15 06:48:50,124.59,97%,We don't need no education. We don't need no thought control...,No win (3 of 4)
1.,2012-10-15 06:47:08,122.63,97%,"Here, the oregano and other trace materials sitting on the s...",Win (1 of 3)
