742.,2016-01-14 12:42:32,111.98,96%,A freedom fighter learns the hard way that it is the oppress...,No win (2 of 5)
741.,2016-01-14 12:41:55,93.89,92%,"You cannot pass! I am a servant of the Secret Fire, wielder ...",No win (2 of 3)
740.,2015-06-12 12:18:24,109.44,96%,"In fact, the mere act of opening the box will determine the ...",Win (1 of 5)
739.,2015-06-12 12:17:48,114.29,99%,"Pulp: 1. A soft, moist, shapeless mass or matter. 2. A magaz...",Win (1 of 4)
738.,2015-06-12 12:17:19,113.07,96%,"Hanging by threads of palest silver, I could have stayed tha...",Win (1 of 5)
737.,2015-06-12 12:15:51,123.09,98%,"Whenever you watch the mind, you withdraw consciousness from...",Win (1 of 4)
736.,2015-06-12 12:15:03,93.54,93%,Involuntarily I glanced seaward - and distinguished nothing ...,No win (2 of 2)
735.,2015-06-10 16:34:03,118.88,99%,If you're working out in front of a mirror and watching your...,Win (1 of 5)
734.,2015-04-28 16:12:01,115.07,95%,We don't need no education. We don't need no thought control...,Win (1 of 5)
733.,2015-04-03 18:42:34,68.98,89%,What should have been swift revenge turned into an all out w...,No win (2 of 2)
732.,2015-04-03 18:40:55,104.44,94%,You could choke a dozen donkeys on that! And you're haggling...,Win (1 of 2)
731.,2015-04-03 18:39:18,99.55,93%,"Imagine this: Here we are, a plane full of grown human being...",Win (1 of 2)
730.,2015-04-03 18:38:06,77.39,91%,"Tis but thy name that is my enemy. Thou art thyself, though ...",Win (1 of 2)
729.,2015-04-03 18:36:33,123.17,99%,I'll tell you a secret. Something they don't teach you in yo...,Win (1 of 2)
728.,2015-04-03 18:35:38,71.86,94%,The invention of the wheel represented a major turning point...,Win (1 of 2)
727.,2015-04-03 18:34:27,77.09,95%,"Don't tell me what's in, don't tell me how to write, don't t...",Win (1 of 2)
726.,2015-04-03 18:33:03,120.16,97%,"A zealot might be, for instance, an individual with a person...",Win (1 of 2)
725.,2015-04-03 18:31:27,125.07,99%,"The world of typing has changed. In the 1970s, every busines...",Win (1 of 2)
724.,2015-04-03 18:30:16,91.50,97%,"He was rough around the edges. He'd been to school, but neve...",Win (1 of 2)
723.,2015-04-03 18:28:38,79.36,95%,The basic concept is simple: a satellite in geosynchronous o...,Win (1 of 2)
722.,2015-04-03 18:27:18,69.39,95%,Parisian French is different from Provincial French and Germ...,Win (1 of 2)
721.,2015-04-03 18:26:13,74.82,94%,"Keying text quickly is important, but it is more important t...",Win (1 of 2)
720.,2015-04-03 18:25:07,65.47,97%,We have a criminal jury system which is superior to any in t...,Win (1 of 2)
719.,2015-04-03 18:23:55,83.91,98%,I was having this awful nightmare that I was 32. And then I ...,Win (1 of 2)
718.,2015-03-02 15:15:27,108.93,97%,Images of broken light which dance before me like a million ...,Win (1 of 3)
717.,2015-02-12 21:29:59,118.30,96%,It was one of those days when it's a minute away from snowin...,No win (2 of 4)
716.,2015-02-12 21:29:13,108.54,97%,"The melted mozzarella layer, which we shall designate MML, i...",Win (1 of 3)
715.,2015-02-12 21:28:08,111.47,96%,"The time I waited seemed endless, and I felt doubts and fear...",Win (1 of 3)
714.,2015-02-12 10:14:56,125.26,100%,I will need my spectacles and a clear head. Today I broke my...,No win (2 of 2)
713.,2015-02-11 14:08:39,108.08,97%,"My name is Turkish. Funny name for an Englishman, I know. My...",No win (2 of 2)
712.,2015-02-11 14:08:01,109.04,92%,"Let me get this straight. You think that your client, one of...",No win (2 of 4)
711.,2015-02-11 14:07:24,107.69,91%,You've got a way to keep me on your side. You give me cause ...,No win (3 of 5)
710.,2015-02-11 14:06:46,136.80,96%,One essential rule: make sure the joke is the last possible ...,No win (2 of 4)
709.,2015-02-11 11:00:20,128.02,99%,"Time is tricky. You have whole months, even years, when noth...",Win (1 of 3)
708.,2015-02-11 10:59:28,108.92,91%,"When you are typing on a typewriter, your input appears dire...",Win (1 of 5)
707.,2015-02-11 10:58:36,105.32,91%,"They say that right after God created man, he took a rib fro...",Win (1 of 3)
706.,2015-02-11 10:57:36,121.63,97%,"Well, the way they make shows is, they make one show. That s...",No win (1 of 1)
705.,2015-02-11 10:56:30,127.20,98%,"I had a dream. There was our world, and the world was dark b...",Win (1 of 3)
704.,2015-02-11 10:51:58,105.16,97%,Be impeccable with your word - speak with integrity. Say onl...,No win (1 of 1)
703.,2014-07-18 13:57:27,116.42,94%,If I'm curt with you it's because time is a factor. I think ...,Win (1 of 3)
702.,2014-07-18 13:56:11,124.61,98%,We sit silently and watch the world around us. This has take...,Win (1 of 3)
701.,2014-07-18 13:55:05,103.02,95%,"They knew they were privileged to have these choices, but th...",Win (1 of 5)
700.,2014-07-18 13:54:03,116.09,94%,"And you know it's time to go, through the sleet and driving ...",Win (1 of 3)
699.,2014-06-12 12:40:30,126.26,100%,"No matter how bad things are, you can always make things wor...",Win (1 of 3)
698.,2014-06-12 12:39:58,107.72,96%,I still see things that are not here. I just choose not to a...,No win (2 of 3)
697.,2014-06-12 12:38:33,123.43,99%,"When you are typing on a typewriter, your input appears dire...",Win (1 of 2)
696.,2014-01-28 10:03:56,108.23,97%,"Life is not suffering; it's just that you will suffer it, ra...",No win (2 of 5)
695.,2014-01-07 12:03:18,125.42,100%,"The time I waited seemed endless, and I felt doubts and fear...",Win (1 of 3)
694.,2014-01-07 12:02:35,126.00,99%,"Historically, most wines contained less than 14 percent alco...",No win (1 of 1)
693.,2014-01-07 12:01:27,101.21,97%,"The National Rifle Association says that, ""Guns don't kill p...",No win (2 of 3)
692.,2014-01-07 12:00:35,123.31,98%,"Well, the way they make shows is, they make one show. That s...",No win (3 of 5)
691.,2013-11-18 06:53:31,115.11,96%,I suddenly had the impression that I had been left all alone...,Win (1 of 5)
690.,2013-11-05 12:52:50,77.99,92%,"As if that blind rage had washed me clean, rid me of hope; f...",No win (3 of 3)
689.,2013-10-17 12:09:09,112.15,98%,Focus your attention on the Now and tell me what problem you...,Win (1 of 4)
688.,2013-10-17 12:07:53,111.07,94%,"One day you're in a funk about things, telling a friend that...",No win (3 of 4)
687.,2013-10-17 12:07:07,116.12,97%,"On a manual typewriter, strike the key with a nice sharp str...",No win (2 of 5)
686.,2013-10-17 12:06:31,114.79,95%,"I had a dream. There was our world, and the world was dark b...",Win (1 of 2)
685.,2013-10-17 11:56:47,109.83,91%,San Francisco in the middle sixties was a very special time ...,Win (1 of 4)
684.,2013-10-17 11:04:14,123.38,99%,"I went to the woods because I wished to live deliberately, t...",Win (1 of 4)
683.,2013-10-17 11:03:43,113.19,96%,"There are perhaps twenty regular posters on the forum, and s...",Win (1 of 4)
682.,2013-10-17 11:02:47,101.20,88%,The example of painting can teach us not only how to manage ...,No win (2 of 3)
681.,2013-10-17 11:01:39,102.53,95%,"I was shaking like a leaf, so without thinking I lit up a ci...",Win (1 of 4)
680.,2013-10-17 11:00:40,107.74,96%,Is this the real life? Is this just fantasy? Caught in a lan...,No win (2 of 5)
679.,2013-10-17 10:59:58,110.29,98%,"But suddenly, I viddied that thinking was for the gloopy one...",No win (2 of 5)
678.,2013-10-17 10:35:37,119.34,99%,Any finite number divided by infinity is as near to nothing ...,Win (1 of 4)
677.,2013-10-09 15:36:39,101.88,93%,"The time I waited seemed endless, and I felt doubts and fear...",Win (1 of 4)
676.,2013-10-09 15:35:59,113.01,96%,I'd just like to point out that you were given every opportu...,Win (1 of 5)
675.,2013-10-09 15:34:39,108.43,95%,Many rivers to cross but I can't seem to find my way over. W...,Win (1 of 4)
674.,2013-10-04 16:11:08,109.86,93%,"Well, the way they make shows is, they make one show. That s...",Win (1 of 2)
673.,2013-10-04 16:09:44,68.28,89%,"The boy has not a real choice, has he? Self-interest, the fe...",Win (1 of 2)
672.,2013-10-04 16:08:11,113.36,97%,"Good games stay within, but at the outer edge, of the player...",Win (1 of 3)
671.,2013-10-04 16:06:45,109.02,93%,Everything we hold dear likewise resolves into its original ...,Win (1 of 3)
670.,2013-10-04 16:04:41,114.93,97%,We don't need no education. We don't need no thought control...,Win (1 of 3)
669.,2013-09-18 16:22:24,117.28,97%,"I know that the idea of raising well-rounded, smarter kids c...",Win (1 of 4)
668.,2013-09-18 16:21:21,94.44,95%,"Padre, these are subtleties! We are not concerned with motiv...",Win (1 of 5)
667.,2013-09-18 16:19:00,89.22,91%,"Today, computers have taken this ancient art out of the craf...",No win (2 of 4)
666.,2013-05-10 13:41:05,111.04,98%,"People get ready, there's a train coming. You don't need no ...",Win (1 of 4)
665.,2013-05-01 15:45:39,114.53,99%,"You found paradise in America. You had a good trade, made a ...",Win (1 of 2)
664.,2013-05-01 15:40:24,116.12,99%,"They say that right after God created man, he took a rib fro...",Win (1 of 5)
663.,2013-01-21 14:01:05,42.68,84%,"If I leave here tomorrow, would you still remember me? For I...",Win (1 of 2)
662.,2013-01-09 14:58:11,99.63,92%,Music finds a comfortable parallel with that of human langua...,Win (1 of 2)
661.,2012-11-20 16:31:03,113.56,98%,"There is no pain, you are receding. A distant ship smoke on ...",No win (2 of 5)
660.,2012-11-20 16:30:14,88.60,96%,"There is no pain, you are receding. A distant ship smoke on ...",No win (5 of 5)
659.,2012-11-20 16:29:08,111.52,98%,And I don't believe in the existence of angels but looking a...,No win (2 of 4)
658.,2012-11-20 16:23:25,119.12,97%,"That fear had been inside him for many years, it had lived w...",Win (1 of 4)
657.,2012-11-20 16:22:43,101.54,95%,"And though my journeys did take me to a great many states, a...",No win (2 of 4)
656.,2012-11-20 16:19:42,116.50,99%,Popularity is only partially about individual attractiveness...,Win (1 of 3)
655.,2012-11-20 16:18:52,123.66,96%,"The less you do with the controls, the less chance of error....",Win (1 of 4)
654.,2012-11-20 16:18:16,104.01,98%,I had a friend who was a heavy drinker. If somebody asked hi...,Win (1 of 5)
653.,2012-11-20 16:16:38,84.86,87%,Space is big. Really big. You just won't believe how vastly ...,No win (4 of 4)
652.,2012-11-20 16:06:52,104.42,90%,Every time I think of you I feel shot right through with a b...,No win (2 of 3)
651.,2012-11-20 16:06:00,90.30,88%,Do you know what they call a Quarter-pounder with cheese in ...,No win (2 of 4)
650.,2012-11-20 16:05:13,110.44,96%,The place to improve the world is first in one's own heart a...,Win (1 of 2)
649.,2012-11-20 16:04:28,104.73,96%,We began to recognize in them a strange obsession. After all...,No win (2 of 3)
648.,2012-11-20 16:03:36,109.52,96%,In order to become an elf I filled out ten pages' worth of f...,No win (2 of 5)
647.,2012-11-20 16:02:49,105.77,98%,"Warmer water increases the moisture content of storms, and w...",Win (1 of 3)
646.,2012-11-13 17:00:24,123.66,98%,"A computer needs a manager to administer its operations, jus...",Win (1 of 4)
645.,2012-11-13 16:57:19,104.30,91%,Come sail your ships around me and burn your bridges down. W...,No win (3 of 5)
644.,2012-11-13 16:56:19,115.35,97%,"That's Tommy. He tells people he was named after a gun, but ...",Win (1 of 3)
643.,2012-11-12 13:08:10,116.43,99%,"This was the most delicious meal he'd had in recent years, a...",Win (1 of 5)
642.,2012-11-12 13:06:47,118.14,95%,I thought climbing the Devil's Thumb would fix all that was ...,Win (1 of 5)
641.,2012-11-12 13:06:02,103.09,94%,The problem we now face is that this thin layer of atmospher...,Win (1 of 3)
640.,2012-11-12 13:05:05,103.52,96%,"Wilkinson County was a recipient of one of the new ""separate...",No win (2 of 3)
639.,2012-11-12 11:06:47,109.17,97%,"Good evening, London. Allow me first to apologize for this i...",Win (1 of 2)
638.,2012-10-17 14:48:11,107.28,97%,It is possible that I already had some presentiment of my fu...,No win (3 of 5)
637.,2012-10-01 17:11:00,127.35,99%,"And you know it's time to go, through the sleet and driving ...",Win (1 of 4)
636.,2012-10-01 17:10:03,112.59,97%,"Trudging slowly over wet sand, back to the bench where your ...",Win (1 of 3)
635.,2012-10-01 17:09:20,108.33,91%,"I had a job, I had a girl. I had something going, mister, in...",No win (2 of 3)
634.,2012-10-01 17:07:55,105.53,97%,"Finally, gentlemen, there are people with an hereditary anim...",Win (1 of 2)
633.,2012-10-01 17:04:38,113.82,97%,Any finite number divided by infinity is as near to nothing ...,Win (1 of 2)
632.,2012-10-01 17:02:14,107.66,94%,I suddenly had the impression that I had been left all alone...,Win (1 of 4)
631.,2012-08-31 16:38:00,111.17,95%,"When you are typing on a typewriter, your input appears dire...",Win (1 of 3)
630.,2012-08-15 18:31:43,116.30,97%,So what's in this for you? Should you rush out in search of ...,No win (2 of 2)
629.,2012-08-01 13:29:56,117.21,97%,Well I woke in mid-afternoon cause that's when it all hurts ...,No win (3 of 3)
628.,2012-08-01 13:29:01,133.89,99%,"To evaluate an option from the other side's point of view, c...",Win (1 of 3)
627.,2012-08-01 13:26:55,118.00,97%,If you're working out in front of a mirror and watching your...,Win (1 of 3)
626.,2012-08-01 13:25:44,116.32,94%,"Life is not suffering; it's just that you will suffer it, ra...",Win (1 of 3)
625.,2012-08-01 13:23:48,115.33,95%,Most popular song lyrics have two sections - a verse and a b...,Win (1 of 3)
624.,2012-08-01 13:21:43,136.71,100%,Don't take anything personally - nothing others do is becaus...,Win (1 of 3)
623.,2012-08-01 13:20:27,120.77,96%,"But no matter how effective the lesson was, I never really u...",Win (1 of 3)
622.,2012-08-01 13:19:43,132.77,100%,San Francisco in the middle sixties was a very special time ...,Win (1 of 2)
621.,2012-08-01 13:18:39,126.17,98%,All time is all time. It does not change. It does not lend i...,Win (1 of 4)
620.,2012-08-01 13:16:48,115.84,96%,"One day you're in a funk about things, telling a friend that...",Win (1 of 4)
619.,2012-08-01 13:15:50,106.57,94%,Groups of illegal miners smuggle themselves down in freight ...,Win (1 of 4)
618.,2012-08-01 13:15:09,122.20,96%,I don't believe in painted roses or bleeding hearts while bu...,Win (1 of 3)
617.,2012-08-01 13:13:40,124.36,97%,There are very few things I wish I could change about those ...,Win (1 of 3)
616.,2012-08-01 12:30:32,127.88,100%,"But no matter how effective the lesson was, I never really u...",Win (1 of 3)
615.,2012-08-01 11:38:01,120.08,98%,"Burning my bridges and smashing my mirrors, turning to see i...",Win (1 of 4)
614.,2012-08-01 11:37:18,116.86,97%,I drew the blankets over my head and tried to think of Chris...,Win (1 of 4)
613.,2012-08-01 11:36:19,114.14,91%,There's a piece of Maria in every song that I sing. And the ...,Win (1 of 3)
612.,2012-08-01 11:33:54,112.73,96%,Be impeccable with your word - speak with integrity. Say onl...,No win (2 of 2)
611.,2012-08-01 11:32:57,134.17,97%,"If we all go for the blonde and block each other, not a sing...",Win (1 of 5)
610.,2012-08-01 11:32:10,112.95,93%,There are very few things I wish I could change about those ...,No win (3 of 5)
609.,2012-08-01 11:30:53,114.52,96%,Let's face it: there are tons of things in your home and lif...,No win (2 of 3)
608.,2012-08-01 11:30:16,119.35,97%,Any finite number divided by infinity is as near to nothing ...,No win (2 of 4)
607.,2012-08-01 10:27:52,113.04,91%,"I know a bloke who knows a bloke who knows a bloke. Now, I k...",Win (1 of 2)
606.,2012-08-01 10:26:35,122.08,99%,Yet the web of thought has no such creases and is more like ...,Win (1 of 2)
605.,2012-07-21 13:40:39,107.70,99%,Commas and periods always go inside quotation marks. Colons ...,Win (1 of 3)
604.,2012-07-16 10:32:47,101.27,92%,"I can feel the heat closing in, feel them out there making t...",Win (1 of 2)
603.,2012-07-16 10:31:27,107.84,96%,The only message I got was from the company that holds my st...,Win (1 of 2)
602.,2012-07-16 10:29:29,131.95,99%,I suddenly had the impression that I had been left all alone...,Win (1 of 5)
601.,2012-07-16 10:28:02,128.15,99%,I have quit three jobs and been fired from all the rest. Get...,Win (1 of 5)
600.,2012-07-16 10:26:37,125.36,98%,Step out the front door like a ghost into the fog where no o...,Win (1 of 5)
599.,2012-07-16 10:24:34,119.92,98%,"Races are not won in the first corner; however, they are oft...",Win (1 of 5)
598.,2012-07-16 10:22:31,97.55,95%,To drive out of the Central Valley of California on a hot da...,Win (1 of 4)
597.,2012-07-16 10:19:29,87.43,95%,"Under the headline ""Wonderful Typing,"" the New York Times re...",Win (1 of 2)
596.,2012-07-16 10:17:48,100.84,97%,Lucid but wholly false recollections can easily be induced b...,Win (1 of 3)
595.,2012-07-16 10:16:06,117.94,97%,"But suddenly, I viddied that thinking was for the gloopy one...",Win (1 of 3)
594.,2012-07-16 10:13:27,112.14,93%,Quality humor doesn't just deliver one gag and then tax the ...,Win (1 of 4)
593.,2012-07-16 10:12:01,28.32,96%,"As if that blind rage had washed me clean, rid me of hope; f...",No win (4 of 3)
592.,2012-07-16 10:11:03,122.22,96%,"As if that blind rage had washed me clean, rid me of hope; f...",Win (1 of 3)
591.,2012-07-16 10:09:32,95.19,83%,It's about realizing that there are no problems. Only situat...,Win (1 of 2)
590.,2012-07-16 10:08:20,118.47,97%,"As if that blind rage had washed me clean, rid me of hope; f...",Win (1 of 3)
589.,2012-07-16 10:06:56,97.80,96%,"Wilkinson County was a recipient of one of the new ""separate...",Win (1 of 3)
588.,2012-07-16 10:05:36,122.70,100%,To an outsider's ear it sounds absurdly wild and ridiculous ...,Win (1 of 3)
587.,2012-07-10 10:49:11,115.94,96%,"Look and think as far ahead as possible. Often, a driver's n...",No win (2 of 3)
586.,2012-07-10 10:47:05,119.05,97%,"Now that I know that I'm breaking to pieces, I'll pull out m...",Win (1 of 2)
585.,2012-07-10 10:46:01,132.29,100%,"Ultimately, this is not about solving your problems. It's ab...",Win (1 of 4)
584.,2012-07-10 10:45:21,118.57,97%,Be impeccable with your word - speak with integrity. Say onl...,Win (1 of 4)
583.,2012-07-10 10:44:22,109.91,98%,Instead of hiring workers during the peak hog kill in the wi...,Win (1 of 3)
582.,2012-03-29 12:26:53,108.37,98%,Paper as we know it today was invented in China in around 10...,Win (1 of 4)
581.,2012-03-13 15:46:43,109.53,95%,"He was rough around the edges. He'd been to school, but neve...",Win (1 of 2)
580.,2012-03-13 15:43:40,97.04,94%,"The idea of ""Mr. Right"" has been passed down over the genera...",No win (2 of 5)
579.,2012-03-13 15:41:57,75.94,94%,Facts can be thought of as objective or subjective. Things a...,No win (2 of 3)
578.,2012-03-13 15:39:35,118.79,97%,"Do you smell that? Napalm, son. Nothing else in the world sm...",Win (1 of 2)
577.,2012-03-13 15:37:33,126.19,99%,There is a theory which states that if anybody ever discover...,Win (1 of 2)
576.,2012-03-13 15:35:38,119.55,97%,You've got a way to keep me on your side. You give me cause ...,Win (1 of 3)
575.,2012-03-13 15:34:16,113.11,95%,"The less you do with the controls, the less chance of error....",Win (1 of 3)
574.,2012-03-13 15:30:58,101.35,97%,"In short order, Carter then proceeded to kill any chance he ...",Win (1 of 2)
573.,2012-03-13 15:28:31,84.32,98%,"Now that I know that I'm breaking to pieces, I'll pull out m...",Win (1 of 2)
572.,2012-03-13 15:25:06,117.04,99%,Images of broken light which dance before me like a million ...,Win (1 of 2)
571.,2011-12-20 10:54:14,107.82,98%,"Trudging slowly over wet sand, back to the bench where your ...",No win (2 of 4)
570.,2011-11-25 15:41:24,109.08,94%,Although the United Nations does not have the power to enfor...,No win (3 of 4)
569.,2011-11-25 15:40:39,110.12,98%,I'm telling it like it is. Get used to it or put this book d...,Win (1 of 3)
568.,2011-11-25 15:37:37,115.11,96%,Popularity is only partially about individual attractiveness...,No win (2 of 5)
567.,2011-11-24 19:35:55,116.93,100%,And then he calls me a jerk and says the last guy who though...,Win (1 of 3)
566.,2011-11-22 19:25:21,128.37,98%,There is something about yourself that you don't know. Somet...,Win (1 of 4)
565.,2011-11-22 19:24:27,117.63,98%,"Today, you people are no longer maggots. Today, you are Mari...",Win (1 of 2)
564.,2011-11-22 19:23:40,112.52,96%,Good games offer players a set of challenging problems and t...,No win (2 of 3)
563.,2011-11-22 19:22:35,119.74,97%,Any finite number divided by infinity is as near to nothing ...,Win (1 of 2)
562.,2011-11-21 12:34:47,140.37,100%,"In the casino, the cardinal rule is to keep them playing and...",Win (1 of 4)
561.,2011-11-21 12:05:20,118.07,96%,Caravans were being raided in a forest north of Rangoon by a...,Win (1 of 3)
560.,2011-09-30 18:22:52,127.45,97%,"And you know it's time to go, through the sleet and driving ...",No win (2 of 2)
559.,2011-09-30 18:19:45,108.85,94%,Chance and chance alone has a message for us. Everything tha...,Win (1 of 2)
558.,2011-09-30 18:19:00,106.68,96%,"On a manual typewriter, strike the key with a nice sharp str...",Win (1 of 2)
557.,2011-09-30 18:18:06,120.39,99%,All the blue light reflections that color my mind when I sle...,No win (2 of 2)
556.,2011-06-03 16:59:49,140.33,99%,"She's got a smile that, it seems to me, reminds me of childh...",Win (1 of 2)
555.,2011-06-03 16:58:54,123.04,96%,Humans need to practice what they are learning a good deal b...,No win (2 of 3)
554.,2011-05-25 12:13:15,132.88,100%,Good games offer players a set of challenging problems and t...,Win (1 of 3)
553.,2011-05-25 12:12:43,126.03,98%,Being able to quit things that don't work is integral to bei...,No win (2 of 4)
552.,2011-05-25 12:11:55,131.87,100%,One essential rule: make sure the joke is the last possible ...,Win (1 of 5)
551.,2011-05-25 12:11:14,120.81,100%,"And though my journeys did take me to a great many states, a...",Win (1 of 3)
550.,2011-05-25 12:10:25,115.87,96%,"If you don't get what you want, you suffer; if you get what ...",Win (1 of 3)
549.,2011-05-23 17:57:33,136.27,100%,"If we all go for the blonde and block each other, not a sing...",Win (1 of 3)
548.,2011-05-23 17:53:48,113.72,99%,"Historically, most wines contained less than 14 percent alco...",Win (1 of 2)
547.,2011-05-19 12:04:10,133.27,100%,"My name is Turkish. Funny name for an Englishman, I know. My...",Win (1 of 4)
546.,2011-05-19 12:02:50,97.38,95%,The truth of the matter is that there are a lot of available...,Win (1 of 5)
545.,2011-05-19 12:00:45,99.64,94%,"And today, Lady Liberty is under attack from the cable chann...",Win (1 of 4)
544.,2011-05-19 11:54:07,108.14,96%,"Yet one fine day, in a fit of euphoria, after he had picked ...",Win (1 of 3)
543.,2011-05-19 11:52:24,121.55,95%,"Your face has fallen sad now, for you know the time is nigh....",Win (1 of 3)
542.,2010-09-07 18:53:35,96.63,100%,"Well, the way they make shows is, they make one show. That s...",Win (1 of 4)
541.,2010-09-03 11:29:56,111.12,100%,"Yet one fine day, in a fit of euphoria, after he had picked ...",No win (1 of 1)
540.,2010-09-03 11:29:04,117.34,100%,There's a piece of Maria in every song that I sing. And the ...,Win (1 of 4)
539.,2010-07-28 13:47:27,101.21,100%,We all know people who are very bright but who do not always...,Win (1 of 2)
538.,2010-07-28 13:44:35,108.66,100%,"She's got a smile that, it seems to me, reminds me of childh...",Win (1 of 2)
537.,2010-07-28 13:42:55,27.86,100%,"To some, the rules of etiquette may seem outdated, stuffy an...",Win (1 of 2)
536.,2010-07-28 13:38:05,43.17,100%,"She was a genius of sadness, immersing herself in it, separa...",Win (1 of 2)
535.,2010-07-20 19:00:31,119.70,100%,There's a piece of Maria in every song that I sing. And the ...,No win (2 of 4)
534.,2010-06-22 15:04:12,117.60,100%,Who has a safety deposit box full of money and six passports...,No win (3 of 4)
533.,2010-03-26 15:07:12,126.25,100%,"They say that right after God created man, he took a rib fro...",Win (1 of 5)
532.,2010-03-26 15:05:58,132.40,100%,"After removal from the oven, the pizza is sliced and plated ...",Win (1 of 3)
531.,2010-03-26 15:05:05,117.46,100%,Few smart kids can spare the attention that popularity requi...,No win (2 of 3)
530.,2010-03-16 11:24:25,126.59,100%,Yet the web of thought has no such creases and is more like ...,Win (1 of 3)
529.,2010-03-16 11:23:14,113.90,100%,"On a manual typewriter, strike the key with a nice sharp str...",Win (1 of 3)
528.,2010-03-16 11:22:00,125.02,100%,"Burning my bridges and smashing my mirrors, turning to see i...",No win (2 of 3)
527.,2010-03-16 11:21:01,137.62,100%,I drew the blankets over my head and tried to think of Chris...,Win (1 of 3)
526.,2010-03-01 16:00:37,110.13,100%,Indonesia is a nation of islands - more than seventeen thous...,Win (1 of 3)
525.,2010-03-01 15:57:18,114.49,100%,"Thirdly, however, these wars could now be waged with the new...",No win (2 of 3)
524.,2010-02-21 02:43:42,101.24,100%,"I had a job, I had a girl. I had something going, mister, in...",No win (3 of 3)
523.,2010-02-21 02:41:12,116.80,100%,"I know a bloke who knows a bloke who knows a bloke. Now, I k...",No win (3 of 3)
522.,2010-02-12 16:07:25,127.24,100%,"Ticking away the moments that make up a dull day, you fritte...",No win (2 of 2)
521.,2010-02-12 16:05:49,163.47,100%,"My friend, I shall be pedagogic, and say you ought to start ...",Win (1 of 3)
520.,2010-02-11 15:25:32,122.28,100%,"Combat for a naval aviator is fought in short, violent burst...",No win (2 of 3)
519.,2010-02-11 15:23:31,114.59,100%,Overhead the albatross hangs motionless upon the air and dee...,Win (1 of 5)
518.,2010-02-11 15:22:49,118.09,100%,I have quit three jobs and been fired from all the rest. Get...,Win (1 of 2)
517.,2010-02-11 15:21:33,117.92,100%,Good games offer players a set of challenging problems and t...,Win (1 of 2)
516.,2010-02-11 15:18:41,121.08,100%,"If you don't get what you want, you suffer; if you get what ...",No win (2 of 3)
515.,2010-02-11 15:17:06,125.52,100%,We sit silently and watch the world around us. This has take...,No win (3 of 4)
514.,2010-02-10 15:31:45,133.90,100%,Yet the web of thought has no such creases and is more like ...,Win (1 of 2)
513.,2010-02-10 15:29:50,156.22,100%,Facts can be thought of as objective or subjective. Things a...,Win (1 of 3)
512.,2010-02-10 15:28:32,126.61,100%,"There is no pain, you are receding. A distant ship smoke on ...",No win (2 of 4)
511.,2010-02-10 15:27:37,133.79,100%,"The time I waited seemed endless, and I felt doubts and fear...",Win (1 of 5)
510.,2010-02-10 15:25:31,113.89,100%,My entire life had been on a predictable trajectory dominate...,Win (1 of 2)
509.,2010-02-10 15:22:08,139.07,100%,It was hard to toss things I had once thought were valuable ...,Win (1 of 4)
508.,2010-01-27 12:00:13,137.12,100%,The odds are that you will generally meet the worst of them....,Win (1 of 2)
507.,2010-01-26 16:46:32,116.94,100%,"Has it been five years? Six? It seems like a lifetime, the k...",Win (1 of 3)
506.,2010-01-26 16:45:07,118.05,100%,"You cannot entice a true thief, and thief by vocation, into ...",Win (1 of 2)
505.,2010-01-26 16:44:15,94.13,100%,These contests provided ample opportunity to demonstrate the...,No win (2 of 4)
504.,2010-01-26 16:37:46,141.20,100%,It was one of those days when it's a minute away from snowin...,Win (1 of 5)
503.,2010-01-26 16:37:02,132.42,100%,Humans need to practice what they are learning a good deal b...,Win (1 of 4)
502.,2010-01-26 16:36:22,129.70,100%,Although his voice was also broken by uncertainty and his ha...,Win (1 of 5)
501.,2010-01-26 16:35:34,125.52,100%,"She's got a smile that, it seems to me, reminds me of childh...",Win (1 of 5)
500.,2010-01-10 15:10:44,118.72,100%,"When I really worry about something, I don't just fool aroun...",Win (1 of 3)
499.,2010-01-10 15:09:40,111.18,100%,There was a stage and a PA up in western Massachusetts and t...,Win (1 of 3)
498.,2010-01-10 15:08:38,108.40,100%,"Whether you're a student, secretary, office administrator, m...",No win (1 of 1)
497.,2010-01-08 13:05:08,142.18,100%,"In the casino, the cardinal rule is to keep them playing and...",Win (1 of 3)
496.,2010-01-08 13:03:41,122.17,100%,"When you are typing on a typewriter, your input appears dire...",Win (1 of 2)
495.,2010-01-08 13:01:17,115.35,100%,"Ever since I was a child, folks have thought they had me peg...",Win (1 of 4)
494.,2010-01-08 13:00:11,137.03,100%,"As if that blind rage had washed me clean, rid me of hope; f...",Win (1 of 3)
493.,2010-01-08 12:56:56,112.26,100%,"I don't want tickets, I need you to find me a painting, a cl...",Win (1 of 2)
492.,2010-01-08 12:55:53,126.46,100%,How many roads must a man walk down before you call him a ma...,Win (1 of 3)
491.,2010-01-08 12:54:30,115.17,100%,Every time I think of you I feel shot right through with a b...,Win (1 of 2)
490.,2010-01-08 12:52:51,114.28,100%,And I will strike down upon thee with great vengeance and fu...,Win (1 of 3)
489.,2010-01-08 12:10:38,128.90,100%,How many roads must a man walk down before you call him a ma...,Win (1 of 3)
488.,2010-01-08 12:09:54,128.57,100%,The beginner writes just twenty pieces. The professional wri...,Win (1 of 3)
487.,2010-01-08 12:09:19,130.71,100%,It was one of those days when it's a minute away from snowin...,Win (1 of 4)
486.,2010-01-08 12:07:24,130.95,100%,The place to improve the world is first in one's own heart a...,Win (1 of 2)
485.,2010-01-08 12:06:44,127.13,100%,"If you really want to hear about it, the first thing you'll ...",Win (1 of 4)
484.,2010-01-08 12:05:58,120.81,100%,"He's got a two day head start on you, which is more than he ...",Win (1 of 4)
483.,2010-01-08 12:04:16,131.72,100%,"The brain can be a tool. It can recall phone numbers, solve ...",Win (1 of 4)
482.,2010-01-08 12:01:36,137.57,100%,"For centuries, the battle of morality was fought between tho...",Win (1 of 3)
481.,2010-01-07 14:28:44,129.84,100%,"Has it been five years? Six? It seems like a lifetime, the k...",Win (1 of 3)
480.,2010-01-07 14:27:26,116.77,100%,Images of broken light which dance before me like a million ...,Win (1 of 4)
479.,2010-01-07 14:24:21,126.65,100%,I said that I would see you because I had heard that you wer...,Win (1 of 2)
478.,2010-01-07 14:23:20,130.84,100%,The time has come for man to set himself a goal. The time ha...,Win (1 of 3)
477.,2010-01-07 14:21:47,118.89,100%,"The time I waited seemed endless, and I felt doubts and fear...",Win (1 of 2)
476.,2010-01-07 14:20:36,138.51,100%,Although his voice was also broken by uncertainty and his ha...,Win (1 of 2)
475.,2010-01-07 13:25:37,119.18,100%,"The problem is, Willie, is that Charles and yourself are not...",Win (1 of 4)
474.,2010-01-07 13:16:20,122.35,100%,"Life is not suffering; it's just that you will suffer it, ra...",Win (1 of 3)
473.,2010-01-07 13:14:30,118.43,100%,"If you don't get what you want, you suffer; if you get what ...",Win (1 of 2)
472.,2010-01-07 13:13:43,116.01,100%,"In general, many of these targets are easier marks if you ar...",No win (1 of 1)
471.,2010-01-07 13:10:56,121.59,100%,The beginner writes just twenty pieces. The professional wri...,Win (1 of 3)
470.,2010-01-07 13:08:50,131.87,100%,But speculations on the structure of the universe also move ...,No win (1 of 1)
469.,2010-01-07 13:08:10,114.54,100%,"We turn away to face the cold, enduring chill, as the day be...",Win (1 of 3)
468.,2010-01-07 13:07:33,110.26,100%,"The boy has not a real choice, has he? Self-interest, the fe...",Win (1 of 5)
467.,2010-01-06 15:14:53,124.30,100%,"Let's sort the buyers from the spiers, the needy from the gr...",Win (1 of 2)
466.,2010-01-05 10:34:41,165.68,100%,If you're working out in front of a mirror and watching your...,Win (1 of 3)
465.,2010-01-05 10:33:30,123.10,100%,Music finds a comfortable parallel with that of human langua...,Win (1 of 3)
464.,2010-01-05 10:32:58,125.93,100%,Being able to quit things that don't work is integral to bei...,Win (1 of 3)
463.,2010-01-05 10:32:03,121.14,100%,I have quit three jobs and been fired from all the rest. Get...,Win (1 of 3)
462.,2010-01-05 10:31:13,119.12,100%,For it is not enough to have a good mind; the main thing is ...,Win (1 of 4)
461.,2010-01-05 10:28:45,120.27,100%,"Combat for a naval aviator is fought in short, violent burst...",Win (1 of 2)
460.,2010-01-05 10:27:59,130.61,100%,It was one of those days when it's a minute away from snowin...,Win (1 of 4)
459.,2010-01-05 10:25:30,121.28,100%,Step out the front door like a ghost into the fog where no o...,Win (1 of 4)
458.,2010-01-05 10:24:50,116.77,100%,I've always wondered about this coat business. When I'm in a...,Win (1 of 2)
457.,2010-01-05 10:24:05,114.95,100%,"When we conceive of the sweetest being ever, we are conceivi...",Win (1 of 3)
456.,2010-01-05 10:23:16,132.03,100%,"When I was your age, television was called books. And this i...",Win (1 of 2)
455.,2010-01-05 10:22:17,121.24,100%,We sit silently and watch the world around us. This has take...,Win (1 of 3)
454.,2010-01-05 10:19:41,128.89,100%,"But suddenly, I viddied that thinking was for the gloopy one...",Win (1 of 5)
453.,2010-01-05 10:18:03,127.33,100%,"When I was your age, television was called books. And this i...",Win (1 of 2)
452.,2010-01-05 10:17:28,113.61,100%,We go waiting for the stars to come showering down. From Mos...,Win (1 of 3)
451.,2010-01-05 10:16:21,124.51,100%,"She's got a smile that, it seems to me, reminds me of childh...",Win (1 of 4)
450.,2010-01-05 10:15:43,112.73,100%,A glooming peace this morning with it brings. The sun for so...,Win (1 of 5)
449.,2010-01-05 10:14:21,116.13,100%,"And you know it's time to go, through the sleet and driving ...",Win (1 of 2)
448.,2010-01-05 10:13:43,119.17,100%,We've known each other for many years but this is the first ...,Win (1 of 3)
447.,2010-01-05 10:10:24,118.33,100%,"Many people limit themselves to leading boring, dull lives b...",Win (1 of 4)
446.,2010-01-05 10:09:29,134.80,100%,"Has it been five years? Six? It seems like a lifetime, the k...",Win (1 of 3)
445.,2010-01-05 10:06:38,124.31,100%,"The brain can be a tool. It can recall phone numbers, solve ...",Win (1 of 4)
444.,2010-01-05 10:03:26,127.46,100%,"I had a dream. There was our world, and the world was dark b...",Win (1 of 4)
443.,2010-01-05 10:01:26,126.49,100%,"Life is not suffering; it's just that you will suffer it, ra...",Win (1 of 2)
442.,2010-01-05 09:57:59,122.46,100%,I will need my spectacles and a clear head. Today I broke my...,Win (1 of 3)
441.,2010-01-05 09:57:26,121.25,100%,I don't know why he saved my life. Maybe in those last momen...,Win (1 of 3)
440.,2010-01-05 09:55:17,115.27,100%,"I was hugely impressed. Kirk, I mean Shatner, was the ultima...",Win (1 of 3)
439.,2010-01-05 09:54:45,122.43,100%,"I went to the woods because I wished to live deliberately, t...",Win (1 of 4)
438.,2010-01-05 09:53:47,117.35,100%,Yet the web of thought has no such creases and is more like ...,Win (1 of 2)
437.,2010-01-04 18:12:16,115.67,100%,Consider this: Is the pious being loved by the gods because ...,Win (1 of 3)
436.,2010-01-04 18:09:15,88.76,100%,"Trudging slowly over wet sand, back to the bench where your ...",No win (2 of 4)
435.,2010-01-04 18:08:42,102.01,100%,Ideology: the process of making ideas. The work was generall...,Win (1 of 2)
434.,2010-01-04 18:01:16,99.81,100%,Although the United Nations does not have the power to enfor...,No win (2 of 3)
433.,2010-01-04 17:56:44,113.71,100%,"I went to the woods because I wished to live deliberately, t...",Win (1 of 3)
432.,2010-01-01 13:46:54,68.52,100%,It is greatly to America's advantage that it is a congenial ...,No win (3 of 3)
431.,2010-01-01 13:45:40,89.84,100%,Being able to quit things that don't work is integral to bei...,No win (2 of 2)
430.,2010-01-01 13:44:39,122.50,100%,One thing I've learned in the last seven years: in every gam...,Win (1 of 3)
429.,2010-01-01 13:42:35,116.98,100%,We go waiting for the stars to come showering down. From Mos...,No win (2 of 3)
428.,2009-12-29 16:05:47,124.26,100%,"I don't want tickets, I need you to find me a painting, a cl...",Win (1 of 2)
427.,2009-12-28 14:45:15,116.33,100%,"Time is tricky. You have whole months, even years, when noth...",Win (1 of 3)
426.,2009-12-28 14:38:58,144.05,100%,"I had a job, I had a girl. I had something going, mister, in...",Win (1 of 4)
425.,2009-12-08 14:07:11,121.94,100%,"And in the world a heart of darkness, a firezone, where poet...",Win (1 of 3)
424.,2009-12-08 14:05:23,122.58,100%,One thing I've learned in the last seven years: in every gam...,Win (1 of 3)
423.,2009-12-08 14:04:35,112.94,100%,It is possible that I already had some presentiment of my fu...,Win (1 of 5)
422.,2009-12-08 14:04:02,115.09,100%,"The problem is, Willie, is that Charles and yourself are not...",No win (2 of 2)
421.,2009-12-08 14:03:12,123.55,100%,"When you are typing on a typewriter, your input appears dire...",Win (1 of 2)
420.,2009-12-07 17:27:07,133.72,100%,"Ticking away the moments that make up a dull day, you fritte...",No win (2 of 3)
419.,2009-12-07 17:26:39,120.15,100%,"I had a job, I had a girl. I had something going, mister, in...",Win (1 of 2)
418.,2009-12-07 17:25:58,118.67,100%,"It's a blue savanna song: somewhere cross the desert, someti...",Win (1 of 2)
417.,2009-12-07 17:23:07,114.15,100%,"I hope that whoever you are, you escape this place. I hope t...",No win (3 of 5)
416.,2009-12-07 17:21:09,112.99,100%,You're going in the drink and I am going to make a cup of te...,Win (1 of 3)
415.,2009-11-27 14:47:33,127.36,100%,"I had a dream. There was our world, and the world was dark b...",Win (1 of 2)
414.,2009-11-27 14:43:56,105.28,100%,So what's in this for you? Should you rush out in search of ...,No win (3 of 3)
413.,2009-11-27 14:42:17,112.55,100%,"I know a bloke who knows a bloke who knows a bloke. Now, I k...",Win (1 of 2)
412.,2009-11-12 12:39:49,128.48,100%,"I hope that whoever you are, you escape this place. I hope t...",No win (2 of 4)
411.,2009-11-12 12:38:13,130.30,100%,"That's Tommy. He tells people he was named after a gun, but ...",Win (1 of 3)
410.,2009-11-11 16:21:17,127.60,100%,"Has it been five years? Six? It seems like a lifetime, the k...",No win (2 of 3)
409.,2009-11-06 18:37:06,124.28,100%,"When I was your age, television was called books. And this i...",No win (3 of 3)
408.,2009-11-05 13:15:20,128.98,100%,"The time I waited seemed endless, and I felt doubts and fear...",Win (1 of 4)
407.,2009-11-05 13:13:45,141.79,100%,"If we all go for the blonde and block each other, not a sing...",Win (1 of 3)
406.,2009-11-05 13:12:48,134.89,100%,The only preventive thing I do is wash clothes after buying ...,No win (2 of 3)
405.,2009-11-05 13:10:49,134.86,100%,San Francisco in the middle sixties was a very special time ...,Win (1 of 3)
404.,2009-11-04 16:18:26,130.24,100%,"I had a dream. There was our world, and the world was dark b...",No win (3 of 3)
403.,2009-11-04 16:12:50,121.74,100%,The time has come for man to set himself a goal. The time ha...,No win (1 of 1)
402.,2009-11-03 16:16:26,130.49,100%,"He's got a two day head start on you, which is more than he ...",No win (2 of 3)
401.,2009-11-03 15:08:31,130.85,100%,There is something about yourself that you don't know. Somet...,Win (1 of 2)
400.,2009-11-03 15:05:11,132.08,100%,"As if that blind rage had washed me clean, rid me of hope; f...",Win (1 of 3)
399.,2009-11-03 14:58:05,134.83,100%,"If we all go for the blonde and block each other, not a sing...",Win (1 of 5)
398.,2009-11-03 14:55:32,137.89,100%,San Francisco in the middle sixties was a very special time ...,Win (1 of 4)
397.,2009-11-03 14:54:31,132.58,100%,One essential rule: make sure the joke is the last possible ...,Win (1 of 2)
396.,2009-10-31 19:44:00,128.69,100%,Now I want you to think and stop being a smart aleck. A man'...,Win (1 of 3)
395.,2009-10-30 15:54:21,138.68,100%,There is something about yourself that you don't know. Somet...,Win (1 of 3)
394.,2009-10-30 15:52:42,122.67,100%,The example of painting can teach us not only how to manage ...,Win (1 of 2)
393.,2009-10-30 12:30:53,123.48,100%,"For centuries, the battle of morality was fought between tho...",Win (1 of 3)
392.,2009-10-30 12:29:46,146.10,100%,There's sometimes a buggy. How many drivers does a buggy hav...,Win (1 of 2)
391.,2009-10-30 12:28:40,141.89,100%,"Contrary to the feminist cant, there are many things we can ...",Win (1 of 3)
390.,2009-10-30 12:26:35,137.40,100%,The example of painting can teach us not only how to manage ...,No win (2 of 2)
389.,2009-10-30 12:25:43,130.68,100%,"I know a bloke who knows a bloke who knows a bloke. Now, I k...",Win (1 of 4)
388.,2009-10-30 12:22:34,125.61,100%,"Life is not suffering; it's just that you will suffer it, ra...",Win (1 of 3)
387.,2009-10-30 12:19:51,138.30,100%,"And you know it's time to go, through the sleet and driving ...",Win (1 of 3)
386.,2009-10-30 11:03:50,138.75,100%,"If we all go for the blonde and block each other, not a sing...",Win (1 of 3)
385.,2009-10-30 11:02:49,129.67,100%,"I know a bloke who knows a bloke who knows a bloke. Now, I k...",No win (2 of 3)
384.,2009-10-30 11:01:22,120.22,100%,"I had a job, I had a girl. I had something going, mister, in...",No win (2 of 3)
383.,2009-10-30 10:20:48,110.13,100%,"Whether they use the title or not, many lyrics have evocativ...",No win (2 of 4)
382.,2009-10-29 16:23:42,110.40,100%,Many rivers to cross but I can't seem to find my way over. W...,No win (3 of 3)
381.,2009-10-29 15:49:07,118.71,100%,The unknown future rolls toward us. I face it for the first ...,Win (1 of 3)
380.,2009-10-29 14:24:10,116.60,100%,For it is not enough to have a good mind; the main thing is ...,No win (2 of 3)
379.,2009-10-29 14:22:57,129.40,100%,"The terminator wouldn't stop, it would never leave him. It w...",Win (1 of 3)
378.,2009-10-29 14:19:18,136.89,100%,San Francisco in the middle sixties was a very special time ...,Win (1 of 3)
377.,2009-10-29 13:17:55,130.85,100%,"To evaluate an option from the other side's point of view, c...",Win (1 of 3)
376.,2009-10-29 13:17:05,129.75,100%,I don't believe in painted roses or bleeding hearts while bu...,Win (1 of 3)
375.,2009-10-29 10:28:10,127.68,100%,Step out the front door like a ghost into the fog where no o...,Win (1 of 3)
374.,2009-10-29 10:23:32,127.60,100%,"Ticking away the moments that make up a dull day, you fritte...",No win (3 of 3)
373.,2009-10-28 16:49:01,123.52,100%,The place to improve the world is first in one's own heart a...,No win (2 of 5)
372.,2009-10-28 16:48:09,124.26,100%,One essential rule: make sure the joke is the last possible ...,Win (1 of 3)
371.,2009-10-28 16:47:21,127.05,100%,The only preventive thing I do is wash clothes after buying ...,Win (1 of 3)
370.,2009-10-28 16:45:18,119.14,100%,"It was a marvelous night, the sort of night one only experie...",Win (1 of 3)
369.,2009-10-28 16:44:10,121.29,100%,Remember that humor is written backwards. That means you fir...,Win (1 of 3)
368.,2009-10-28 16:42:58,127.74,100%,"Combat for a naval aviator is fought in short, violent burst...",Win (1 of 3)
367.,2009-10-28 16:34:46,123.75,100%,"There is no pain, you are receding. A distant ship smoke on ...",No win (2 of 4)
366.,2009-10-28 16:33:47,111.46,100%,Jay made up for the lack of glamour in his assignment by hav...,Win (1 of 3)
365.,2009-10-26 10:11:31,181.07,100%,"The terminator wouldn't stop, it would never leave him. It w...",Win (1 of 3)
364.,2009-10-23 10:40:11,133.92,100%,"Ever since I was a child, folks have thought they had me peg...",Win (1 of 3)
363.,2009-10-23 10:36:04,132.93,100%,"In the casino, the cardinal rule is to keep them playing and...",Win (1 of 2)
362.,2009-10-23 10:34:01,122.61,100%,Being able to quit things that don't work is integral to bei...,No win (2 of 3)
361.,2009-10-23 10:31:58,116.23,100%,Who has a safety deposit box full of money and six passports...,Win (1 of 2)
360.,2009-10-22 11:26:40,121.98,100%,One essential rule: make sure the joke is the last possible ...,Win (1 of 3)
359.,2009-10-22 11:25:55,134.79,100%,"Ticking away the moments that make up a dull day, you fritte...",Win (1 of 4)
358.,2009-10-20 14:41:22,127.94,100%,Now I want you to think and stop being a smart aleck. A man'...,Win (1 of 3)
357.,2009-10-20 14:39:58,135.22,100%,"You have a class of young strong men and women, and they wan...",Win (1 of 2)
356.,2009-10-20 14:39:04,130.74,100%,"My name is Turkish. Funny name for an Englishman, I know. My...",Win (1 of 3)
355.,2009-10-20 14:38:16,129.76,100%,The place to improve the world is first in one's own heart a...,No win (2 of 2)
354.,2009-10-20 14:37:24,105.74,100%,The beginner writes just twenty pieces. The professional wri...,Win (1 of 2)
353.,2009-10-20 14:35:36,130.96,100%,The time has come for man to set himself a goal. The time ha...,No win (2 of 2)
352.,2009-10-20 14:34:06,110.85,100%,We may climb into the thin and cold realm of pure geometry a...,No win (2 of 4)
351.,2009-10-20 14:32:58,116.65,100%,There was a stage and a PA up in western Massachusetts and t...,Win (1 of 4)
350.,2009-10-20 14:31:33,119.46,100%,We've known each other for many years but this is the first ...,No win (2 of 3)
349.,2009-10-20 14:30:27,121.02,100%,I don't believe in painted roses or bleeding hearts while bu...,No win (2 of 2)
348.,2009-10-14 15:59:45,127.75,100%,"In the casino, the cardinal rule is to keep them playing and...",No win (2 of 2)
347.,2009-10-09 14:26:04,131.03,100%,You've got a way to keep me on your side. You give me cause ...,No win (2 of 4)
346.,2009-10-09 14:25:24,122.61,100%,"When I was your age, television was called books. And this i...",No win (2 of 3)
345.,2009-10-09 14:24:01,128.93,100%,If you're working out in front of a mirror and watching your...,Win (1 of 3)
344.,2009-10-09 14:22:55,134.60,100%,"I went to the woods because I wished to live deliberately, t...",Win (1 of 2)
343.,2009-10-09 14:21:42,121.36,100%,At first they had tried to keep the finding quiet. After all...,Win (1 of 2)
342.,2009-10-09 14:17:35,116.74,100%,Now I want you to think and stop being a smart aleck. A man'...,Win (1 of 2)
341.,2009-10-09 14:16:50,128.35,100%,"In the casino, the cardinal rule is to keep them playing and...",Win (1 of 2)
340.,2009-10-09 14:14:02,134.69,100%,"It was a marvelous night, the sort of night one only experie...",Win (1 of 3)
339.,2009-10-09 14:07:05,129.12,100%,"Life is not suffering; it's just that you will suffer it, ra...",Win (1 of 4)
338.,2009-10-09 11:52:50,127.32,100%,Good games offer players a set of challenging problems and t...,No win (2 of 3)
337.,2009-10-09 11:51:01,125.45,100%,"I went to the woods because I wished to live deliberately, t...",Win (1 of 2)
336.,2009-10-09 11:47:51,129.76,100%,If I'm curt with you it's because time is a factor. I think ...,Win (1 of 2)
335.,2009-10-09 11:47:19,130.56,100%,But speculations on the structure of the universe also move ...,Win (1 of 3)
334.,2009-10-07 13:46:51,117.12,100%,"As if that blind rage had washed me clean, rid me of hope; f...",Win (1 of 2)
333.,2009-10-07 13:45:49,125.81,100%,"Ever since I was a child, folks have thought they had me peg...",No win (2 of 3)
332.,2009-10-07 13:44:11,123.27,100%,"There is no pain, you are receding. A distant ship smoke on ...",Win (1 of 4)
331.,2009-10-07 13:41:28,134.11,100%,"I went to the woods because I wished to live deliberately, t...",No win (2 of 2)
330.,2009-10-07 13:40:03,111.40,100%,"That's Tommy. He tells people he was named after a gun, but ...",Win (1 of 3)
329.,2009-10-07 13:39:27,132.09,100%,If there is one thing the history of evolution has taught us...,Win (1 of 3)
328.,2009-10-07 13:37:51,162.63,100%,Space is big. Really big. You just won't believe how vastly ...,Win (1 of 5)
327.,2009-10-07 13:36:24,130.19,100%,"The time I waited seemed endless, and I felt doubts and fear...",No win (2 of 3)
326.,2009-10-07 13:33:59,122.32,100%,It was one of those days when it's a minute away from snowin...,No win (1 of 1)
325.,2009-10-07 13:32:55,123.77,100%,"Ever since I was a child, folks have thought they had me peg...",No win (3 of 4)
324.,2009-10-07 13:30:01,123.29,100%,In order to become an elf I filled out ten pages' worth of f...,Win (1 of 2)
323.,2009-10-07 13:29:15,123.14,100%,The odds are that you will generally meet the worst of them....,Win (1 of 4)
322.,2009-10-07 13:28:39,115.93,100%,The place to improve the world is first in one's own heart a...,No win (2 of 4)
321.,2009-10-07 12:45:18,137.88,100%,You've got a way to keep me on your side. You give me cause ...,Win (1 of 4)
320.,2009-10-07 12:43:42,141.09,100%,"Ever since I was a child, folks have thought they had me peg...",Win (1 of 3)
319.,2009-10-07 12:42:47,125.67,100%,Even the best-designed chair won't make up for bad posture. ...,Win (1 of 3)
318.,2009-10-07 12:41:10,119.28,100%,Is it sweeter to exist only in the mind or to exist both in ...,Win (1 of 2)
317.,2009-10-07 12:40:22,129.35,100%,"In the casino, the cardinal rule is to keep them playing and...",Win (1 of 3)
316.,2009-10-07 12:38:59,114.43,100%,"If I leave here tomorrow, would you still remember me? For I...",No win (2 of 2)
315.,2009-10-07 12:37:26,102.57,100%,"Yet one fine day, in a fit of euphoria, after he had picked ...",No win (2 of 4)
314.,2009-10-07 12:36:36,101.92,100%,"One respondent said ""For women - a lot of games are crap - t...",No win (3 of 4)
313.,2009-10-07 12:36:00,116.40,100%,"Because they're at the bottom of the scale, nerds are a safe...",Win (1 of 2)
312.,2009-10-07 12:11:37,114.53,100%,"My friend, I shall be pedagogic, and say you ought to start ...",No win (2 of 4)
311.,2009-10-07 12:10:58,119.68,100%,"I went to the woods because I wished to live deliberately, t...",No win (2 of 4)
310.,2009-10-07 12:06:45,133.80,100%,"It was a marvelous night, the sort of night one only experie...",No win (2 of 2)
309.,2009-10-07 11:54:52,119.28,100%,"But, pray how could that which I spoke so many years ago, an...",Win (1 of 2)
308.,2009-10-07 11:50:25,121.51,100%,One essential rule: make sure the joke is the last possible ...,No win (2 of 3)
307.,2009-10-07 11:49:35,123.27,100%,"And in the world a heart of darkness, a firezone, where poet...",No win (3 of 3)
306.,2009-10-07 11:47:46,137.04,100%,"For centuries, the battle of morality was fought between tho...",Win (1 of 3)
305.,2009-10-07 11:46:55,131.37,100%,"I know a bloke who knows a bloke who knows a bloke. Now, I k...",No win (2 of 3)
304.,2009-10-07 11:44:55,128.62,100%,"I know a bloke who knows a bloke who knows a bloke. Now, I k...",No win (2 of 3)
303.,2009-10-07 11:41:07,126.90,100%,"I had a dream. There was our world, and the world was dark b...",Win (1 of 2)
302.,2009-10-07 11:40:05,124.63,100%,"If we all go for the blonde and block each other, not a sing...",Win (1 of 2)
301.,2009-10-06 14:26:02,111.05,100%,"And in the world a heart of darkness, a firezone, where poet...",No win (2 of 4)
300.,2009-10-06 11:48:22,139.42,100%,"In the casino, the cardinal rule is to keep them playing and...",Win (1 of 3)
299.,2009-10-05 09:22:57,114.87,100%,Images of broken light which dance before me like a million ...,Win (1 of 3)
298.,2009-10-01 11:11:34,121.50,100%,"I hope that whoever you are, you escape this place. I hope t...",Win (1 of 2)
297.,2009-09-30 18:29:49,125.40,100%,"As if that blind rage had washed me clean, rid me of hope; f...",Win (1 of 3)
296.,2009-09-30 18:28:13,123.77,100%,We sit silently and watch the world around us. This has take...,Win (1 of 4)
295.,2009-09-30 16:39:55,130.60,100%,"She's got a smile that, it seems to me, reminds me of childh...",Win (1 of 2)
294.,2009-09-30 16:38:57,121.57,100%,Being able to quit things that don't work is integral to bei...,Win (1 of 3)
293.,2009-09-30 16:38:23,126.82,100%,"Let's sort the buyers from the spiers, the needy from the gr...",Win (1 of 3)
292.,2009-09-30 16:37:04,104.88,100%,"That's Tommy. He tells people he was named after a gun, but ...",No win (2 of 3)
291.,2009-09-30 16:34:20,133.90,100%,I have quit three jobs and been fired from all the rest. Get...,Win (1 of 3)
290.,2009-09-30 16:33:31,118.27,100%,For it is not enough to have a good mind; the main thing is ...,No win (3 of 3)
289.,2009-09-30 16:32:35,110.96,100%,Is this the real life? Is this just fantasy? Caught in a lan...,Win (1 of 3)
288.,2009-09-30 16:31:51,115.86,100%,What should have been swift revenge turned into an all out w...,Win (1 of 4)
287.,2009-09-30 16:31:11,114.90,100%,"No matter how bad things are, you can always make things wor...",Win (1 of 3)
286.,2009-09-30 16:29:49,125.77,100%,Good games offer players a set of challenging problems and t...,Win (1 of 3)
285.,2009-09-30 16:29:14,129.08,100%,"We speak of something carried and something carrying, of som...",Win (1 of 3)
284.,2009-09-30 16:28:33,122.58,100%,If there is one thing the history of evolution has taught us...,Win (1 of 3)
283.,2009-09-30 15:24:35,116.29,100%,I don't know why he saved my life. Maybe in those last momen...,Win (1 of 2)
282.,2009-09-30 15:21:08,121.98,100%,If you're working out in front of a mirror and watching your...,No win (2 of 2)
281.,2009-09-30 15:19:34,115.12,100%,"Whether they use the title or not, many lyrics have evocativ...",Win (1 of 3)
280.,2009-09-30 15:17:58,123.12,100%,"But suddenly, I viddied that thinking was for the gloopy one...",Win (1 of 3)
279.,2009-09-30 15:15:36,118.97,100%,"I went to the woods because I wished to live deliberately, t...",Win (1 of 2)
278.,2009-09-30 15:12:54,126.57,100%,"Many people limit themselves to leading boring, dull lives b...",Win (1 of 5)
277.,2009-09-30 15:12:06,103.68,100%,"Because they're at the bottom of the scale, nerds are a safe...",No win (2 of 5)
276.,2009-09-30 15:11:17,97.25,100%,The treatment of atoms with more than one electron requires ...,Win (1 of 5)
275.,2009-09-30 11:38:18,124.28,100%,"There is no pain, you are receding. A distant ship smoke on ...",Win (1 of 3)
274.,2009-09-30 11:36:36,129.24,100%,"Ticking away the moments that make up a dull day, you fritte...",Win (1 of 2)
273.,2009-09-30 11:29:55,130.58,100%,"In the casino, the cardinal rule is to keep them playing and...",Win (1 of 3)
272.,2009-09-30 11:28:57,133.86,100%,"It was a marvelous night, the sort of night one only experie...",No win (2 of 3)
271.,2009-09-30 11:26:37,129.52,100%,The ultimate way to compose is to be able to keyboard as fas...,Win (1 of 3)
270.,2009-09-30 11:25:25,137.47,100%,The only preventive thing I do is wash clothes after buying ...,Win (1 of 3)
269.,2009-09-30 11:24:14,111.55,100%,Being able to quit things that don't work is integral to bei...,Win (1 of 4)
268.,2009-09-30 11:23:40,123.37,100%,"Time is tricky. You have whole months, even years, when noth...",Win (1 of 2)
267.,2009-09-30 09:06:15,117.91,100%,"Let's sort the buyers from the spiers, the needy from the gr...",No win (2 of 3)
266.,2009-09-30 09:05:09,116.15,100%,The time has come for man to set himself a goal. The time ha...,No win (2 of 3)
265.,2009-09-30 09:04:01,167.23,100%,I will need my spectacles and a clear head. Today I broke my...,Win (1 of 3)
264.,2009-09-30 09:03:11,165.91,100%,There was a stage and a PA up in western Massachusetts and t...,Win (1 of 3)
263.,2009-09-29 16:35:33,131.21,100%,Let me tell you why you're here. You're here because you kno...,Win (1 of 2)
262.,2009-09-29 16:32:43,132.27,100%,"As if that blind rage had washed me clean, rid me of hope; f...",Win (1 of 3)
261.,2009-09-29 16:30:52,130.86,100%,"Good games stay within, but at the outer edge, of the player...",Win (1 of 2)
260.,2009-09-29 16:30:12,129.61,100%,"But, pray how could that which I spoke so many years ago, an...",Win (1 of 2)
259.,2009-09-29 16:29:09,120.17,100%,Being able to quit things that don't work is integral to bei...,No win (2 of 3)
258.,2009-09-29 16:27:58,128.87,100%,The only preventive thing I do is wash clothes after buying ...,No win (1 of 1)
257.,2009-09-29 16:27:04,128.51,100%,It is possible that I already had some presentiment of my fu...,No win (2 of 3)
256.,2009-09-29 16:25:43,126.47,100%,"Ticking away the moments that make up a dull day, you fritte...",Win (1 of 2)
255.,2009-09-29 16:10:04,117.44,100%,"Let's sort the buyers from the spiers, the needy from the gr...",No win (3 of 3)
254.,2009-09-29 15:37:12,165.90,100%,"When Betty and Billy fell asleep, he walked down to the kitc...",Win (1 of 2)
253.,2009-09-29 15:36:21,156.97,100%,"Oh bliss! Bliss and heaven! Oh, it was gorgeousness and gorg...",Win (1 of 3)
252.,2009-09-29 15:33:13,123.31,100%,"The time I waited seemed endless, and I felt doubts and fear...",Win (1 of 2)
251.,2009-09-29 15:32:37,148.02,100%,But speculations on the structure of the universe also move ...,Win (1 of 4)
250.,2009-09-29 15:31:58,131.02,100%,We sit silently and watch the world around us. This has take...,No win (2 of 2)
249.,2009-09-29 15:31:00,158.14,100%,The unknown future rolls toward us. I face it for the first ...,Win (1 of 3)
248.,2009-09-29 15:30:07,144.76,100%,"A computer needs a manager to administer its operations, jus...",No win (2 of 3)
247.,2009-09-29 15:28:35,139.34,100%,"I had a dream. There was our world, and the world was dark b...",Win (1 of 3)
246.,2009-09-29 15:27:22,121.94,100%,Being able to quit things that don't work is integral to bei...,Win (1 of 4)
245.,2009-09-29 15:25:00,121.47,100%,"Well, it just so happens, this hacienda comes with its very ...",Win (1 of 2)
244.,2009-09-29 15:23:32,128.87,100%,There is something about yourself that you don't know. Somet...,Win (1 of 5)
243.,2009-09-29 15:18:19,122.15,100%,A glooming peace this morning with it brings. The sun for so...,Win (1 of 5)
242.,2009-09-29 14:02:08,131.95,100%,There is something about yourself that you don't know. Somet...,Win (1 of 3)
241.,2009-09-29 14:01:01,143.26,100%,So what's in this for you? Should you rush out in search of ...,Win (1 of 4)
240.,2009-09-29 13:58:27,133.83,100%,One essential rule: make sure the joke is the last possible ...,Win (1 of 3)
239.,2009-09-29 13:57:21,122.22,100%,"Let me get this straight. You think that your client, one of...",Win (1 of 3)
238.,2009-09-29 13:56:11,116.07,100%,"When I was your age, television was called books. And this i...",Win (1 of 3)
237.,2009-09-29 13:54:44,121.72,100%,But speculations on the structure of the universe also move ...,Win (1 of 4)
236.,2009-09-29 13:53:10,122.77,100%,It is possible that I already had some presentiment of my fu...,Win (1 of 3)
235.,2009-09-29 13:51:59,120.48,100%,"He's got a two day head start on you, which is more than he ...",Win (1 of 3)
234.,2009-09-29 13:50:31,138.02,100%,San Francisco in the middle sixties was a very special time ...,Win (1 of 2)
233.,2009-09-29 13:45:43,124.01,100%,"I know a bloke who knows a bloke who knows a bloke. Now, I k...",No win (3 of 4)
232.,2009-09-29 13:44:46,127.56,100%,"Life is not suffering; it's just that you will suffer it, ra...",Win (1 of 3)
231.,2009-09-29 13:44:16,128.87,100%,Now I want you to think and stop being a smart aleck. A man'...,Win (1 of 5)
230.,2009-09-29 13:31:05,135.28,100%,"It was a marvelous night, the sort of night one only experie...",Win (1 of 3)
229.,2009-09-29 13:30:04,120.43,100%,"Ever since I was a child, folks have thought they had me peg...",No win (2 of 3)
228.,2009-09-29 13:29:23,121.48,100%,"Ticking away the moments that make up a dull day, you fritte...",Win (1 of 2)
227.,2009-09-29 13:28:19,120.09,100%,"Whether they use the title or not, many lyrics have evocativ...",Win (1 of 3)
226.,2009-09-29 13:27:12,132.80,100%,"And you know it's time to go, through the sleet and driving ...",Win (1 of 2)
225.,2009-09-29 13:26:29,123.02,100%,"If we all go for the blonde and block each other, not a sing...",Win (1 of 3)
224.,2009-09-29 13:25:32,117.10,100%,Since every piece of matter in the Universe is in some way a...,Win (1 of 3)
223.,2009-09-29 13:23:32,130.51,100%,"What good's a reward if you ain't around to use it? Besides,...",Win (1 of 3)
222.,2009-09-29 10:38:51,115.42,100%,"On a manual typewriter, strike the key with a nice sharp str...",No win (3 of 3)
221.,2009-09-29 10:25:16,126.39,100%,Now I want you to think and stop being a smart aleck. A man'...,No win (2 of 5)
220.,2009-09-29 10:24:37,127.22,100%,"I know a bloke who knows a bloke who knows a bloke. Now, I k...",Win (1 of 3)
219.,2009-09-29 10:18:28,130.00,100%,"In the casino, the cardinal rule is to keep them playing and...",Win (1 of 4)
218.,2009-09-29 10:16:13,119.48,100%,One essential rule: make sure the joke is the last possible ...,Win (1 of 4)
217.,2009-09-29 10:14:31,119.00,100%,"The time I waited seemed endless, and I felt doubts and fear...",No win (2 of 3)
216.,2009-09-29 10:13:29,122.09,100%,"The time I waited seemed endless, and I felt doubts and fear...",No win (2 of 3)
215.,2009-09-29 10:11:32,135.97,100%,"As if that blind rage had washed me clean, rid me of hope; f...",Win (1 of 3)
214.,2009-09-29 10:10:36,125.68,100%,I've always wondered about this coat business. When I'm in a...,Win (1 of 4)
213.,2009-09-29 10:09:18,117.01,100%,I don't know why he saved my life. Maybe in those last momen...,No win (2 of 4)
212.,2009-09-29 10:08:42,125.48,100%,"I had a job, I had a girl. I had something going, mister, in...",No win (2 of 3)
211.,2009-09-29 10:07:05,125.17,100%,I have quit three jobs and been fired from all the rest. Get...,Win (1 of 2)
210.,2009-09-29 10:06:08,118.81,100%,If you're working out in front of a mirror and watching your...,No win (2 of 3)
209.,2009-09-29 10:04:43,127.58,100%,Humans need to practice what they are learning a good deal b...,No win (2 of 3)
208.,2009-09-29 09:25:12,131.85,100%,"Ticking away the moments that make up a dull day, you fritte...",No win (2 of 4)
207.,2009-09-29 09:23:19,123.73,100%,If you're working out in front of a mirror and watching your...,Win (1 of 3)
206.,2009-09-29 09:21:51,112.07,100%,"I know a bloke who knows a bloke who knows a bloke. Now, I k...",No win (3 of 3)
205.,2009-09-29 09:21:00,158.38,100%,"It is a period of civil war. Rebel spaceships, striking from...",Win (1 of 2)
204.,2009-09-29 09:19:26,137.10,100%,"There are two kinds of fibers in our muscles, red and white....",Win (1 of 2)
203.,2009-09-29 09:18:19,138.07,100%,Who is Keyser Soze? He is supposed to be Turkish. Some say h...,Win (1 of 4)
202.,2009-09-29 09:17:26,115.51,100%,"Because they're at the bottom of the scale, nerds are a safe...",No win (2 of 4)
201.,2009-09-29 09:16:21,137.93,100%,If there is one thing the history of evolution has taught us...,Win (1 of 3)
200.,2009-09-29 09:11:47,114.30,100%,"Life is not suffering; it's just that you will suffer it, ra...",Win (1 of 5)
199.,2009-09-29 09:09:42,125.44,100%,"You have a class of young strong men and women, and they wan...",Win (1 of 3)
198.,2009-09-29 09:05:13,130.65,100%,"If we all go for the blonde and block each other, not a sing...",Win (1 of 3)
197.,2009-09-29 09:04:20,121.78,100%,"Well, it just so happens, this hacienda comes with its very ...",Win (1 of 3)
196.,2009-09-28 18:29:37,110.72,100%,"A computer needs a manager to administer its operations, jus...",No win (3 of 4)
195.,2009-09-28 18:28:50,114.30,100%,"A zealot might be, for instance, an individual with a person...",Win (1 of 3)
194.,2009-09-28 13:54:21,122.33,100%,"The Earth is a world, the world is a ball, a ball in a game ...",No win (4 of 5)
193.,2009-09-28 13:53:34,124.08,100%,"She's got a smile that, it seems to me, reminds me of childh...",Win (1 of 3)
192.,2009-09-28 13:51:51,126.82,100%,You've got a way to keep me on your side. You give me cause ...,Win (1 of 2)
191.,2009-09-28 13:50:27,113.40,100%,"I had a job, I had a girl. I had something going, mister, in...",No win (2 of 2)
190.,2009-09-28 13:49:45,116.71,100%,"My darling, you have to be standing up in order to be able t...",No win (2 of 3)
189.,2009-09-28 13:48:29,118.41,100%,Every time I think of you I feel shot right through with a b...,Win (1 of 2)
188.,2009-09-28 13:47:18,124.98,100%,"And you know it's time to go, through the sleet and driving ...",No win (2 of 3)
187.,2009-09-28 13:46:39,98.28,100%,"I know a bloke who knows a bloke who knows a bloke. Now, I k...",Win (1 of 4)
186.,2009-09-28 13:45:37,113.40,100%,"This planet has, or rather had, a problem, which was this: m...",No win (2 of 2)
185.,2009-09-28 13:27:29,124.67,100%,"A little boy went out to play. When he opened his door, he s...",Win (1 of 3)
184.,2009-09-28 13:24:47,138.83,100%,"Ever since I was a child, folks have thought they had me peg...",Win (1 of 2)
183.,2009-09-28 13:23:20,131.91,100%,Let me tell you why you're here. You're here because you kno...,Win (1 of 4)
182.,2009-09-28 13:21:07,131.40,100%,"For centuries, the battle of morality was fought between tho...",No win (2 of 2)
181.,2009-09-28 13:20:15,139.80,100%,All time is all time. It does not change. It does not lend i...,Win (1 of 2)
180.,2009-09-28 13:18:40,120.45,100%,"Comfortable, Mullet? It seems sadly ironic that it's that ti...",Win (1 of 2)
179.,2009-09-28 13:17:52,121.64,100%,"Let's sort the buyers from the spiers, the needy from the gr...",Win (1 of 2)
178.,2009-09-28 02:40:26,122.77,100%,"In the casino, the cardinal rule is to keep them playing and...",No win (2 of 3)
177.,2009-09-28 02:38:52,121.32,100%,"Let's sort the buyers from the spiers, the needy from the gr...",Win (1 of 3)
176.,2009-09-28 02:37:53,117.02,100%,"Whether they use the title or not, many lyrics have evocativ...",Win (1 of 4)
175.,2009-09-27 20:58:17,126.49,100%,It was one of those days when it's a minute away from snowin...,Win (1 of 3)
174.,2009-09-23 12:12:11,125.11,100%,"Every craft and every investigation, and likewise every acti...",Win (1 of 2)
173.,2009-09-23 12:10:54,104.64,100%,"In May 1980, Fidel Castro opened the harbor at Mariel, Cuba ...",Win (1 of 2)
171.,2009-09-18 16:58:34,123.27,100%,"To evaluate an option from the other side's point of view, c...",No win (2 of 3)
170.,2009-09-18 16:57:42,116.59,100%,All time is all time. It does not change. It does not lend i...,No win (3 of 3)
169.,2009-09-18 16:56:51,128.23,100%,Even the best-designed chair won't make up for bad posture. ...,Win (1 of 3)
168.,2009-09-18 16:55:02,120.03,100%,We all know people who are very bright but who do not always...,Win (1 of 3)
167.,2009-09-18 16:48:41,121.85,100%,"I had a job, I had a girl. I had something going, mister, in...",Win (1 of 2)
166.,2009-09-18 16:47:18,122.12,100%,The odds are that you will generally meet the worst of them....,Win (1 of 4)
165.,2009-09-18 16:46:45,127.77,100%,"The problem is, Willie, is that Charles and yourself are not...",Win (1 of 3)
164.,2009-09-18 16:46:08,126.73,100%,"Ticking away the moments that make up a dull day, you fritte...",No win (3 of 4)
163.,2009-09-18 14:18:47,126.89,100%,Now I want you to think and stop being a smart aleck. A man'...,No win (2 of 3)
162.,2009-09-18 14:17:15,113.16,100%,"And today, Lady Liberty is under attack from the cable chann...",Win (1 of 3)
161.,2009-09-18 14:11:52,126.35,100%,"In the casino, the cardinal rule is to keep them playing and...",Win (1 of 4)
160.,2009-09-18 14:10:42,123.36,100%,If I'm curt with you it's because time is a factor. I think ...,Win (1 of 4)
159.,2009-09-18 14:10:08,121.01,100%,"Many people limit themselves to leading boring, dull lives b...",No win (2 of 2)
158.,2009-09-18 14:09:22,126.72,100%,"Life is not suffering; it's just that you will suffer it, ra...",Win (1 of 4)
157.,2009-09-18 14:07:27,118.89,100%,"I know a bloke who knows a bloke who knows a bloke. Now, I k...",Win (1 of 3)
156.,2009-09-18 14:05:46,116.38,100%,The beginner writes just twenty pieces. The professional wri...,Win (1 of 2)
155.,2009-09-17 14:54:59,143.74,100%,There's sometimes a buggy. How many drivers does a buggy hav...,Win (1 of 5)
154.,2009-09-17 14:54:19,117.88,100%,"It was a marvelous night, the sort of night one only experie...",Win (1 of 3)
153.,2009-09-17 14:52:31,139.71,100%,"The Earth is a world, the world is a ball, a ball in a game ...",Win (1 of 3)
152.,2009-09-17 14:48:14,117.65,100%,Step out the front door like a ghost into the fog where no o...,No win (2 of 3)
151.,2009-09-17 14:47:19,118.57,100%,The example of painting can teach us not only how to manage ...,No win (3 of 3)
150.,2009-09-17 14:45:01,122.81,100%,If I'm curt with you it's because time is a factor. I think ...,No win (2 of 3)
149.,2009-09-17 14:43:40,120.12,100%,I suddenly had the impression that I had been left all alone...,No win (2 of 3)
148.,2009-09-15 17:42:57,132.69,100%,"The sooner your kids appreciate the value of work, the more ...",Win (1 of 3)
147.,2009-09-15 13:09:48,115.85,100%,"I know a bloke who knows a bloke who knows a bloke. Now, I k...",Win (1 of 5)
146.,2009-09-15 13:09:15,128.85,100%,One essential rule: make sure the joke is the last possible ...,Win (1 of 2)
145.,2009-09-15 09:45:55,128.05,100%,"When I was your age, television was called books. And this i...",No win (2 of 3)
144.,2009-09-15 09:44:39,118.68,100%,I still see things that are not here. I just choose not to a...,Win (1 of 2)
143.,2009-09-14 15:50:07,121.24,100%,But if in efficient causes it is possible to go on to infini...,Win (1 of 3)
142.,2009-09-14 15:49:09,121.25,100%,I drew the blankets over my head and tried to think of Chris...,No win (1 of 1)
141.,2009-09-14 15:45:44,117.70,100%,"As if that blind rage had washed me clean, rid me of hope; f...",Win (1 of 3)
140.,2009-09-14 15:43:59,133.58,100%,"I had a job, I had a girl. I had something going, mister, in...",No win (2 of 3)
139.,2009-09-14 15:41:54,122.99,100%,Every time I think of you I feel shot right through with a b...,Win (1 of 3)
138.,2009-09-14 15:40:52,115.79,100%,"I went to the woods because I wished to live deliberately, t...",Win (1 of 4)
137.,2009-09-14 15:40:15,135.74,100%,The time has come for man to set himself a goal. The time ha...,No win (2 of 2)
136.,2009-09-14 15:39:24,123.96,100%,"When you are typing on a typewriter, your input appears dire...",Win (1 of 2)
135.,2009-09-14 14:55:28,126.85,100%,"There is no pain, you are receding. A distant ship smoke on ...",Win (1 of 3)
134.,2009-09-14 14:53:30,132.83,100%,"You have a class of young strong men and women, and they wan...",Win (1 of 2)
133.,2009-09-14 14:52:51,122.75,100%,"If I leave here tomorrow, would you still remember me? For I...",No win (2 of 2)
132.,2009-09-14 14:52:07,127.40,100%,"They say that right after God created man, he took a rib fro...",Win (1 of 2)
131.,2009-09-14 14:50:25,115.94,100%,"Everyone said I was daft to build a castle on a swamp, but I...",Win (1 of 2)
130.,2009-09-14 14:48:20,116.85,100%,"There is no physical separation after the slicing, so that e...",Win (1 of 4)
129.,2009-09-04 16:31:01,120.87,100%,"A long time ago, I was in Burma, my friends and I were worki...",Win (1 of 4)
128.,2009-09-04 16:29:40,135.82,100%,But the two men were not lonely at all. At home they were co...,Win (1 of 2)
127.,2009-09-04 16:25:43,126.92,100%,"To evaluate an option from the other side's point of view, c...",Win (1 of 4)
126.,2009-09-04 16:24:33,125.79,100%,How many roads must a man walk down before you call him a ma...,Win (1 of 3)
125.,2009-09-04 16:21:22,124.65,100%,"If you are given too many choices, if you are forced to cons...",Win (1 of 4)
124.,2009-09-04 16:19:43,126.73,100%,One essential rule: make sure the joke is the last possible ...,Win (1 of 4)
123.,2009-09-04 16:18:56,120.03,100%,We've known each other for many years but this is the first ...,Win (1 of 5)
122.,2009-09-04 11:55:07,121.24,100%,"When I was your age, television was called books. And this i...",Win (1 of 5)
121.,2009-08-28 11:15:06,121.74,100%,It was hard to toss things I had once thought were valuable ...,No win (3 of 4)
120.,2009-08-28 11:12:46,122.14,100%,I said that I would see you because I had heard that you wer...,No win (3 of 3)
119.,2009-08-28 11:11:44,125.67,100%,A glooming peace this morning with it brings. The sun for so...,No win (2 of 3)
118.,2009-08-28 11:10:42,115.64,100%,"A computer needs a manager to administer its operations, jus...",Win (1 of 3)
117.,2009-08-28 11:09:19,117.86,100%,"Do you smell that? Napalm, son. Nothing else in the world sm...",Win (1 of 3)
116.,2009-08-28 11:07:47,122.14,100%,"Common knowledge has bicyclists always riding into the wind,...",No win (2 of 3)
115.,2009-08-28 11:06:12,120.03,100%,"That day, for no particular reason, I decided to go for a li...",No win (3 of 3)
114.,2009-08-28 11:03:18,113.31,100%,"And in the world a heart of darkness, a firezone, where poet...",Win (1 of 2)
113.,2009-08-27 13:55:01,109.95,100%,Jay made up for the lack of glamour in his assignment by hav...,No win (2 of 5)
112.,2009-08-27 11:50:21,138.89,100%,"Ever since I was a child, folks have thought they had me peg...",Win (1 of 3)
111.,2009-08-27 11:49:54,120.73,100%,"Keying text quickly is important, but it is more important t...",Win (1 of 3)
110.,2009-08-27 11:49:16,128.97,100%,It is possible that I already had some presentiment of my fu...,Win (1 of 3)
109.,2009-08-27 11:48:34,108.74,100%,"A zealot might be, for instance, an individual with a person...",Win (1 of 3)
108.,2009-08-27 11:47:40,108.29,100%,There was a stage and a PA up in western Massachusetts and t...,No win (2 of 4)
107.,2009-08-27 11:46:53,130.75,100%,A glooming peace this morning with it brings. The sun for so...,Win (1 of 3)
106.,2009-08-27 11:45:23,112.57,100%,Now I want you to think and stop being a smart aleck. A man'...,No win (2 of 3)
105.,2009-08-27 11:44:14,124.84,100%,Step out the front door like a ghost into the fog where no o...,Win (1 of 2)
104.,2009-08-27 11:43:28,118.55,100%,It is possible that I already had some presentiment of my fu...,No win (2 of 3)
103.,2009-08-27 11:42:52,121.31,100%,"The Earth is a world, the world is a ball, a ball in a game ...",No win (2 of 2)
102.,2009-08-27 11:42:22,105.99,100%,In order to become an elf I filled out ten pages' worth of f...,No win (2 of 5)
101.,2009-08-27 11:41:37,114.97,100%,One essential rule: make sure the joke is the last possible ...,Win (1 of 2)
100.,2009-08-26 15:11:15,105.84,100%,"When we pulled out into the winter night and the real snow, ...",No win (2 of 5)
99.,2009-08-26 15:09:43,130.31,100%,"You have a class of young strong men and women, and they wan...",Win (1 of 2)
98.,2009-08-26 15:08:12,120.77,100%,"When Betty and Billy fell asleep, he walked down to the kitc...",Win (1 of 2)
97.,2009-08-26 15:07:20,127.30,100%,"For centuries, the battle of morality was fought between tho...",Win (1 of 3)
96.,2009-08-26 15:06:36,121.18,100%,"Let's sort the buyers from the spiers, the needy from the gr...",No win (2 of 3)
95.,2009-08-26 15:05:40,121.38,100%,"Ticking away the moments that make up a dull day, you fritte...",Win (1 of 3)
94.,2009-08-26 15:04:24,105.70,100%,So what's in this for you? Should you rush out in search of ...,Win (1 of 5)
93.,2009-08-26 15:03:30,123.37,100%,If there is one thing the history of evolution has taught us...,Win (1 of 5)
92.,2009-08-26 14:48:04,128.64,100%,She's got eyes of the bluest skies as if they thought of rai...,Win (1 of 2)
91.,2009-08-26 12:14:02,123.65,100%,"The problem is, Willie, is that Charles and yourself are not...",Win (1 of 4)
90.,2009-08-26 11:59:19,111.51,100%,"Let's sort the buyers from the spiers, the needy from the gr...",Win (1 of 5)
89.,2009-08-26 11:58:41,103.84,100%,"Hello, hello, hello, is there anybody in there? Just nod if ...",Win (1 of 3)
88.,2009-08-26 11:57:47,118.54,100%,I thought climbing the Devil's Thumb would fix all that was ...,Win (1 of 4)
87.,2009-08-26 11:57:08,107.50,100%,By studying the cooling of pizza in the gravity free environ...,No win (2 of 3)
86.,2009-08-25 14:48:37,109.95,100%,"Throughout my academic career, I'd given some pretty good ta...",Win (1 of 4)
85.,2009-08-25 14:47:10,115.96,100%,I said that I would see you because I had heard that you wer...,No win (2 of 3)
84.,2009-08-25 14:46:16,123.23,100%,I said that I would see you because I had heard that you wer...,No win (2 of 4)
83.,2009-08-25 14:45:27,112.05,100%,The beginner writes just twenty pieces. The professional wri...,No win (3 of 3)
82.,2009-08-25 14:44:49,118.06,100%,"Some pilots like the excitement of our missions, knowing tha...",Win (1 of 2)
81.,2009-08-25 14:41:37,122.15,100%,"If we all go for the blonde and block each other, not a sing...",Win (1 of 5)
80.,2009-08-24 13:55:51,106.56,100%,"Whether they use the title or not, many lyrics have evocativ...",No win (2 of 3)
79.,2009-08-24 13:49:27,112.54,100%,The only message I got was from the company that holds my st...,No win (2 of 3)
78.,2009-08-21 15:17:10,114.47,100%,Overhead the albatross hangs motionless upon the air and dee...,Win (1 of 3)
77.,2009-08-21 15:15:31,119.15,100%,"The sooner your kids appreciate the value of work, the more ...",Win (1 of 3)
76.,2009-07-24 16:03:17,128.23,100%,"If we all go for the blonde and block each other, not a sing...",Win (1 of 2)
75.,2009-07-24 16:02:16,109.30,100%,"Well, it just so happens, this hacienda comes with its very ...",Win (1 of 3)
74.,2009-07-24 16:01:42,117.56,100%,"I was hugely impressed. Kirk, I mean Shatner, was the ultima...",Win (1 of 2)
73.,2009-07-24 16:00:27,110.65,100%,"As if that blind rage had washed me clean, rid me of hope; f...",Win (1 of 4)
72.,2009-07-24 15:59:36,107.91,100%,Data is by definition easy to copy. And the Internet makes c...,Win (1 of 3)
71.,2009-07-24 15:58:23,112.00,100%,I'd just like to point out that you were given every opportu...,Win (1 of 2)
70.,2009-07-24 15:56:23,114.62,100%,"When I was your age, television was called books. And this i...",No win (2 of 2)
69.,2009-07-24 11:53:25,113.14,100%,"I hope that whoever you are, you escape this place. I hope t...",Win (1 of 2)
68.,2009-07-24 10:40:19,106.06,100%,So what's in this for you? Should you rush out in search of ...,Win (1 of 4)
67.,2009-07-24 10:32:00,122.76,100%,Let me tell you why you're here. You're here because you kno...,Win (1 of 4)
66.,2009-07-24 10:31:04,122.81,100%,"She's got a smile that, it seems to me, reminds me of childh...",Win (1 of 4)
65.,2009-07-24 10:30:24,105.97,100%,"There is no pain, you are receding. A distant ship smoke on ...",Win (1 of 5)
64.,2009-07-03 01:33:08,122.92,100%,I am learning about twenty new Italian words a day. Where am...,Win (1 of 3)
63.,2009-06-26 11:04:09,120.45,100%,If there is one thing the history of evolution has taught us...,Win (1 of 3)
62.,2009-06-26 11:02:45,134.84,100%,"For centuries, the battle of morality was fought between tho...",Win (1 of 3)
61.,2009-06-12 14:50:44,125.04,100%,"I had a dream. There was our world, and the world was dark b...",Win (1 of 3)
60.,2009-06-12 14:48:25,117.50,100%,The only preventive thing I do is wash clothes after buying ...,Win (1 of 4)
59.,2009-06-12 14:47:50,100.10,100%,"They had been given a sign - a powerful, lucid sign - that u...",Win (1 of 2)
58.,2009-06-12 14:46:40,125.25,100%,"That's Tommy. He tells people he was named after a gun, but ...",Win (1 of 3)
57.,2009-06-04 10:12:25,101.32,100%,"A computer needs a manager to administer its operations, jus...",No win (2 of 2)
56.,2009-06-04 10:11:47,120.80,100%,"When I really worry about something, I don't just fool aroun...",Win (1 of 3)
55.,2009-06-04 10:11:11,109.37,100%,Most popular song lyrics have two sections - a verse and a b...,No win (2 of 3)
54.,2009-06-04 10:10:28,104.67,100%,"It was a marvelous night, the sort of night one only experie...",Win (1 of 4)
53.,2009-06-04 10:09:53,107.38,100%,"Whenever you watch the mind, you withdraw consciousness from...",No win (2 of 3)
52.,2009-06-04 10:07:50,118.73,100%,Is it really necessary to send that email? The more emails y...,Win (1 of 4)
51.,2009-06-04 10:07:11,114.34,100%,I said that I would see you because I had heard that you wer...,No win (2 of 3)
50.,2009-05-19 10:43:05,119.49,100%,"Often, we assume that a familiar situation will be but a rep...",Win (1 of 5)
49.,2009-05-19 10:40:28,126.16,100%,"It was a marvelous night, the sort of night one only experie...",Win (1 of 4)
48.,2009-05-11 14:17:54,115.36,100%,It doesn't mean much to be able to filter out most present-d...,Win (1 of 3)
47.,2009-05-11 14:17:17,110.62,100%,I've seen things you people wouldn't believe. Attack ships o...,Win (1 of 3)
46.,2009-05-11 14:16:18,114.94,100%,"Life is not suffering; it's just that you will suffer it, ra...",Win (1 of 5)
45.,2009-05-11 09:34:32,121.24,100%,"A long time ago, I was in Burma, my friends and I were worki...",Win (1 of 4)
44.,2009-05-11 09:31:19,123.86,100%,"If you are given too many choices, if you are forced to cons...",Win (1 of 4)
43.,2009-05-11 09:30:38,120.53,100%,"A computer needs a manager to administer its operations, jus...",Win (1 of 3)
42.,2009-04-23 16:18:39,124.79,100%,"I hope that whoever you are, you escape this place. I hope t...",No win (2 of 5)
41.,2009-03-27 16:01:18,122.87,100%,There is something about yourself that you don't know. Somet...,Win (1 of 4)
40.,2009-03-27 15:57:32,111.33,100%,Quality humor doesn't just deliver one gag and then tax the ...,No win (2 of 4)
39.,2009-02-13 12:39:30,105.35,100%,Do you know what they call a Quarter-pounder with cheese in ...,No win (2 of 4)
38.,2009-02-13 12:38:00,104.66,100%,"Look, you should admit to yourself that Microsoft will miss ...",Win (1 of 5)
37.,2009-02-13 12:14:00,117.09,100%,"The brain can be a tool. It can recall phone numbers, solve ...",No win (2 of 5)
36.,2009-02-13 12:11:30,110.12,100%,"Get it straight buster - I'm not here to say please, I'm her...",Win (1 of 5)
35.,2009-02-13 12:08:56,122.40,100%,"I had a dream. There was our world, and the world was dark b...",Win (1 of 3)
34.,2009-02-13 12:07:42,121.80,100%,"I hope that whoever you are, you escape this place. I hope t...",No win (2 of 4)
33.,2009-02-13 11:07:14,105.53,100%,"The result has been the emergence of what some call the ""win...",Win (1 of 3)
32.,2009-02-13 09:47:33,124.47,100%,"As if that blind rage had washed me clean, rid me of hope; f...",Win (1 of 5)
31.,2009-02-13 09:44:59,110.01,100%,Involuntarily I glanced seaward - and distinguished nothing ...,Win (1 of 2)
30.,2009-02-13 09:44:06,109.89,100%,I said that I would see you because I had heard that you wer...,Win (1 of 5)
29.,2009-02-13 09:42:15,113.50,100%,What should have been swift revenge turned into an all out w...,Win (1 of 4)
28.,2009-02-13 09:40:22,125.78,100%,Remember that humor is written backwards. That means you fir...,Win (1 of 2)
27.,2009-02-13 09:39:56,101.28,100%,Space is big. Really big. You just won't believe how vastly ...,Win (1 of 3)
26.,2009-02-13 09:39:04,93.25,100%,"Hey Mr. Tambourine Man, play a song for me, I'm not sleepy a...",No win (2 of 4)
25.,2009-02-12 17:02:44,121.77,100%,It was one of those days when it's a minute away from snowin...,Win (1 of 4)
24.,2009-02-12 17:01:48,119.26,100%,If there is one thing the history of evolution has taught us...,No win (2 of 4)
23.,2009-02-12 17:00:22,112.02,100%,"Because they're at the bottom of the scale, nerds are a safe...",No win (2 of 3)
22.,2009-02-12 16:59:43,102.83,100%,"What good's a reward if you ain't around to use it? Besides,...",Win (1 of 4)
21.,2009-02-12 16:59:00,97.60,100%,"Keying text quickly is important, but it is more important t...",No win (2 of 5)
20.,2009-02-12 14:26:15,123.59,100%,"I hope that whoever you are, you escape this place. I hope t...",Win (1 of 4)
19.,2009-02-12 13:54:52,123.17,100%,One thing I've learned in the last seven years: in every gam...,Win (1 of 3)
18.,2009-02-12 13:54:09,115.53,100%,All time is all time. It does not change. It does not lend i...,Win (1 of 5)
17.,2009-02-12 13:53:06,105.22,100%,So what's in this for you? Should you rush out in search of ...,Win (1 of 3)
16.,2009-02-12 13:51:42,107.09,100%,"The Orient was almost a European invention, and had been sin...",Win (1 of 5)
15.,2009-02-12 13:50:46,112.32,100%,What? A swallow carrying a coconut? It's not a question of w...,Win (1 of 3)
14.,2009-02-12 13:49:52,101.43,100%,"A lot of people, especially this one psychoanalyst guy they ...",Win (1 of 5)
13.,2009-02-12 13:47:59,115.25,100%,"The Earth is a world, the world is a ball, a ball in a game ...",No win (2 of 4)
12.,2009-02-12 13:47:08,115.26,100%,Do I really look like a guy with a plan? You know what I am?...,Win (1 of 4)
11.,2009-02-12 13:45:41,134.09,100%,San Francisco in the middle sixties was a very special time ...,Win (1 of 2)
10.,2009-02-12 13:43:02,121.46,100%,The most precious treasures we have in life are the images w...,Win (1 of 5)
9.,2009-02-12 13:42:16,113.23,100%,"A little boy went out to play. When he opened his door, he s...",Win (1 of 5)
8.,2009-02-12 13:41:25,125.12,100%,"When I really worry about something, I don't just fool aroun...",Win (1 of 5)
7.,2009-02-12 13:40:43,112.33,100%,Involuntarily I glanced seaward - and distinguished nothing ...,Win (1 of 4)
6.,2009-02-12 13:39:48,106.57,100%,"""This man right here,"" McGuinness said, pointing at Kenna, ""...",Win (1 of 4)
5.,2009-02-10 13:54:43,109.29,100%,What should have been swift revenge turned into an all out w...,Win (1 of 3)
4.,2009-02-10 13:53:44,114.79,100%,One essential rule: make sure the joke is the last possible ...,Win (1 of 5)
3.,2009-02-10 13:51:48,99.07,100%,"Whenever you watch the mind, you withdraw consciousness from...",Win (1 of 5)
2.,2009-02-10 13:50:20,102.35,100%,"In short order, Carter then proceeded to kill any chance he ...",Win (1 of 5)
1.,2009-02-10 13:49:21,112.64,100%,There's sometimes a buggy. How many drivers does a buggy hav...,Win (1 of 3)
