593.,2017-10-18 14:34:52,120.51,97%,At first they had tried to keep the finding quiet. After all...,Win (1 of 5)
592.,2017-10-17 14:37:11,117.65,99%,"And I am whatever you say I am. If I wasn't, then why would ...",Win (1 of 4)
591.,2017-10-17 14:34:56,113.22,96%,"Both ways set out from the senses and particulars, and rest ...",Win (1 of 2)
590.,2017-10-05 16:01:41,118.82,96%,"I took her hand in mine, and we went out of the ruined place...",No win (3 of 4)
589.,2017-07-31 20:11:44,142.73,98%,"Don't look so disappointed, dear one. Just try them on. Toda...",Win (1 of 2)
588.,2017-07-31 20:05:53,157.94,99%,"Suffering has been stronger than all other teaching, and has...",Win (1 of 2)
587.,2017-07-31 20:03:06,143.75,99%,"On the 11:00 news tonight, a certain kind of soft drink has ...",Win (1 of 2)
586.,2017-07-31 19:59:53,153.39,99%,"He is in great fear, not knowing what mighty one may suddenl...",Win (1 of 3)
585.,2017-07-31 19:58:48,74.12,97%,"After you got six pieces, you gotta get rid of 'em. Of cours...",Win (1 of 3)
584.,2017-01-31 04:25:24,125.26,96%,"How many winners were losers, successes failures, rich men p...",Win (1 of 2)
583.,2017-01-31 02:45:57,113.64,95%,"Salvation must grow out of understanding, total understandin...",No win (2 of 2)
582.,2017-01-31 02:43:00,121.45,94%,Many rivers to cross but I can't seem to find my way over. W...,Win (1 of 3)
581.,2016-12-29 06:27:35,99.10,84%,We're no strangers to love. You know the rules and so do I. ...,No win (2 of 3)
580.,2016-12-29 06:26:12,150.04,99%,"I went to the woods because I wished to live deliberately, t...",Win (1 of 3)
579.,2016-12-29 06:25:18,149.13,99%,"In the witch trials, it was nearly impossible to provide com...",Win (1 of 4)
578.,2016-12-28 21:21:33,135.35,96%,Stab a sorry heart with your favorite finger. Paint the whol...,No win (1 of 1)
577.,2016-12-28 21:16:30,142.31,97%,"It was a marvelous night, the sort of night one only experie...",Win (1 of 2)
576.,2016-12-28 21:14:46,132.30,98%,"Yeah, you just take Soupy-Sales to prom 'cause I can think o...",Win (1 of 4)
575.,2016-12-28 21:12:46,108.34,88%,One just can't imagine what prison is like from outside. You...,Win (1 of 4)
574.,2016-12-28 21:11:20,147.38,96%,I can and do say that nothing human beings have ever before ...,Win (1 of 2)
573.,2016-12-28 21:10:23,129.25,99%,I've met another man. He's the best man I've ever met. He's ...,Win (1 of 5)
572.,2016-12-28 21:09:55,127.66,94%,Being able to quit things that don't work is integral to bei...,Win (1 of 5)
571.,2016-12-28 21:08:21,131.89,93%,"There are perhaps twenty regular posters on the forum, and s...",Win (1 of 2)
570.,2016-12-28 21:06:43,104.67,92%,Many wines have more than 14 percent alcohol because the win...,No win (2 of 4)
569.,2016-12-13 11:53:54,107.89,95%,"Come on, kid, don't fool around. Just let your hand drop to ...",Win (1 of 2)
568.,2016-12-13 11:52:52,131.60,94%,"Pause you who read this, and think for a moment of the long ...",Win (1 of 4)
567.,2016-12-13 11:52:09,120.09,99%,"And now, as I close my task, subduing my desire to linger ye...",Win (1 of 4)
566.,2016-12-13 11:51:25,119.90,96%,My severe injuries had healed and the sweet taste of blood c...,Win (1 of 4)
565.,2016-12-13 11:50:29,106.50,94%,"I know you're into banks and Wall Street, but everyone knows...",No win (3 of 4)
564.,2016-12-04 15:02:14,114.69,91%,"I used to analyze myself down to the last thread, used to co...",Win (1 of 4)
563.,2016-12-04 14:58:56,95.34,89%,"In 1966, Andy Dufresne escaped from Shawshank prison. All th...",No win (2 of 5)
562.,2016-12-03 16:17:30,136.08,98%,"You ask Raymond what he does for a living and he says, ""I br...",No win (2 of 5)
561.,2016-12-03 16:16:38,120.26,95%,In order to face down the danger that is stalking us and mov...,No win (2 of 5)
560.,2016-12-03 16:10:16,108.97,92%,"A robot may not injure a human being, or, through inaction, ...",No win (2 of 2)
559.,2016-12-03 16:09:24,131.25,95%,You don't care about anything except you. You just want to p...,No win (2 of 4)
558.,2016-12-03 16:08:44,129.60,96%,"Gentlemen: You have undertaken to cheat me. I won't sue you,...",No win (2 of 2)
557.,2016-12-03 16:08:15,115.98,94%,I had a friend who was a heavy drinker. If somebody asked hi...,No win (2 of 2)
556.,2016-12-03 16:07:38,110.04,94%,Facts can be thought of as objective or subjective. Things a...,No win (3 of 5)
555.,2016-12-01 05:37:30,104.59,88%,All the blue light reflections that color my mind when I sle...,No win (3 of 3)
554.,2016-11-30 04:33:20,107.81,88%,"Every magic trick consists of three parts, or acts. The firs...",No win (2 of 2)
553.,2016-11-30 04:29:00,155.73,98%,Any one can get angry - that is easy - or give or spend mone...,Win (1 of 5)
552.,2016-11-30 04:26:45,148.83,98%,"As if that blind rage had washed me clean, rid me of hope; f...",Win (1 of 3)
551.,2016-11-29 03:15:15,123.41,94%,Lucid but wholly false recollections can easily be induced b...,Win (1 of 2)
550.,2016-11-29 03:13:01,103.73,88%,The one place where a man ought to get a square deal is in a...,No win (3 of 3)
549.,2016-11-29 03:11:31,116.98,91%,Ideology: the process of making ideas. The work was generall...,Win (1 of 4)
548.,2016-11-25 15:25:35,124.05,90%,All that year the animals worked like slaves. But they were ...,Win (1 of 3)
547.,2016-11-25 15:24:54,120.51,90%,All time is all time. It does not change. It does not lend i...,No win (2 of 3)
546.,2016-11-25 15:24:20,110.63,88%,I was looking for myself and asking everyone except myself q...,No win (3 of 4)
545.,2016-11-25 15:23:40,129.34,95%,"It's a blue savanna song: somewhere cross the desert, someti...",No win (2 of 5)
544.,2016-11-25 15:22:37,114.87,90%,"The idea of ""Mr. Right"" has been passed down over the genera...",No win (2 of 4)
543.,2016-11-25 15:21:44,106.22,87%,I've always wondered about this coat business. When I'm in a...,No win (3 of 4)
542.,2016-11-25 15:21:00,133.10,94%,"You know I hate, detest, and can't bear a lie, not because I...",No win (2 of 3)
541.,2016-11-25 15:20:22,124.37,91%,"You know when I was your age, I went out to fishing with all...",No win (2 of 3)
540.,2016-11-25 15:19:53,108.66,92%,The invention of the wheel represented a major turning point...,No win (2 of 3)
539.,2016-11-25 15:19:08,156.81,99%,The only preventive thing I do is wash clothes after buying ...,Win (1 of 2)
538.,2016-11-25 15:18:21,116.43,90%,"You don't know what's in store, but you know what you're her...",No win (2 of 3)
537.,2016-11-25 15:17:16,112.46,93%,"I'd been walking for hours and, as usual, I'd lost track of ...",No win (3 of 3)
536.,2016-11-25 00:31:47,120.42,91%,"Contrary to the feminist cant, there are many things we can ...",Win (1 of 2)
535.,2016-11-22 20:53:15,117.25,93%,For a transitory enchanted moment man must have held his bre...,No win (2 of 5)
534.,2016-11-22 13:38:26,136.11,95%,As much money and life as you could want! The two things mos...,Win (1 of 5)
533.,2016-11-22 13:36:45,106.84,92%,"One respondent said ""For women - a lot of games are crap - t...",No win (2 of 3)
532.,2016-11-22 13:36:03,141.80,100%,And I will strike down upon thee with great vengeance and fu...,Win (1 of 4)
531.,2016-11-22 13:35:27,146.43,98%,Solving the following riddle will reveal the awful secret be...,Win (1 of 4)
530.,2016-11-22 13:34:54,109.53,94%,He was perfectly astonished with the historical account gave...,No win (3 of 4)
529.,2016-11-22 13:34:03,121.57,96%,Droll thing life is - that mysterious arrangement of mercile...,No win (3 of 5)
528.,2016-11-22 13:33:32,123.06,92%,"She's got a smile that, it seems to me, reminds me of childh...",No win (3 of 5)
527.,2016-11-22 13:32:58,115.22,91%,"Look at the stars. Same stars as last week, last year, when ...",No win (2 of 3)
526.,2016-11-22 13:32:31,133.39,96%,Too often writers believe that they can emphasize words by p...,No win (2 of 4)
525.,2016-11-22 13:30:25,149.76,97%,There comes a point when you just love someone. Not because ...,Win (1 of 4)
524.,2016-11-22 13:28:10,137.45,94%,And isn't that a minor miracle? The state of the world today...,Win (1 of 3)
523.,2016-11-22 13:27:40,103.13,85%,"I have dreamt in my life, dreams that have stayed with me ev...",No win (2 of 2)
522.,2016-11-22 13:26:52,112.40,95%,But if in efficient causes it is possible to go on to infini...,No win (2 of 3)
521.,2016-11-22 13:26:00,130.93,96%,"Imagine a vast sheet of paper on which straight Lines, Trian...",Win (1 of 4)
520.,2016-11-22 13:23:41,130.86,97%,A glooming peace this morning with it brings. The sun for so...,Win (1 of 5)
519.,2016-11-22 13:22:53,109.64,92%,"No man is an island, entire of itself; every man is a piece ...",No win (2 of 5)
518.,2016-11-22 13:21:58,146.97,97%,One essential rule: make sure the joke is the last possible ...,No win (2 of 4)
517.,2016-11-22 13:21:26,123.26,94%,We have a criminal jury system which is superior to any in t...,Win (1 of 4)
516.,2016-11-22 13:20:51,107.07,89%,I walked into the store. After the buzzing and booming of th...,No win (3 of 5)
515.,2016-11-22 13:19:52,126.48,93%,We don't need no education. We don't need no thought control...,Win (1 of 5)
514.,2016-11-22 13:19:12,133.30,96%,"As a child, I was aware that, at night, infrared vision woul...",No win (3 of 4)
513.,2016-11-22 13:18:33,125.31,94%,"But I'm glad you'll see me as I am. Above all, I wouldn't wa...",Win (1 of 2)
512.,2016-11-22 13:17:55,116.41,93%,"Let's sort the buyers from the spiers, the needy from the gr...",No win (2 of 2)
511.,2016-11-22 13:17:04,122.51,95%,We may climb into the thin and cold realm of pure geometry a...,No win (2 of 4)
510.,2016-11-22 13:16:28,136.08,97%,The problem we now face is that this thin layer of atmospher...,Win (1 of 2)
509.,2016-11-22 13:15:37,120.06,92%,"Look Dave, I can see you're really upset about this. I hones...",No win (2 of 2)
508.,2016-11-22 13:14:55,123.47,95%,"It's a sunny, woodsy day in Lumberton, so get those chainsaw...",Win (1 of 3)
507.,2016-11-22 13:14:12,132.93,94%,So it's all come back round to breaking apart again. Breakin...,Win (1 of 3)
506.,2016-11-22 13:13:17,162.83,99%,If you're working out in front of a mirror and watching your...,Win (1 of 3)
505.,2016-11-22 13:11:52,125.24,94%,"People get ready, there's a train coming. You don't need no ...",Win (1 of 2)
504.,2016-11-22 13:11:14,138.32,97%,There's a hole in the world like a great black pit. And the ...,No win (2 of 3)
503.,2016-11-22 13:10:50,122.27,93%,Few smart kids can spare the attention that popularity requi...,Win (1 of 4)
502.,2016-11-22 13:09:50,139.58,95%,"Your face has fallen sad now, for you know the time is nigh....",Win (1 of 5)
501.,2016-11-22 13:09:17,129.54,93%,I don't like work - no man does - but I like what is in the ...,Win (1 of 4)
500.,2016-11-22 13:08:28,136.37,96%,"Every craft and every investigation, and likewise every acti...",Win (1 of 3)
499.,2016-11-22 13:07:17,155.06,96%,What incensed him the most was the blatant jokes of the ones...,Win (1 of 3)
498.,2016-11-22 13:05:03,103.46,91%,Few smart kids can spare the attention that popularity requi...,Win (1 of 5)
497.,2016-11-22 13:04:07,120.71,91%,Is that what your little note says? It must be hard living y...,Win (1 of 3)
496.,2016-11-21 19:32:21,155.47,99%,Once you get into the processed foods you have to be a fairl...,Win (1 of 2)
495.,2016-11-21 19:30:46,150.08,99%,Rhymes trap you into saying things you don't want to say. A ...,Win (1 of 5)
494.,2016-11-21 19:28:49,121.98,97%,Hacking will begin killing people soon. Already there are me...,No win (2 of 5)
493.,2016-11-21 19:26:41,110.91,91%,"It's our land. We were born on it, and we got killed on it, ...",No win (4 of 4)
492.,2016-11-20 13:13:40,104.08,90%,The streets were cleared by a Critical Mass bike ride and we...,Win (1 of 2)
491.,2016-11-20 13:12:53,133.88,94%,You've got a way to keep me on your side. You give me cause ...,Win (1 of 2)
490.,2016-11-18 19:10:09,129.89,95%,"The time I waited seemed endless, and I felt doubts and fear...",Win (1 of 4)
489.,2016-11-18 19:08:20,130.72,95%,I was pulled this way and that for longer than I can remembe...,Win (1 of 3)
488.,2016-11-18 19:07:30,136.10,97%,So what's in this for you? Should you rush out in search of ...,Win (1 of 4)
487.,2016-11-18 19:06:46,114.21,90%,Many rivers to cross but I can't seem to find my way over. W...,No win (3 of 4)
486.,2016-11-17 18:23:10,143.59,96%,I felt good and all washed clean of sin for the first time I...,Win (1 of 2)
485.,2016-11-17 18:19:29,127.09,95%,The place to improve the world is first in one's own heart a...,Win (1 of 5)
484.,2016-11-17 18:18:36,120.03,91%,"So ya, thought ya might like to go to the show. To feel the ...",Win (1 of 5)
483.,2016-11-17 18:15:44,125.17,93%,Caddy got the box and set it on the floor and opened it. It ...,Win (1 of 3)
482.,2016-11-17 18:14:59,151.19,98%,Humans need to practice what they are learning a good deal b...,Win (1 of 5)
481.,2016-11-17 18:14:15,156.02,100%,You have two choices: you can keep running and hiding and bl...,Win (1 of 3)
480.,2016-11-17 18:13:44,144.32,98%,"I had a dream. There was our world, and the world was dark b...",Win (1 of 3)
479.,2016-11-17 18:13:00,99.30,88%,The great edifice of variety and choice that is an American ...,No win (3 of 5)
478.,2016-11-17 18:10:30,125.32,94%,Why does an apple fall when it is ripe? Is it brought down b...,Win (1 of 4)
477.,2016-11-17 18:07:29,111.74,93%,"Geometry sets out from certain conceptions such as ""plane,"" ...",No win (2 of 5)
476.,2016-11-17 18:06:19,141.54,96%,"The creation ends in South Georgia, at the very edge of the ...",Win (1 of 4)
475.,2016-11-17 00:12:30,118.99,93%,Convection also plays a minor role because of the relative t...,Win (1 of 5)
474.,2016-11-17 00:11:26,121.03,91%,"Mostly, I could tell, I made him feel uncomfortable. He didn...",Win (1 of 4)
473.,2016-11-17 00:09:31,125.79,96%,Gardeners know how to grow top-notch crops. They determine w...,Win (1 of 3)
472.,2016-11-17 00:08:48,119.90,94%,"I can feel the heat closing in, feel them out there making t...",Win (1 of 3)
471.,2016-11-17 00:08:09,121.27,92%,The unknown future rolls toward us. I face it for the first ...,Win (1 of 5)
470.,2016-11-17 00:07:34,98.08,87%,"There is more to color than a swatch in a book, or a pull do...",No win (3 of 5)
469.,2016-11-17 00:06:14,105.05,92%,The Western States nervous under the beginning change. Texas...,Win (1 of 5)
468.,2016-11-17 00:05:19,142.71,94%,"Sometimes, you read a book and it fills you with this weird ...",Win (1 of 4)
467.,2016-11-17 00:04:33,120.82,95%,"That day, for no particular reason, I decided to go for a li...",No win (2 of 4)
466.,2016-11-17 00:03:45,98.79,88%,He had spent enormous amounts of time at the great libraries...,No win (2 of 3)
465.,2016-11-17 00:02:47,145.56,96%,There's sometimes a buggy. How many drivers does a buggy hav...,Win (1 of 4)
464.,2016-11-17 00:02:08,116.47,92%,"The fact that we live at the bottom of a deep gravity well, ...",Win (1 of 5)
463.,2016-11-17 00:00:32,126.39,95%,"Look Dave, I can see you're really upset about this. I hones...",No win (2 of 4)
462.,2016-11-16 23:57:10,123.84,93%,"Out of my thoughts! You are part of my existence, part of my...",No win (3 of 3)
461.,2016-11-16 23:56:05,113.62,90%,"Love is a command, not just a feeling. Somehow, in the roman...",No win (3 of 3)
460.,2016-11-13 15:51:36,81.66,88%,"Among other things, you'll find that you're not the first pe...",No win (3 of 4)
459.,2016-11-13 15:49:52,109.82,92%,"So ran the speech. Burdened and sick at heart, he feigned ho...",No win (2 of 4)
458.,2016-11-13 15:47:43,93.81,91%,So my heart goes out to them. Figuratively. I would never ac...,No win (2 of 3)
457.,2016-11-13 15:46:36,83.57,90%,"Come, Friend, you too must die. Why moan about it so? Even P...",No win (3 of 3)
456.,2016-11-05 14:34:36,120.73,94%,Aztec rule was based upon a system of tribute and fear over ...,Win (1 of 3)
455.,2016-11-05 14:32:34,125.24,91%,Every time I think of you I feel shot right through with a b...,No win (2 of 3)
454.,2016-11-05 14:31:14,113.16,91%,Wrongfully imprisoned action heroes rarely have the time to ...,Win (1 of 3)
453.,2016-11-05 14:30:27,106.80,90%,It's the possibility of having a dream come true that makes ...,No win (5 of 5)
452.,2016-11-05 14:29:44,150.33,98%,Antoon used to import paint cans. That's simply too expensiv...,Win (1 of 2)
451.,2016-11-05 14:26:07,128.58,93%,"Has it been five years? Six? It seems like a lifetime, the k...",Win (1 of 3)
450.,2016-11-05 14:25:16,114.05,91%,"I like them, I like them! I liked them first! Before I even ...",No win (3 of 5)
449.,2016-11-05 14:23:43,129.93,95%,Well I woke in mid-afternoon cause that's when it all hurts ...,Win (1 of 3)
448.,2016-11-05 14:22:14,124.91,96%,"As customers of all races, nationalities, and cultures visit...",Win (1 of 4)
447.,2016-11-05 14:20:49,112.96,92%,The only message I got was from the company that holds my st...,No win (3 of 3)
446.,2016-11-05 14:16:57,141.60,97%,"She's got a smile that, it seems to me, reminds me of childh...",Win (1 of 4)
445.,2016-11-05 14:14:28,148.10,96%,I must not fear. Fear is the mind killer. Fear is the little...,Win (1 of 3)
444.,2016-11-05 14:13:13,128.13,93%,There are still some places where you can get all you can ea...,Win (1 of 3)
443.,2016-11-05 14:11:25,154.50,97%,The awful thing is that beauty is mysterious as well as terr...,Win (1 of 5)
442.,2016-11-05 14:08:59,134.60,96%,"It led me by the hand, as if to fill the niches in the memor...",Win (1 of 5)
441.,2016-11-05 14:08:08,114.54,95%,"Disillusion is the greatest gift I can give you. But, becaus...",Win (1 of 2)
440.,2016-11-05 14:06:51,138.47,96%,Never give up on everything if one thing is too hard. Never ...,Win (1 of 4)
439.,2016-10-29 12:28:30,108.15,91%,"As customers of all races, nationalities, and cultures visit...",Win (1 of 3)
438.,2016-10-29 12:25:13,132.48,93%,I never said I would stay to the end - I knew I would leave ...,Win (1 of 5)
437.,2016-10-29 12:24:10,138.24,96%,"Today, you people are no longer maggots. Today, you are Mari...",Win (1 of 3)
436.,2016-10-29 12:22:48,110.47,94%,"The boy has not a real choice, has he? Self-interest, the fe...",No win (2 of 4)
435.,2016-10-29 12:22:04,120.51,93%,The day is made up of 24 hours and an infinite number of mom...,No win (3 of 5)
434.,2016-10-29 12:21:36,116.35,91%,"If I leave here tomorrow, would you still remember me? For I...",No win (2 of 3)
433.,2016-10-29 12:20:40,142.56,94%,It is part of the human nature always to judge others very s...,No win (2 of 2)
432.,2016-10-29 12:20:01,121.42,97%,"Well, it just so happens, this hacienda comes with its very ...",No win (2 of 5)
431.,2016-10-29 12:19:12,99.87,92%,"Pulp: 1. A soft, moist, shapeless mass or matter. 2. A magaz...",No win (3 of 4)
430.,2016-10-29 12:17:22,141.87,99%,"Listen up, maggots. You are not special. You are not a beaut...",Win (1 of 3)
429.,2016-10-29 12:16:44,106.55,93%,"According to the popular story, the keyboard invented by Aug...",No win (3 of 4)
428.,2016-10-29 12:15:43,103.74,90%,I'm telling it like it is. Get used to it or put this book d...,No win (3 of 3)
427.,2016-10-29 12:14:23,143.96,96%,"You found paradise in America. You had a good trade, made a ...",Win (1 of 2)
426.,2016-10-22 18:16:52,144.01,97%,I am learning about twenty new Italian words a day. Where am...,Win (1 of 4)
425.,2016-10-19 08:14:54,109.77,89%,"Now as to you poor devils? So as I see it, when it comes to ...",No win (2 of 3)
424.,2016-10-15 21:56:43,131.28,93%,"Let me tell you what's gonna happen, Officer Grimly. I'm goi...",No win (3 of 5)
423.,2016-10-15 13:34:14,119.21,90%,"Hey you... did you ever realize what you'd become, and did y...",Win (1 of 3)
422.,2016-10-15 13:33:24,135.78,96%,All time is all time. It does not change. It does not lend i...,No win (2 of 5)
421.,2016-10-15 13:32:50,129.80,96%,The feeling of having no power over people and events is gen...,No win (2 of 5)
420.,2016-10-15 13:30:41,126.06,94%,"Gentlemen: You have undertaken to cheat me. I won't sue you,...",Win (1 of 4)
419.,2016-10-15 13:28:00,119.77,93%,It doesn't mean much to be able to filter out most present-d...,Win (1 of 3)
418.,2016-10-15 13:27:09,139.60,96%,"Right, I am going to tell you how this works. You're going i...",Win (1 of 4)
417.,2016-10-13 13:33:52,130.76,94%,"The problem is, Willie, is that Charles and yourself are not...",Win (1 of 3)
416.,2016-10-13 13:25:41,69.20,93%,"The only people for me are the mad ones, the ones who are ma...",No win (2 of 2)
415.,2016-10-10 17:14:28,113.33,89%,"Look and think as far ahead as possible. Often, a driver's n...",No win (2 of 3)
414.,2016-10-08 19:28:06,134.37,98%,I remember when we used to sit in the government yard in Tre...,Win (1 of 3)
413.,2016-10-08 19:27:33,135.63,95%,"What good's a reward if you ain't around to use it? Besides,...",Win (1 of 2)
412.,2016-10-08 18:10:21,122.77,95%,"The term ""barbarian"" was created by the Greeks; it was origi...",Win (1 of 2)
411.,2016-10-08 18:07:08,123.34,93%,"Take care where you're going, doing all the things you do. E...",No win (2 of 3)
410.,2016-10-08 18:06:27,90.33,85%,"The point is that if you are a little different, or a little...",No win (2 of 3)
409.,2016-10-08 18:05:57,96.99,87%,"I like them, I like them! I liked them first! Before I even ...",No win (2 of 2)
408.,2016-10-08 18:05:06,141.76,97%,"You found paradise in America. You had a good trade, made a ...",Win (1 of 5)
407.,2016-10-08 18:04:28,134.94,94%,Through the darkness of future past the magician longs to se...,Win (1 of 4)
406.,2016-09-06 19:57:02,113.08,95%,"Finally, there are those languages, such as Turkish, Finnish...",Win (1 of 2)
405.,2016-09-06 19:54:46,134.82,96%,"I'm so glad you came, I'm so glad you remembered, the walkin...",Win (1 of 2)
404.,2016-09-06 19:51:37,113.99,92%,"As customers of all races, nationalities, and cultures visit...",Win (1 of 4)
403.,2016-09-06 19:49:55,148.50,98%,"I hope that whoever you are, you escape this place. I hope t...",Win (1 of 4)
402.,2016-09-06 19:47:55,129.56,96%,All time is all time. It does not change. It does not lend i...,Win (1 of 3)
401.,2016-09-06 19:46:59,96.31,89%,"Air-conditioned, odorless, illuminated by buzzing fluorescen...",No win (2 of 2)
400.,2016-09-06 19:46:06,122.41,97%,"In short order, Carter then proceeded to kill any chance he ...",Win (1 of 2)
399.,2016-09-06 19:45:07,111.02,90%,From compositional considerations the tomato layer would be ...,No win (3 of 4)
398.,2016-09-06 19:43:57,123.75,94%,Focus your attention on the Now and tell me what problem you...,No win (2 of 2)
397.,2016-09-06 19:42:52,170.58,99%,"So, I guess we are who we are for a lot of reasons. And mayb...",Win (1 of 5)
396.,2016-09-05 21:36:24,139.80,97%,I distrust a close-mouthed man. He generally picks the wrong...,Win (1 of 5)
395.,2016-09-05 21:35:35,119.56,93%,Any finite number divided by infinity is as near to nothing ...,No win (3 of 4)
394.,2016-09-05 21:34:46,152.70,98%,"When you decide to be something, you can be it. That's what ...",Win (1 of 5)
393.,2016-09-05 21:34:12,125.36,91%,"Never give up, no matter how far behind you are, no matter h...",No win (2 of 4)
392.,2016-09-05 21:33:16,120.56,97%,"Historian James C. Cobb has described southern identity as ""...",Win (1 of 5)
391.,2016-09-05 21:32:32,90.21,85%,At first they had tried to keep the finding quiet. After all...,No win (2 of 2)
390.,2016-09-05 21:31:33,118.36,90%,"I also thought about my wife, the most important person in m...",Win (1 of 5)
389.,2016-09-05 21:30:50,150.14,99%,The one place where a man ought to get a square deal is in a...,Win (1 of 2)
388.,2016-09-05 21:29:51,116.71,93%,I made a very important discovery at Camp Currie. Happiness ...,No win (3 of 3)
387.,2016-09-05 21:28:44,122.52,97%,"King, eh? Very nice. And how'd you get that, eh? By exploiti...",Win (1 of 4)
386.,2016-09-05 21:27:16,161.59,99%,"Right, I am going to tell you how this works. You're going i...",Win (1 of 4)
385.,2016-09-05 21:26:21,125.98,94%,"I rejected those answers; instead, I chose something differe...",Win (1 of 2)
384.,2016-09-05 21:25:09,144.87,98%,Focus your attention on the Now and tell me what problem you...,Win (1 of 3)
383.,2016-09-05 21:23:57,113.48,92%,"There are naive questions, tedious questions, ill-phrased qu...",Win (1 of 4)
382.,2016-09-05 21:21:50,130.03,98%,"For tonight's final illusion, we have the incredible sack of...",Win (1 of 2)
381.,2016-09-05 21:21:14,139.07,93%,There's an old voice in my head that's holding me back. Well...,Win (1 of 3)
380.,2016-09-05 21:20:34,158.75,98%,If I'm curt with you it's because time is a factor. I think ...,Win (1 of 4)
379.,2016-09-05 21:19:44,144.78,98%,"The problem is, Willie, is that Charles and yourself are not...",Win (1 of 2)
378.,2016-09-05 21:19:15,153.12,100%,I've seen things you people wouldn't believe. Attack ships o...,Win (1 of 2)
377.,2016-09-05 21:18:31,130.82,95%,"In general, many of these targets are easier marks if you ar...",Win (1 of 4)
376.,2016-09-05 21:16:43,147.67,100%,A problem in communication is that people don't smile enough...,Win (1 of 4)
375.,2016-09-05 21:15:56,112.29,93%,"Anything that happens, happens. Anything that, in happening,...",Win (1 of 4)
374.,2016-09-05 21:14:51,141.63,98%,The only message I got was from the company that holds my st...,Win (1 of 3)
373.,2016-09-05 21:11:37,126.52,98%,Is this the real life? Is this just fantasy? Caught in a lan...,Win (1 of 2)
372.,2016-09-05 21:10:53,132.76,94%,Is that what your little note says? It must be hard living y...,Win (1 of 4)
371.,2016-09-05 21:10:11,115.73,94%,Let's face it: there are tons of things in your home and lif...,Win (1 of 3)
370.,2016-09-05 21:09:34,126.08,97%,"What alternative is there to the media's ""Us"" versus ""Them""?...",Win (1 of 3)
369.,2016-09-05 21:08:41,124.96,95%,"Listen up, maggots. You are not special. You are not a beaut...",Win (1 of 5)
368.,2016-09-05 21:08:06,117.44,97%,"Prior to the 1970's, because the United States had long been...",Win (1 of 4)
367.,2016-09-05 21:06:15,122.63,94%,It was one of those days when it's a minute away from snowin...,No win (2 of 3)
366.,2016-09-05 21:04:25,101.44,85%,"Hey you... did you ever realize what you'd become, and did y...",Win (1 of 2)
365.,2016-09-05 21:03:37,139.90,97%,One thing I've learned in the last seven years: in every gam...,Win (1 of 5)
364.,2016-09-05 21:03:03,85.59,90%,In 1873 the Sholes & Glidden Type Writer became the firs...,No win (2 of 4)
363.,2016-09-05 21:00:47,123.96,96%,"The goal of the true seeker is to become a sage, or superior...",Win (1 of 3)
362.,2016-09-05 20:58:24,86.43,91%,"At 211 degrees, water is hot. At 212 degrees, it boils. And ...",No win (3 of 3)
361.,2016-09-05 20:56:51,131.02,92%,Through the darkness of future past the magician longs to se...,Win (1 of 3)
360.,2016-09-05 20:55:30,124.65,94%,As a manager you will also be able to control gravity. Sir I...,No win (2 of 3)
359.,2016-09-05 20:54:10,77.28,88%,"Well, it just so happens, this hacienda comes with its very ...",No win (3 of 3)
358.,2016-09-05 20:52:47,161.79,99%,"I hope that whoever you are, you escape this place. I hope t...",Win (1 of 4)
357.,2016-09-05 20:49:37,126.78,95%,I am fundamentally an optimist. Whether that comes from natu...,Win (1 of 2)
356.,2016-09-05 20:48:45,115.97,90%,"We are going to die, and that makes us the lucky ones. Most ...",No win (2 of 5)
355.,2016-09-05 20:47:56,126.60,92%,I remember when we used to sit in the government yard in Tre...,No win (2 of 3)
354.,2016-09-05 20:47:18,128.19,94%,A problem in communication is that people don't smile enough...,No win (2 of 2)
353.,2016-09-05 20:45:43,108.92,91%,Some have a positive vocation for breaking open safes: from ...,Win (1 of 2)
352.,2016-09-05 20:44:43,114.48,92%,"There are naive questions, tedious questions, ill-phrased qu...",Win (1 of 3)
351.,2016-09-05 20:43:10,152.89,98%,"When you decide to be something, you can be it. That's what ...",Win (1 of 4)
350.,2016-09-05 20:42:11,146.77,98%,"My mom, especially, challenged us on everything. She'd use w...",Win (1 of 5)
349.,2016-09-05 20:41:16,125.87,96%,Now the scandal and the light are to be distributed differen...,Win (1 of 3)
348.,2016-09-05 20:39:57,112.05,91%,"Today, computers have taken this ancient art out of the craf...",No win (2 of 5)
347.,2016-09-05 20:37:32,124.74,95%,"May your hands always be busy, may your feet always be swift...",No win (2 of 5)
346.,2016-09-05 20:36:58,103.10,91%,"In the English language, swearing is essential to effective ...",No win (2 of 5)
345.,2016-09-05 20:36:11,115.22,89%,Few smart kids can spare the attention that popularity requi...,Win (1 of 5)
344.,2016-09-05 20:35:25,94.91,91%,The spot where we intend to fight must not be made known; fo...,No win (3 of 5)
343.,2016-09-05 20:34:29,116.75,93%,I'm waking up to ash and dust. I wipe my brow and I sweat my...,No win (2 of 5)
342.,2016-09-05 20:33:53,115.21,93%,"I was hugely impressed. Kirk, I mean Shatner, was the ultima...",Win (1 of 4)
341.,2016-09-05 20:33:17,107.91,91%,A total of twenty-five friends were headed from San Francisc...,Win (1 of 2)
340.,2016-09-05 20:31:13,139.66,92%,Step out the front door like a ghost into the fog where no o...,Win (1 of 5)
339.,2016-09-05 20:26:19,129.25,95%,"I often see racers, particularly at the back of the pack in ...",Win (1 of 4)
338.,2016-09-05 20:25:25,120.02,95%,"You cannot pass! I am a servant of the Secret Fire, wielder ...",Win (1 of 4)
337.,2016-09-05 20:24:51,93.31,85%,"Now, imagine a universe in which the laws of physics are as ...",No win (2 of 5)
336.,2016-09-05 20:23:50,109.75,89%,It was also a lot easier for online teachers to hold their s...,No win (2 of 3)
335.,2016-09-05 20:23:07,124.21,89%,The man who pulls the lever that breaks your neck will be a ...,Win (1 of 2)
334.,2016-09-05 20:22:25,114.24,92%,"Now, imagine a universe in which the laws of physics are as ...",Win (1 of 5)
333.,2016-09-05 20:21:28,103.11,89%,"Get it straight buster - I'm not here to say please, I'm her...",Win (1 of 2)
332.,2016-09-05 20:20:16,155.95,98%,The alternative to binge travel - the mini retirement - enta...,Win (1 of 4)
331.,2016-09-05 20:18:16,98.59,91%,The theory of music emphasizes the elements from which music...,No win (2 of 3)
330.,2016-09-05 20:16:18,136.77,96%,"Right, I am going to tell you how this works. You're going i...",Win (1 of 3)
329.,2016-09-05 20:12:14,147.88,100%,How many roads must a man walk down before you call him a ma...,Win (1 of 4)
328.,2016-09-05 20:10:07,115.82,95%,"The day dawned bleak and chill, a moving wall of gray light ...",Win (1 of 4)
327.,2016-09-05 20:09:11,120.14,89%,I think you're gonna find - when all this stuff is over and ...,No win (2 of 5)
326.,2016-09-05 20:05:20,168.84,100%,You have two choices: you can keep running and hiding and bl...,Win (1 of 4)
325.,2016-09-05 20:01:03,118.47,95%,Vowels were something else. He didn't like them and they did...,Win (1 of 3)
324.,2016-09-05 19:59:43,110.09,90%,"People get ready, there's a train coming. You don't need no ...",No win (2 of 4)
323.,2016-09-05 19:54:36,116.54,93%,Stab a sorry heart with your favorite finger. Paint the whol...,Win (1 of 3)
322.,2016-09-05 19:49:55,110.06,91%,"Around midafternoon, the snow thinned into sleet, and some u...",Win (1 of 3)
321.,2016-09-05 19:46:51,136.20,98%,There is more than one kind of freedom: freedom to and freed...,Win (1 of 5)
320.,2016-09-05 19:46:12,134.34,93%,Don't bother trying to explain your emotions. Live everythin...,Win (1 of 3)
319.,2016-09-05 19:44:33,162.05,99%,"In the casino, the cardinal rule is to keep them playing and...",Win (1 of 4)
318.,2016-09-05 19:43:14,130.66,94%,We began to recognize in them a strange obsession. After all...,No win (2 of 2)
317.,2016-09-05 19:39:55,120.70,95%,It is not difficult to wield a sword in one hand; the way to...,No win (2 of 4)
316.,2016-09-05 19:39:26,156.31,99%,"Take care where you're going, doing all the things you do. E...",Win (1 of 3)
315.,2016-09-05 19:38:47,150.04,98%,Never give up on everything if one thing is too hard. Never ...,Win (1 of 4)
314.,2016-09-05 19:37:43,129.91,97%,"In 1966, Andy Dufresne escaped from Shawshank prison. All th...",Win (1 of 4)
313.,2016-09-05 19:36:29,127.09,93%,"Love is a command, not just a feeling. Somehow, in the roman...",Win (1 of 5)
312.,2016-09-05 19:35:08,117.09,95%,"There are naive questions, tedious questions, ill-phrased qu...",Win (1 of 3)
311.,2016-09-05 19:34:38,105.92,91%,Commas and periods always go inside quotation marks. Colons ...,No win (2 of 4)
310.,2016-09-05 19:34:00,132.37,97%,"Don't practice too much at first, or you're likely to develo...",Win (1 of 5)
309.,2016-09-05 19:33:14,91.77,85%,"So don't be afraid; your heart is in me, and it's racing so ...",No win (2 of 3)
308.,2016-09-05 19:32:43,126.01,91%,Always do your best - your best is going to change from mome...,No win (2 of 3)
307.,2016-09-05 19:29:59,142.91,97%,I think you're gonna find - when all this stuff is over and ...,No win (2 of 5)
306.,2016-09-05 19:29:18,131.64,96%,Now the scandal and the light are to be distributed differen...,Win (1 of 5)
305.,2016-09-05 19:28:28,102.04,91%,"Trudging slowly over wet sand, back to the bench where your ...",No win (3 of 4)
304.,2016-09-05 19:27:51,117.64,92%,It is by will alone I set my mind in motion. It is by the ju...,Win (1 of 5)
303.,2016-09-05 19:27:19,125.25,92%,In his blue gardens men and girls came and went like moths a...,Win (1 of 4)
302.,2016-09-05 19:26:54,120.93,94%,Corn is what feeds the steer that becomes the steak. Corn fe...,No win (2 of 4)
301.,2016-09-05 19:25:51,123.51,94%,"Good games stay within, but at the outer edge, of the player...",Win (1 of 2)
300.,2016-09-05 19:25:18,109.75,96%,Scissors cuts paper. Paper covers rock. Rock crushes lizard....,Win (1 of 5)
299.,2016-09-05 19:24:41,98.94,89%,Relativity is relatively easy to understand. But there's one...,No win (2 of 4)
298.,2016-09-05 19:23:35,136.58,95%,"But you know that when the truth is told, you can get what y...",Win (1 of 2)
297.,2016-09-05 19:21:32,151.09,95%,And he told us of his life in the land of submarines.,Win (1 of 5)
296.,2016-09-05 19:19:47,165.72,99%,Remember that humor is written backwards. That means you fir...,Win (1 of 3)
295.,2016-09-05 19:19:18,143.92,97%,"On a manual typewriter, strike the key with a nice sharp str...",Win (1 of 4)
294.,2016-09-05 19:18:47,124.22,96%,Music finds a comfortable parallel with that of human langua...,Win (1 of 3)
293.,2016-09-05 19:18:17,85.97,84%,Parisian French is different from Provincial French and Germ...,No win (3 of 4)
292.,2016-09-05 19:17:32,136.56,96%,"To evaluate an option from the other side's point of view, c...",No win (2 of 3)
291.,2016-09-05 19:16:53,137.58,96%,If I'm curt with you it's because time is a factor. I think ...,Win (1 of 3)
290.,2016-09-05 19:15:54,134.42,98%,We don't read and write poetry because it's cute. We read an...,Win (1 of 2)
289.,2016-09-05 19:15:05,131.32,95%,Writing is hard work. A clear sentence is no accident. Very ...,Win (1 of 4)
288.,2016-09-05 19:14:06,111.58,92%,Remember before when I was talking about smelly garbage stan...,Win (1 of 5)
287.,2016-09-05 19:13:02,112.22,94%,"Hello, hello, hello, is there anybody in there? Just nod if ...",Win (1 of 4)
286.,2016-09-05 18:02:58,125.16,93%,Be impeccable with your word - speak with integrity. Say onl...,Win (1 of 5)
285.,2016-09-05 17:58:13,102.59,92%,"Imagine this: Here we are, a plane full of grown human being...",Win (1 of 2)
284.,2016-09-05 17:55:51,110.50,91%,The chemistry of an element is determined by the manner in w...,Win (1 of 3)
283.,2016-09-05 17:54:13,120.57,91%,"Samatha is a state in which the mind is brought to rest, foc...",Win (1 of 4)
282.,2016-09-05 17:53:14,144.54,98%,"The Earth is a world, the world is a ball, a ball in a game ...",Win (1 of 5)
281.,2016-09-05 17:52:24,155.85,96%,"For centuries, the battle of morality was fought between tho...",Win (1 of 3)
280.,2016-09-05 17:51:40,123.15,92%,Language is one of the keys to being human. It allows us to ...,Win (1 of 4)
279.,2016-09-05 17:50:34,113.37,92%,Now the scandal and the light are to be distributed differen...,Win (1 of 4)
278.,2016-09-05 17:49:33,113.96,95%,To an outsider's ear it sounds absurdly wild and ridiculous ...,No win (2 of 5)
277.,2016-09-05 17:47:43,131.71,95%,We began to recognize in them a strange obsession. After all...,Win (1 of 5)
276.,2016-09-05 17:46:59,147.03,98%,Any one can get angry - that is easy - or give or spend mone...,Win (1 of 4)
275.,2016-09-05 17:45:05,120.92,95%,Many wines have more than 14 percent alcohol because the win...,Win (1 of 5)
274.,2016-09-05 17:44:05,90.20,87%,The chemistry of an element is determined by the manner in w...,No win (2 of 3)
273.,2016-09-05 17:43:19,111.46,94%,"It's a sunny, woodsy day in Lumberton, so get those chainsaw...",Win (1 of 4)
272.,2016-09-05 17:42:25,106.39,94%,I cannot define what I mean by 'intuition'. It is simply wha...,Win (1 of 4)
271.,2016-09-05 17:39:33,150.06,95%,You have two choices: you can keep running and hiding and bl...,Win (1 of 5)
270.,2016-09-05 17:38:37,136.65,95%,"Combat for a naval aviator is fought in short, violent burst...",Win (1 of 5)
269.,2016-09-05 17:37:48,114.25,97%,"Hey Mr. Tambourine Man, play a song for me, I'm not sleepy a...",No win (2 of 3)
268.,2016-09-04 13:17:23,106.69,92%,"Let me put it this way, Mr. Amor. The 9000 series is the mos...",No win (3 of 3)
267.,2016-09-04 13:16:15,121.63,94%,"By that point, entire sectors of my cerebral cortex seemed t...",Win (1 of 5)
266.,2016-09-04 13:12:10,108.86,93%,The beginner writes just twenty pieces. The professional wri...,Win (1 of 2)
265.,2016-09-04 13:10:57,98.94,88%,"I'll dive in the sky. Oh, the waters alive! I'll float down ...",Win (1 of 4)
264.,2016-09-04 13:07:12,111.79,92%,I've seen things you people wouldn't believe. Attack ships o...,Win (1 of 3)
263.,2016-09-04 13:04:26,135.34,97%,Step out the front door like a ghost into the fog where no o...,Win (1 of 5)
262.,2016-09-04 13:00:04,138.41,98%,"I'm so glad you came, I'm so glad you remembered, the walkin...",Win (1 of 3)
261.,2016-09-04 12:56:17,149.77,99%,Unlike the other four senses located in the logical regions ...,Win (1 of 2)
260.,2016-09-04 12:55:12,75.03,90%,"a) [MAN] A man ordered 2,000 drums of pink ping pong balls i...",Win (1 of 2)
259.,2016-09-04 12:53:25,138.73,98%,"OK, let me get something straight: this is a journal, not a ...",Win (1 of 3)
258.,2016-09-04 12:52:37,122.38,96%,The only message I got was from the company that holds my st...,Win (1 of 3)
257.,2016-09-04 12:51:44,117.99,93%,"Let's sort the buyers from the spiers, the needy from the gr...",Win (1 of 4)
256.,2016-09-04 12:50:27,131.88,98%,Three hidden keys open three secret gates wherein the errant...,Win (1 of 2)
255.,2016-09-04 12:49:55,103.85,89%,I'd just like to point out that you were given every opportu...,No win (2 of 2)
254.,2016-09-04 12:48:53,120.50,94%,What you gonna do with your man there? You're always gonna h...,No win (2 of 2)
253.,2016-09-04 12:47:02,134.23,96%,"Ticking away the moments that make up a dull day, you fritte...",Win (1 of 3)
252.,2016-09-04 12:45:58,108.57,91%,Although his voice was also broken by uncertainty and his ha...,No win (2 of 2)
251.,2016-09-04 12:45:24,115.52,92%,We were the people who were not in the papers. We lived in t...,Win (1 of 2)
250.,2016-09-04 12:42:46,108.73,91%,The great edifice of variety and choice that is an American ...,No win (3 of 3)
249.,2016-09-04 12:41:13,137.54,95%,Humans need to practice what they are learning a good deal b...,Win (1 of 4)
248.,2016-09-04 12:40:39,99.85,92%,I had a friend who was a heavy drinker. If somebody asked hi...,Win (1 of 2)
247.,2016-09-04 12:39:53,138.61,97%,A giant inverted steel pyramid is perfectly balanced on its ...,Win (1 of 5)
246.,2016-09-04 12:39:16,137.15,96%,Images of broken light which dance before me like a million ...,Win (1 of 5)
245.,2016-09-04 12:38:09,126.75,95%,"So I was sitting in my cubicle today, and I realized, ever s...",Win (1 of 4)
244.,2016-09-04 12:36:17,105.86,91%,"My friend, I shall be pedagogic, and say you ought to start ...",No win (2 of 5)
243.,2016-09-04 12:35:35,97.92,91%,Aztec rule was based upon a system of tribute and fear over ...,No win (2 of 3)
242.,2016-09-04 12:34:18,116.08,92%,The beginner writes just twenty pieces. The professional wri...,Win (1 of 2)
241.,2016-09-04 12:33:13,107.15,96%,These contests provided ample opportunity to demonstrate the...,Win (1 of 4)
240.,2016-09-04 12:32:26,107.92,91%,Is it really necessary to send that email? The more emails y...,No win (2 of 4)
239.,2016-09-04 12:30:19,127.88,94%,The awful thing is that beauty is mysterious as well as terr...,Win (1 of 3)
238.,2016-09-04 12:29:55,88.44,93%,"Good evening, London. Allow me first to apologize for this i...",No win (3 of 4)
237.,2016-09-04 12:28:37,99.13,92%,"""Before I died,"" Anorak says, speaking in a much deeper voic...",Win (1 of 3)
236.,2016-09-04 12:27:56,107.23,95%,These contests provided ample opportunity to demonstrate the...,No win (2 of 3)
235.,2016-09-04 12:26:01,109.21,92%,"Imagine a vast sheet of paper on which straight Lines, Trian...",Win (1 of 3)
234.,2016-09-04 12:23:57,107.14,92%,"The idea of ""Mr. Right"" has been passed down over the genera...",No win (2 of 5)
233.,2016-09-04 12:23:00,129.08,94%,"Despair comes slowly, crawling its way up inside you until i...",Win (1 of 3)
232.,2016-09-04 12:21:14,136.43,96%,There is something about yourself that you don't know. Somet...,Win (1 of 3)
231.,2016-09-04 12:20:31,145.31,97%,"So, I guess we are who we are for a lot of reasons. And mayb...",Win (1 of 5)
230.,2016-09-04 12:19:47,131.31,97%,I'll tell you a secret. Something they don't teach you in yo...,Win (1 of 4)
229.,2016-09-04 12:19:15,123.53,92%,"Many people limit themselves to leading boring, dull lives b...",No win (2 of 5)
228.,2016-09-04 12:18:32,81.06,88%,"She was a genius of sadness, immersing herself in it, separa...",No win (2 of 2)
227.,2016-09-04 12:17:21,142.63,99%,I've always wondered about this coat business. When I'm in a...,Win (1 of 4)
226.,2016-09-04 12:16:46,110.12,93%,The basic concept is simple: a satellite in geosynchronous o...,No win (2 of 3)
225.,2016-09-04 12:14:56,112.59,96%,"You cannot pass! I am a servant of the Secret Fire, wielder ...",Win (1 of 3)
224.,2016-09-04 12:14:06,105.95,93%,"The boy has not a real choice, has he? Self-interest, the fe...",No win (2 of 2)
223.,2016-09-04 12:12:40,153.20,100%,Rhymes trap you into saying things you don't want to say. A ...,Win (1 of 2)
222.,2016-09-04 12:12:04,94.18,91%,One overarching lesson we have learned during the past hundr...,No win (2 of 3)
221.,2016-09-04 12:11:27,139.75,96%,There comes a point when you just love someone. Not because ...,Win (1 of 3)
220.,2016-09-04 12:08:13,108.88,93%,"Ezekiel twenty-five, seventeen: The path of the righteous ma...",Win (1 of 4)
219.,2016-09-04 12:07:22,89.47,90%,Topology is generally considered to be one of the three linc...,Win (1 of 5)
218.,2016-09-04 12:06:07,95.74,96%,They say in chess you've got to kill the queen and then you ...,No win (2 of 3)
217.,2016-09-04 12:05:18,124.45,96%,No one could figure out how I coaxed such hearty flavor out ...,Win (1 of 5)
216.,2016-09-03 22:58:58,133.57,95%,I remember when we used to sit in the government yard in Tre...,Win (1 of 3)
215.,2016-09-03 22:56:56,142.06,97%,"When the light of life has gone, no change for the meter. Th...",Win (1 of 4)
214.,2016-09-03 22:56:18,114.31,91%,"It was a marvelous night, the sort of night one only experie...",Win (1 of 2)
213.,2016-09-03 22:54:20,147.89,97%,"When you decide to be something, you can be it. That's what ...",Win (1 of 3)
212.,2016-09-03 22:49:59,126.50,95%,The wine list looks so imposing that you finally give up lab...,Win (1 of 4)
211.,2016-09-03 22:49:10,117.45,91%,"Thirdly, however, these wars could now be waged with the new...",No win (2 of 2)
210.,2016-09-03 22:48:25,110.61,89%,I distrust a close-mouthed man. He generally picks the wrong...,No win (3 of 5)
209.,2016-09-03 22:45:09,137.49,95%,The child is brought up in a culture where he or she simply ...,Win (1 of 3)
208.,2016-09-03 22:00:58,130.80,99%,"In short order, Carter then proceeded to kill any chance he ...",Win (1 of 4)
207.,2016-09-03 21:52:12,147.21,96%,"If we all go for the blonde and block each other, not a sing...",Win (1 of 3)
206.,2016-09-03 21:46:32,148.18,99%,Antoon used to import paint cans. That's simply too expensiv...,Win (1 of 3)
205.,2016-09-03 21:45:55,138.95,95%,"You never read a book on psychology, Tippy. You didn't need ...",Win (1 of 2)
204.,2016-09-03 21:45:12,128.13,92%,We sit silently and watch the world around us. This has take...,No win (2 of 5)
203.,2016-09-03 21:42:54,138.80,97%,Rhymes trap you into saying things you don't want to say. A ...,Win (1 of 2)
202.,2016-09-03 21:38:59,130.41,93%,"I also thought about my wife, the most important person in m...",Win (1 of 5)
201.,2016-09-03 21:37:35,134.71,96%,"Hello, babies. Welcome to Earth. It's hot in the summer and ...",Win (1 of 4)
200.,2016-09-03 21:37:12,148.74,97%,Groups of illegal miners smuggle themselves down in freight ...,Win (1 of 3)
199.,2016-09-03 21:36:29,123.78,96%,No one could figure out how I coaxed such hearty flavor out ...,Win (1 of 5)
198.,2016-09-03 21:35:26,120.18,92%,"People get ready, there's a train coming. You don't need no ...",No win (2 of 4)
197.,2016-09-03 21:32:55,130.05,96%,"You found paradise in America. You had a good trade, made a ...",Win (1 of 3)
196.,2016-09-03 21:30:05,130.20,95%,"Samatha is a state in which the mind is brought to rest, foc...",Win (1 of 4)
195.,2016-09-03 21:29:19,137.41,96%,We live in an age when people do more writing than they have...,Win (1 of 5)
194.,2016-09-03 21:26:57,136.60,95%,Focus your attention on the Now and tell me what problem you...,Win (1 of 2)
193.,2016-09-03 21:26:17,90.62,89%,"But pure, unadulterated feelings are dangerous in their own ...",No win (3 of 4)
192.,2016-09-03 21:24:21,130.62,94%,"Now that I know that I'm breaking to pieces, I'll pull out m...",Win (1 of 4)
191.,2016-09-03 21:23:23,148.18,98%,I'll tell you a secret. Something they don't teach you in yo...,Win (1 of 4)
190.,2016-09-03 21:22:31,127.83,96%,So what's in this for you? Should you rush out in search of ...,Win (1 of 4)
189.,2016-09-03 21:21:51,136.90,97%,"Has it been five years? Six? It seems like a lifetime, the k...",Win (1 of 2)
188.,2016-09-03 21:21:02,146.25,100%,"It was too big to be called a sword. Massive, thick, heavy, ...",Win (1 of 3)
187.,2016-09-03 21:19:46,156.64,100%,One just can't imagine what prison is like from outside. You...,Win (1 of 4)
186.,2016-09-03 21:19:03,119.41,93%,"Today, you people are no longer maggots. Today, you are Mari...",No win (2 of 2)
185.,2016-09-03 21:18:18,90.77,92%,"Air-conditioned, odorless, illuminated by buzzing fluorescen...",Win (1 of 4)
184.,2016-09-03 21:17:37,103.73,91%,Plato is always concerned to advocate views that will make p...,No win (2 of 4)
183.,2016-09-03 21:17:03,123.23,94%,There is a theory which states that if anybody ever discover...,Win (1 of 5)
182.,2016-09-03 21:15:22,123.12,97%,"Now, imagine a universe in which the laws of physics are as ...",Win (1 of 2)
181.,2016-09-03 17:10:34,144.37,96%,"And in the world a heart of darkness, a firezone, where poet...",Win (1 of 2)
180.,2016-09-03 17:09:51,125.28,96%,"And as we let our own light shine, we unconsciously give oth...",Win (1 of 2)
179.,2016-09-03 17:08:23,108.18,94%,"If no one is around you, say I love you if you ain't runnin'...",Win (1 of 2)
178.,2016-09-03 17:07:42,123.12,96%,The number one challenge I've seen with myself and with othe...,No win (2 of 4)
177.,2016-09-03 17:07:01,165.64,100%,"I'd pull your eyes out of your head, and put them in my own ...",Win (1 of 3)
176.,2016-09-03 17:06:34,123.12,98%,I distrust a close-mouthed man. He generally picks the wrong...,No win (3 of 4)
175.,2016-09-03 17:05:49,150.85,99%,"May your hands always be busy, may your feet always be swift...",Win (1 of 5)
174.,2016-09-03 17:02:38,136.37,97%,"But it is important to know this, to know your roots. To kno...",Win (1 of 5)
173.,2016-09-03 17:01:57,131.37,99%,"I've heard there was a secret chord that David played, and i...",Win (1 of 4)
172.,2016-09-03 16:59:13,143.79,97%,"In the witch trials, it was nearly impossible to provide com...",Win (1 of 4)
171.,2016-09-03 16:58:26,108.64,90%,"If you are given too many choices, if you are forced to cons...",No win (4 of 5)
170.,2016-09-03 16:57:42,134.76,98%,There is more than one kind of freedom: freedom to and freed...,Win (1 of 5)
169.,2016-09-03 16:57:10,130.10,97%,"Like I said, my uncle used to drive his truck and drink Old ...",No win (2 of 3)
168.,2016-09-03 16:56:06,124.75,97%,We're no strangers to love. You know the rules and so do I. ...,Win (1 of 5)
167.,2016-09-03 16:55:32,122.95,96%,Tatum used a special device to elongate his descending penta...,Win (1 of 3)
166.,2016-09-03 01:24:17,127.00,95%,Writing is hard work. A clear sentence is no accident. Very ...,Win (1 of 4)
165.,2016-09-03 01:19:57,136.65,97%,"My mom, especially, challenged us on everything. She'd use w...",Win (1 of 3)
164.,2016-09-03 01:19:09,138.38,98%,"If you don't get what you want, you suffer; if you get what ...",Win (1 of 3)
163.,2016-09-03 01:17:21,110.84,92%,"We are going to die, and that makes us the lucky ones. Most ...",Win (1 of 3)
162.,2016-09-03 01:15:14,119.07,97%,I would never want to forfeit my genders. Along with Aunt Au...,No win (3 of 4)
161.,2016-09-03 01:13:51,100.62,87%,What is honor compared to a woman's love? What is duty again...,Win (1 of 2)
160.,2016-09-03 01:13:14,135.58,97%,"Because some men aren't looking for anything logical, like m...",Win (1 of 4)
159.,2016-09-03 01:12:40,145.48,100%,Remembering you running soft through the night. You were big...,Win (1 of 3)
158.,2016-09-03 01:11:47,93.42,94%,"Oh, no, sir. I'm sorry, sir. I could never answer to a whist...",No win (1 of 1)
157.,2016-09-03 01:11:07,150.13,99%,"But no matter how effective the lesson was, I never really u...",Win (1 of 2)
156.,2016-09-03 01:10:28,116.37,97%,I thought climbing the Devil's Thumb would fix all that was ...,Win (1 of 4)
155.,2016-09-03 01:09:25,115.97,97%,"It may seem quite novelistic to you, and I am willing to agr...",Win (1 of 2)
154.,2016-09-03 01:08:38,125.10,95%,"It's a blue savanna song: somewhere cross the desert, someti...",Win (1 of 3)
153.,2016-09-03 01:06:51,136.73,99%,There's sometimes a buggy. How many drivers does a buggy hav...,Win (1 of 2)
152.,2016-09-03 01:03:21,113.43,91%,"When we conceive of the sweetest being ever, we are conceivi...",No win (3 of 5)
151.,2016-09-03 01:02:37,109.46,88%,"After others have talked about themselves, a point will be r...",No win (2 of 5)
150.,2016-09-03 01:02:07,107.70,93%,Data is by definition easy to copy. And the Internet makes c...,No win (4 of 5)
149.,2016-09-03 01:01:07,155.59,100%,Who has a safety deposit box full of money and six passports...,Win (1 of 4)
148.,2016-09-03 00:59:28,123.37,97%,"In 1966, Andy Dufresne escaped from Shawshank prison. All th...",No win (2 of 3)
147.,2016-09-03 00:58:46,141.88,98%,The major difference between a thing that might go wrong and...,Win (1 of 5)
146.,2016-09-03 00:58:18,139.15,98%,I've been thinking lots about my life and how quick I'd wash...,Win (1 of 2)
145.,2016-09-03 00:57:32,137.92,99%,Stab a sorry heart with your favorite finger. Paint the whol...,Win (1 of 2)
144.,2016-09-03 00:56:56,117.73,91%,I would never want to forfeit my genders. Along with Aunt Au...,Win (1 of 4)
143.,2016-09-03 00:54:28,118.36,96%,Lucid but wholly false recollections can easily be induced b...,Win (1 of 5)
142.,2016-09-03 00:53:44,154.79,99%,The odds are that you will generally meet the worst of them....,Win (1 of 5)
141.,2016-09-03 00:53:09,107.68,96%,"You cannot pass! I am a servant of the Secret Fire, wielder ...",No win (2 of 3)
140.,2016-09-03 00:52:36,114.61,99%,Without some flexibility in our definitions we'll remain for...,Win (1 of 2)
139.,2016-09-03 00:51:26,99.31,93%,"Air-conditioned, odorless, illuminated by buzzing fluorescen...",Win (1 of 5)
138.,2016-09-03 00:50:36,150.27,100%,It's really hard to do nothing totally. Even just sitting he...,Win (1 of 4)
137.,2016-09-03 00:50:04,106.90,93%,"Around midafternoon, the snow thinned into sleet, and some u...",No win (2 of 3)
136.,2016-09-03 00:49:17,119.20,95%,"You found paradise in America. You had a good trade, made a ...",Win (1 of 2)
135.,2016-09-03 00:48:19,109.69,92%,We have a criminal jury system which is superior to any in t...,No win (4 of 5)
134.,2016-09-03 00:47:43,113.09,94%,We've arranged a global civilization in which most crucial e...,Win (1 of 4)
133.,2016-09-03 00:47:04,137.40,98%,"I tensed, waiting for the fury - both his and mine - but it ...",Win (1 of 3)
132.,2016-09-03 00:46:10,126.00,98%,"Hello, hello, hello, is there anybody in there? Just nod if ...",Win (1 of 4)
131.,2016-09-03 00:45:27,121.00,95%,"And, anyway, it's not about making money, it's about taking ...",Win (1 of 3)
130.,2016-09-03 00:42:46,141.73,96%,"I'd pull your eyes out of your head, and put them in my own ...",Win (1 of 3)
129.,2016-09-03 00:42:09,132.67,99%,"The time I waited seemed endless, and I felt doubts and fear...",Win (1 of 3)
128.,2016-09-03 00:41:34,81.17,89%,I cannot define what I mean by 'intuition'. It is simply wha...,Win (1 of 2)
127.,2016-09-03 00:40:30,108.22,94%,"A computer needs a manager to administer its operations, jus...",No win (2 of 5)
126.,2016-09-03 00:39:53,124.34,98%,Your faith was strong but you needed proof. You saw her bath...,Win (1 of 5)
125.,2016-09-03 00:39:19,138.70,99%,I must not fear. Fear is the mind killer. Fear is the little...,No win (2 of 4)
124.,2016-09-03 00:38:43,132.94,98%,"I went to the woods because I wished to live deliberately, t...",No win (2 of 3)
123.,2016-09-03 00:38:10,151.72,99%,I have quit three jobs and been fired from all the rest. Get...,Win (1 of 2)
122.,2016-09-03 00:37:06,105.89,91%,"If you know the enemy and know yourself, you need not fear t...",No win (4 of 5)
121.,2016-09-03 00:36:25,119.69,95%,A freedom fighter learns the hard way that it is the oppress...,No win (2 of 5)
120.,2016-09-03 00:35:49,145.28,100%,"Well, you've cracked the sky, scrapers fill the air, but wil...",Win (1 of 3)
119.,2016-09-03 00:35:12,132.66,96%,"In the witch trials, it was nearly impossible to provide com...",Win (1 of 5)
118.,2016-09-03 00:32:51,129.18,95%,"I don't believe in an interventionist God, but I know, darli...",Win (1 of 4)
117.,2016-09-03 00:32:06,124.07,93%,We sit silently and watch the world around us. This has take...,No win (2 of 4)
116.,2016-09-03 00:30:37,137.23,96%,"Samatha is a state in which the mind is brought to rest, foc...",Win (1 of 3)
115.,2016-09-03 00:29:47,149.20,98%,"Life can get pretty crazy at times. It can be hectic, confus...",Win (1 of 5)
114.,2016-09-03 00:28:44,119.15,94%,The invention of the wheel represented a major turning point...,Win (1 of 3)
113.,2016-09-03 00:28:00,110.57,91%,"My darling, you have to be standing up in order to be able t...",No win (2 of 2)
112.,2016-09-03 00:27:19,111.62,95%,"We are being watched. The government has a secret system, a ...",Win (1 of 5)
111.,2016-09-03 00:26:20,122.20,95%,"Throughout my academic career, I'd given some pretty good ta...",Win (1 of 5)
110.,2016-09-03 00:25:52,130.33,95%,"So, I guess we are who we are for a lot of reasons. And mayb...",No win (3 of 5)
109.,2016-09-03 00:25:15,129.19,94%,"Every time that I think I'm alone, and I can't find a word o...",No win (2 of 4)
108.,2016-09-03 00:24:30,141.96,100%,The awful thing is that beauty is mysterious as well as terr...,Win (1 of 2)
107.,2016-09-03 00:24:02,119.77,94%,"Despair comes slowly, crawling its way up inside you until i...",No win (2 of 4)
106.,2016-09-03 00:23:13,142.28,96%,"One day you're in a funk about things, telling a friend that...",Win (1 of 3)
105.,2016-09-03 00:22:31,112.74,97%,I know that you weren't bored that day because there was a l...,No win (2 of 4)
104.,2016-09-03 00:21:54,97.00,88%,San Francisco in the middle sixties was a very special time ...,No win (5 of 5)
103.,2016-09-03 00:21:13,118.82,93%,"The only people for me are the mad ones, the ones who are ma...",No win (2 of 2)
102.,2016-09-03 00:20:22,130.13,97%,I said that I would see you because I had heard that you wer...,No win (2 of 5)
101.,2016-09-02 21:40:56,128.74,95%,I suddenly had the impression that I had been left all alone...,Win (1 of 3)
100.,2016-09-02 21:40:16,109.19,96%,I know that you weren't bored that day because there was a l...,No win (2 of 3)
99.,2016-09-02 21:39:15,129.74,99%,Most popular song lyrics have two sections - a verse and a b...,Win (1 of 3)
98.,2016-09-02 20:43:16,111.63,96%,"In May 1980, Fidel Castro opened the harbor at Mariel, Cuba ...",Win (1 of 2)
97.,2016-09-02 20:39:29,136.60,97%,Through the darkness of future past the magician longs to se...,Win (1 of 5)
96.,2016-09-02 20:38:50,149.92,99%,There is something about yourself that you don't know. Somet...,Win (1 of 5)
95.,2016-09-02 20:37:55,96.66,91%,"According to the popular story, the keyboard invented by Aug...",No win (2 of 4)
94.,2016-09-02 20:36:49,136.22,96%,Quality humor doesn't just deliver one gag and then tax the ...,Win (1 of 3)
93.,2016-09-02 20:36:16,102.91,91%,If humans one day become extinct from a catastrophic collisi...,No win (2 of 3)
92.,2016-09-02 20:34:56,138.68,95%,"You never read a book on psychology, Tippy. You didn't need ...",Win (1 of 3)
91.,2016-09-02 20:34:18,87.02,91%,You could choke a dozen donkeys on that! And you're haggling...,Win (1 of 4)
90.,2016-09-02 20:33:24,147.18,98%,"Life can get pretty crazy at times. It can be hectic, confus...",Win (1 of 4)
89.,2016-09-02 20:32:41,122.09,99%,I was having this awful nightmare that I was 32. And then I ...,Win (1 of 4)
88.,2016-09-02 20:31:46,130.55,93%,Don't bother trying to explain your emotions. Live everythin...,Win (1 of 2)
87.,2016-09-02 20:30:39,124.39,97%,"To some, the rules of etiquette may seem outdated, stuffy an...",Win (1 of 4)
86.,2016-09-02 20:29:46,114.36,91%,"It turned out that the sweet-talking, tattoo-sporting pikey ...",Win (1 of 3)
85.,2016-09-02 20:28:03,113.65,96%,Supermarket aisles are the perfect place to practice your gl...,Win (1 of 2)
84.,2016-09-02 20:26:45,97.19,91%,So I'm two inches away from her. Her luscious lips part. Jus...,Win (1 of 3)
83.,2016-09-02 20:25:58,129.62,97%,"Today, you people are no longer maggots. Today, you are Mari...",Win (1 of 3)
82.,2016-09-02 20:25:09,122.58,97%,The math is compelling. Most of the people in the world are ...,No win (2 of 3)
81.,2016-09-02 20:24:08,143.04,98%,But the two men were not lonely at all. At home they were co...,Win (1 of 4)
80.,2016-09-02 20:22:34,108.79,94%,From compositional considerations the tomato layer would be ...,No win (2 of 3)
79.,2016-09-02 20:21:13,128.56,95%,We were playing checkers. I used to kid her once in a while ...,Win (1 of 4)
78.,2016-09-02 20:19:39,145.75,100%,"If one day I could get out of here, I would allow myself to ...",Win (1 of 4)
77.,2016-09-02 20:18:51,119.84,94%,"For most people, the ringing of a phone was a welcome sign. ...",Win (1 of 3)
76.,2016-09-02 20:17:34,129.22,97%,"Like I said, my uncle used to drive his truck and drink Old ...",Win (1 of 2)
75.,2016-09-02 20:15:28,122.19,91%,We all know that something is eternal. And it ain't houses a...,Win (1 of 4)
74.,2016-09-02 20:13:58,141.10,98%,"If you don't get what you want, you suffer; if you get what ...",Win (1 of 5)
73.,2016-09-02 20:12:38,103.64,92%,"You just couldn't let me go, could you? This is what happens...",Win (1 of 4)
72.,2016-09-02 20:10:32,109.80,96%,Without some flexibility in our definitions we'll remain for...,Win (1 of 2)
71.,2016-09-02 20:08:02,105.02,90%,Through the darkness of future past the magician longs to se...,Win (1 of 2)
70.,2016-09-02 20:06:43,150.58,99%,Remembering you running soft through the night. You were big...,Win (1 of 2)
69.,2016-09-02 20:05:03,110.78,91%,"Warmer water increases the moisture content of storms, and w...",Win (1 of 2)
68.,2016-09-02 20:02:36,77.89,82%,"You needn't take it any further, sir. You've proved to me th...",Win (1 of 3)
67.,2016-09-02 20:01:12,82.28,94%,"Whether you're a student, secretary, office administrator, m...",Win (1 of 2)
66.,2016-09-02 19:59:50,132.76,98%,"With people like us, you should hang out, get to know what t...",Win (1 of 4)
65.,2016-09-02 19:57:30,134.57,96%,"But older than me now, more constant, more real, and the fur...",Win (1 of 3)
64.,2016-09-02 19:55:28,73.84,88%,"As a child, I was aware that, at night, infrared vision woul...",Win (1 of 2)
63.,2016-09-02 19:51:14,108.60,93%,Since the 1980s virtually all the sodas and most of the frui...,Win (1 of 2)
62.,2016-09-02 19:48:15,117.63,91%,"I'm so glad you came, I'm so glad you remembered, the walkin...",Win (1 of 3)
61.,2016-09-02 19:47:39,128.84,97%,"Life is not suffering; it's just that you will suffer it, ra...",Win (1 of 2)
60.,2016-09-02 19:47:03,143.95,95%,"Every time that I think I'm alone, and I can't find a word o...",Win (1 of 3)
59.,2016-09-02 19:46:18,109.13,92%,"I was stealing saltshakers again. Ten, sometimes twelve a ni...",Win (1 of 5)
58.,2016-09-02 19:45:02,120.09,92%,We were playing checkers. I used to kid her once in a while ...,No win (2 of 2)
57.,2016-09-02 19:43:52,101.48,91%,"For most people, the ringing of a phone was a welcome sign. ...",No win (2 of 3)
56.,2016-09-02 19:43:12,121.37,92%,Groups of illegal miners smuggle themselves down in freight ...,Win (1 of 3)
55.,2016-09-02 19:41:41,155.82,100%,"But you know that when the truth is told, you can get what y...",Win (1 of 5)
54.,2016-09-02 19:40:26,157.70,99%,A hero can be anyone. Even a man doing something as simple a...,Win (1 of 5)
53.,2016-09-02 19:40:00,124.36,96%,Come sail your ships around me and burn your bridges down. W...,No win (2 of 5)
52.,2016-09-02 19:38:20,121.94,96%,"And today, Lady Liberty is under attack from the cable chann...",Win (1 of 4)
51.,2016-09-02 19:37:21,124.85,95%,You have to wonder: how do the machines know what Tasty Whea...,Win (1 of 4)
50.,2016-09-02 19:35:46,105.61,95%,"Franky Four Fingers: ""I have stones to sell, fat to chew, an...",Win (1 of 5)
49.,2016-09-02 19:35:01,110.27,91%,"I don't believe in an interventionist God, but I know, darli...",No win (2 of 3)
48.,2016-09-02 19:33:59,147.47,99%,Punishment and negative reinforcement are opposites. Punishm...,Win (1 of 2)
47.,2016-09-02 19:33:06,102.80,91%,In my younger and more vulnerable years my father gave me so...,No win (2 of 4)
46.,2016-09-02 19:31:58,118.01,97%,"Dear Mr. Vernon, We accept the fact that we had to sacrifice...",No win (2 of 3)
45.,2016-09-02 19:30:49,116.36,92%,"When you are typing on a typewriter, your input appears dire...",No win (2 of 5)
44.,2016-09-02 19:30:16,133.51,97%,I drew the blankets over my head and tried to think of Chris...,No win (2 of 5)
43.,2016-09-02 19:28:20,112.59,94%,It was one of those days when it's a minute away from snowin...,No win (3 of 4)
42.,2016-09-02 19:27:33,113.62,94%,"I'm so glad you came, I'm so glad you remembered, the walkin...",No win (3 of 5)
41.,2016-09-02 19:23:58,128.13,99%,Jay made up for the lack of glamour in his assignment by hav...,Win (1 of 5)
40.,2016-09-02 19:23:02,138.98,97%,If you're working out in front of a mirror and watching your...,Win (1 of 3)
39.,2016-09-02 19:21:07,116.77,93%,The day is made up of 24 hours and an infinite number of mom...,No win (2 of 5)
38.,2016-09-02 19:18:30,107.90,88%,I never said I would stay to the end - I knew I would leave ...,Win (1 of 3)
37.,2016-09-02 19:17:30,127.64,99%,A hero can be anyone. Even a man doing something as simple a...,No win (2 of 5)
36.,2016-09-02 19:17:08,94.23,90%,"In 1966, Andy Dufresne escaped from Shawshank prison. All th...",No win (2 of 2)
35.,2016-09-02 19:16:00,111.17,94%,The invention of the wheel represented a major turning point...,Win (1 of 3)
34.,2016-09-02 19:14:49,138.47,99%,"Do you smell that? Napalm, son. Nothing else in the world sm...",Win (1 of 3)
33.,2016-09-02 19:14:10,106.12,91%,"Never give up, no matter how far behind you are, no matter h...",No win (3 of 3)
32.,2016-09-02 19:13:13,110.46,96%,"All Ninja are men of peace, and must always remain so or los...",No win (3 of 5)
31.,2016-09-02 19:12:22,101.08,90%,"By that point, entire sectors of my cerebral cortex seemed t...",No win (3 of 5)
30.,2016-09-02 19:11:36,135.53,97%,"Every craft and every investigation, and likewise every acti...",Win (1 of 5)
29.,2016-09-02 19:08:45,118.75,93%,It is by will alone I set my mind in motion. It is by the ju...,Win (1 of 2)
28.,2016-09-02 19:07:57,133.02,97%,"If you don't get what you want, you suffer; if you get what ...",No win (2 of 5)
27.,2016-09-02 19:07:00,149.73,99%,Step out the front door like a ghost into the fog where no o...,Win (1 of 3)
26.,2016-09-02 19:06:27,107.72,93%,"They had been given a sign - a powerful, lucid sign - that u...",Win (1 of 4)
25.,2016-09-02 19:05:20,131.72,94%,"There are perhaps twenty regular posters on the forum, and s...",Win (1 of 3)
24.,2016-09-02 19:04:12,144.09,98%,I am learning about twenty new Italian words a day. Where am...,Win (1 of 5)
23.,2016-09-02 19:03:32,117.22,95%,We often believe the more we practice a skill or technique -...,Win (1 of 5)
22.,2016-09-02 19:02:34,108.17,92%,"Let's sort the buyers from the spiers, the needy from the gr...",Win (1 of 2)
21.,2016-09-02 19:01:27,122.25,98%,I am fundamentally an optimist. Whether that comes from natu...,Win (1 of 4)
20.,2016-09-02 18:59:34,137.15,99%,I drew the blankets over my head and tried to think of Chris...,Win (1 of 4)
19.,2016-09-02 18:57:55,122.82,93%,Is it sweeter to exist only in the mind or to exist both in ...,Win (1 of 5)
18.,2016-09-02 18:52:53,116.10,95%,"Every craft and every investigation, and likewise every acti...",Win (1 of 3)
17.,2016-09-02 18:51:26,116.64,97%,"Some pilots like the excitement of our missions, knowing tha...",No win (2 of 3)
16.,2016-09-02 18:49:30,121.29,95%,"When you decide to be something, you can be it. That's what ...",Win (1 of 3)
15.,2016-09-02 18:44:05,134.45,97%,I was standing all alone in the world outside. You were sear...,Win (1 of 5)
14.,2016-09-02 18:43:36,97.16,88%,One overarching lesson we have learned during the past hundr...,No win (4 of 5)
13.,2016-09-02 18:42:32,114.01,94%,Few smart kids can spare the attention that popularity requi...,Win (1 of 3)
12.,2016-09-02 18:41:36,86.69,85%,"As the netted bag says, this potato was grown in Idaho, that...",No win (3 of 3)
11.,2016-09-02 18:40:38,86.03,85%,"Not so happy, yet much happier. Thou shalt get kings, though...",No win (2 of 2)
10.,2016-09-02 18:39:03,137.09,100%,You're not like the others. I've seen a few; I know. When I ...,Win (1 of 3)
9.,2016-09-02 18:38:32,114.89,94%,Let's face it: there are tons of things in your home and lif...,No win (3 of 3)
8.,2016-09-02 18:37:16,119.67,94%,"Picking up the pieces, half alive in a nine 'til five, vacan...",Win (1 of 4)
7.,2016-09-02 18:33:59,120.71,94%,"I had a job, I had a girl. I had something going, mister, in...",Win (1 of 3)
6.,2016-09-02 18:33:15,113.97,94%,"Ever since I was a child, folks have thought they had me peg...",No win (2 of 3)
5.,2016-09-02 18:32:31,89.01,86%,"Our world, with its rules of causality, has trained us to be...",No win (2 of 2)
4.,2016-09-02 18:30:21,133.99,98%,"Look, I understand too little too late. I realize there are ...",Win (1 of 2)
3.,2016-09-02 18:27:58,145.50,98%,I think you're gonna find - when all this stuff is over and ...,Win (1 of 3)
2.,2016-09-02 18:26:17,118.80,95%,"If someone gives you an opinion and says, ""Hey, you look so ...",No win (2 of 2)
1.,2016-09-02 18:19:56,139.84,99%,"As civilizations grew, humans spread out across the face of ...",Win (1 of 5)
