828.,2018-01-16 17:52:24,62.66,95%,"The first part of the Rite, which ends with the sweat-induci...",No win (3 of 3)
827.,2017-12-23 14:07:18,111.44,99%,The best way to measure how much you've grown isn't by inche...,Win (1 of 3)
826.,2017-11-15 18:12:17,107.77,98%,Legend has it this bridge was constructed by a young man and...,No win (3 of 4)
825.,2017-11-15 18:11:19,94.53,98%,Morphic resonance is a process whereby self-organising syste...,No win (2 of 5)
824.,2017-11-15 18:10:16,111.25,97%,"Well, let me tell you something, Caveman. You are here on ac...",No win (2 of 5)
823.,2017-11-15 18:09:44,110.84,99%,So now I have to decide. Decide whether to let the world be ...,Win (1 of 5)
822.,2017-11-10 18:49:15,107.20,99%,I was oppressed with a sense of vague discontent and dissati...,Win (1 of 5)
821.,2017-11-10 18:48:25,105.73,98%,"Start spreading the news, I'm leaving today. I want to be a ...",Win (1 of 3)
820.,2017-11-09 16:11:48,101.64,98%,"And as I was sayin', whoever controls the high ground of spa...",Win (1 of 4)
819.,2017-10-23 21:15:33,86.03,97%,The bartender's smile widened. His ugliness was the stuff of...,No win (1 of 1)
818.,2017-10-23 21:14:02,85.87,97%,"Our mission was called ""a successful failure,"" in that we re...",No win (2 of 5)
817.,2017-10-23 21:12:56,121.29,99%,"Now my life has changed in oh so many ways, my independence ...",No win (2 of 5)
816.,2017-10-21 17:04:51,118.67,99%,"I once lived in the Lost Woods, until the day I wandered int...",No win (2 of 5)
815.,2017-10-21 17:04:09,103.69,98%,"In the late 1960s, a growing number of people became concern...",Win (1 of 3)
814.,2017-10-17 23:49:08,101.16,98%,"On the way to the bus stop, Bill saw somebody he recognized ...",No win (2 of 5)
813.,2017-10-17 23:47:30,109.80,99%,My pop was real big. He did like he pleased. That's why ever...,No win (3 of 4)
812.,2017-10-17 23:46:39,108.75,98%,This island of merchants is home to many valuable goods. Whi...,No win (3 of 5)
811.,2017-10-05 12:42:23,87.75,97%,Heaven did not seem to be my home; and I broke my heart with...,No win (4 of 5)
810.,2017-10-05 12:40:38,75.61,98%,"Hello, Springfield. Sorry to divert your attention from all ...",No win (5 of 5)
809.,2017-05-30 00:35:48,101.01,95%,"When you're dead, they really fix you up. I hope to hell whe...",Win (1 of 2)
808.,2017-05-30 00:34:55,105.77,95%,"If you imagine an orange, there may occur in your cortex a s...",No win (4 of 4)
807.,2017-05-30 00:34:00,101.88,96%,Three hidden keys open three secret gates wherein the errant...,No win (4 of 4)
806.,2017-05-18 20:35:37,100.17,93%,What incensed him the most was the blatant jokes of the ones...,No win (2 of 4)
805.,2017-05-18 20:35:02,119.62,96%,"Every magic trick consists of three parts, or acts. The firs...",Win (1 of 4)
804.,2017-05-13 01:02:27,133.17,100%,All I could think of was that the teachers must've found the...,No win (2 of 3)
803.,2017-05-13 01:01:42,108.19,97%,"Man, do not pride yourself on your superiority to the animal...",Win (1 of 2)
802.,2017-05-13 01:00:23,102.50,93%,"The wind was bitterly cold. The snow swirled, blurring his v...",No win (4 of 5)
801.,2017-05-13 00:59:34,107.83,95%,"Take a drink, my friend, and say what you have in your heart...",Win (1 of 4)
800.,2017-04-19 23:53:00,87.33,94%,"You cannot pass! I am a servant of the Secret Fire, wielder ...",Win (1 of 2)
799.,2017-04-14 22:34:23,101.05,95%,"The syllogism consists of propositions, propositions consist...",No win (1 of 1)
798.,2017-04-14 22:33:28,120.01,99%,Welcome to the room of people who have rooms of people that ...,No win (2 of 4)
797.,2017-04-08 02:08:19,49.82,86%,"The creatures outside looked from pig to man, and from man t...",No win (4 of 5)
796.,2017-04-03 00:30:15,116.24,97%,"Both ways set out from the senses and particulars, and rest ...",Win (1 of 5)
795.,2017-04-03 00:26:34,122.24,98%,"You're right, I did lose a million dollars last year. I expe...",Win (1 of 4)
794.,2017-04-03 00:25:55,134.89,98%,I don't like work - no man does - but I like what is in the ...,No win (2 of 3)
793.,2017-04-03 00:23:20,108.01,95%,"The time I waited seemed endless, and I felt doubts and fear...",No win (2 of 2)
792.,2017-04-03 00:22:41,124.22,97%,Under the lights when everything goes. Nowhere to hide when ...,No win (2 of 4)
791.,2017-04-01 22:24:54,109.12,96%,You have to wonder: how do the machines know what Tasty Whea...,No win (2 of 5)
790.,2017-04-01 02:01:38,100.90,96%,"To be fair, English is full of booby traps for the unwary fo...",No win (2 of 4)
789.,2017-04-01 02:00:54,101.58,93%,I was oppressed with a sense of vague discontent and dissati...,No win (3 of 3)
788.,2017-04-01 02:00:06,102.96,96%,"Alfred Hitchcock once said, ""Drama is life with the dull bit...",No win (2 of 5)
787.,2017-04-01 01:59:10,102.23,94%,"He was one of the numerous and varied legion of dullards, of...",Win (1 of 2)
786.,2017-03-31 22:03:27,101.43,95%,"He sank into the rocking chair, the same one in which Rebecc...",No win (2 of 2)
785.,2017-03-31 22:02:23,124.83,97%,"The pleasure of remembering had been taken from me, because ...",No win (3 of 4)
784.,2017-03-31 22:01:31,99.92,95%,I called Betsy again at her office and she said maybe we'd g...,No win (3 of 4)
783.,2017-03-31 22:00:57,115.22,99%,I just want to tell you how I'm feeling. Gotta make you unde...,Win (1 of 2)
782.,2017-03-31 21:59:23,112.18,97%,"You found paradise in America. You had a good trade, made a ...",Win (1 of 2)
781.,2017-03-15 21:40:16,103.22,93%,"There will be no more retribution, so you better not waste y...",No win (4 of 4)
780.,2017-03-14 16:42:50,113.08,98%,There are two places on Earth that serve as canaries in the ...,No win (2 of 5)
779.,2017-03-14 16:42:04,112.56,98%,The inner surface of the cell wall touches the cytoplasmic m...,No win (2 of 5)
778.,2017-03-14 16:41:26,147.67,100%,I hope it is true that a man can die and yet not only live i...,Win (1 of 5)
777.,2017-03-14 16:40:59,109.24,97%,What good are prayers and shrines to a person mad with love?...,No win (3 of 4)
776.,2017-03-09 18:45:36,113.29,97%,"You ask Raymond what he does for a living and he says, ""I br...",Win (1 of 2)
775.,2017-03-07 18:04:45,102.67,96%,So what's in this for you? Should you rush out in search of ...,No win (3 of 4)
774.,2017-03-07 16:05:30,127.62,98%,"But you know that when the truth is told, you can get what y...",Win (1 of 3)
773.,2017-03-07 16:04:58,104.28,94%,I don't want you to think of this as just a film - some proc...,No win (2 of 2)
772.,2017-03-07 16:03:54,124.48,97%,"So I was sitting in my cubicle today, and I realized, ever s...",Win (1 of 2)
771.,2017-03-04 23:28:51,87.39,90%,"King, eh? Very nice. And how'd you get that, eh? By exploiti...",Win (1 of 3)
770.,2017-03-04 23:27:24,133.41,98%,A melancholy air can never be the right thing; what you want...,No win (2 of 3)
769.,2017-03-04 23:26:39,106.91,95%,"Translating from one language to another, unless it is from ...",No win (2 of 3)
768.,2017-03-04 23:25:55,123.37,98%,And so with the sunshine and the great bursts of leaves grow...,Win (1 of 3)
767.,2017-03-04 23:25:24,110.11,94%,"I hope that whoever you are, you escape this place. I hope t...",Win (1 of 5)
766.,2017-03-04 21:59:37,103.09,96%,"Comfortable, Mullet? It seems sadly ironic that it's that ti...",No win (2 of 2)
765.,2017-03-04 21:57:18,102.27,93%,The Sky People have sent us a message that they can take wha...,No win (2 of 3)
764.,2017-03-04 21:56:35,113.54,96%,"Once there were two moons in the sky, but one wandered too c...",Win (1 of 3)
763.,2017-03-04 21:54:49,115.18,95%,Consider this: Is the pious being loved by the gods because ...,No win (2 of 3)
762.,2017-03-04 21:53:49,107.33,93%,"Duty bound, Aeneas, though he struggled with desire to calm ...",Win (1 of 3)
761.,2017-03-04 21:53:09,114.90,96%,The process of determining what pixels should be written for...,Win (1 of 3)
760.,2017-03-03 00:41:29,86.72,89%,"King, eh? Very nice. And how'd you get that, eh? By exploiti...",Win (1 of 4)
759.,2017-03-03 00:40:53,107.17,97%,And then what did he do? Did he train you? Did he rehearse y...,No win (2 of 4)
758.,2017-03-03 00:33:11,120.56,97%,Don't take anything personally - nothing others do is becaus...,No win (2 of 3)
757.,2017-03-03 00:32:28,129.61,98%,Any one can get angry - that is easy - or give or spend mone...,No win (2 of 4)
756.,2017-03-03 00:31:46,117.38,97%,"She's got a smile that, it seems to me, reminds me of childh...",Win (1 of 3)
755.,2017-03-02 22:03:34,93.34,95%,I am learning about twenty new Italian words a day. Where am...,Win (1 of 2)
754.,2017-03-02 22:02:46,93.42,87%,"At that time, I often thought that if I had had to live in t...",No win (3 of 3)
753.,2017-03-02 22:02:05,117.37,95%,At the time when Britain faced a plunge into chaos and darkn...,Win (1 of 3)
752.,2017-02-17 21:20:24,108.37,96%,"At last, we finally meet. I have something for you, Chancell...",No win (2 of 2)
751.,2017-02-12 21:44:30,118.19,97%,"Ever since I was a child, folks have thought they had me peg...",No win (2 of 5)
750.,2017-02-12 21:43:53,106.01,95%,"My friend, I shall be pedagogic, and say you ought to start ...",No win (2 of 3)
749.,2017-02-12 21:43:05,124.33,100%,"Let's sort the buyers from the spiers, the needy from the gr...",Win (1 of 5)
748.,2017-02-12 21:42:32,98.69,96%,Certainly the determining acts of her life were not ideally ...,No win (2 of 2)
747.,2017-02-12 21:37:52,110.65,95%,Commas and periods always go inside quotation marks. Colons ...,No win (2 of 4)
746.,2017-02-12 21:36:43,98.56,96%,"Historian James C. Cobb has described southern identity as ""...",Win (1 of 2)
745.,2017-02-08 23:09:52,133.59,98%,There comes a point when you just love someone. Not because ...,No win (3 of 5)
744.,2017-02-08 23:09:02,110.05,96%,In two dimensions we say that a rigid body has only one rota...,No win (2 of 5)
743.,2017-02-08 23:08:10,111.02,94%,"In the casino, the cardinal rule is to keep them playing and...",No win (4 of 5)
742.,2017-02-06 22:46:16,119.47,99%,All the blue light reflections that color my mind when I sle...,No win (2 of 5)
741.,2017-02-06 22:45:06,109.21,98%,"It may seem quite novelistic to you, and I am willing to agr...",Win (1 of 4)
740.,2017-02-06 22:44:08,90.97,91%,"Then she lit up a candle, and she showed me the way. There w...",No win (2 of 4)
739.,2017-02-06 22:43:21,98.15,92%,"There are men who possess a peculiarly strong visual memory,...",No win (2 of 4)
738.,2017-02-06 22:42:33,109.12,95%,To an outsider's ear it sounds absurdly wild and ridiculous ...,No win (3 of 5)
737.,2017-02-06 22:42:03,105.75,99%,Scissors cuts paper. Paper covers rock. Rock crushes lizard....,Win (1 of 4)
736.,2017-02-06 22:41:19,125.34,99%,"My youth is slipping, my youth is slipping away. Safe in mon...",Win (1 of 5)
735.,2017-02-06 22:40:29,118.56,98%,I'm alive in a city in a country of the world. And I want to...,Win (1 of 4)
734.,2017-02-05 22:58:18,104.13,93%,The wonders of life and the universe are mere reflections of...,Win (1 of 2)
733.,2017-02-05 22:57:46,111.29,94%,"The Earth is a world, the world is a ball, a ball in a game ...",No win (2 of 2)
732.,2017-02-05 22:57:11,105.71,96%,The basis of the Aztecs' success in creating a great state a...,Win (1 of 5)
731.,2017-02-05 22:55:19,114.21,98%,"May your hands always be busy, may your feet always be swift...",Win (1 of 4)
730.,2017-02-04 21:47:25,98.43,96%,We're no strangers to love. You know the rules and so do I. ...,No win (2 of 2)
729.,2017-02-04 21:46:27,93.38,92%,The titanium business was in a state of flux during the 1990...,Win (1 of 4)
728.,2017-02-04 21:45:17,114.50,97%,"I also thought about my wife, the most important person in m...",Win (1 of 5)
727.,2017-02-04 21:44:33,99.53,95%,We all know people who are very bright but who do not always...,No win (4 of 5)
726.,2017-02-04 21:43:49,104.03,98%,As a manager you will also be able to control gravity. Sir I...,No win (3 of 4)
725.,2017-02-03 22:31:28,100.18,95%,"It rasped her, though, to have stirring about in her this br...",No win (4 of 5)
724.,2017-02-03 22:29:54,89.86,94%,"Then suddenly Prince Andre was speaking for himself, his acc...",No win (3 of 4)
723.,2017-02-03 22:29:03,115.16,95%,"This made me reflect, how vain an attempt it is for a man to...",Win (1 of 5)
722.,2017-02-03 22:28:31,135.24,99%,"There was never any more inception than there is now, nor an...",No win (2 of 5)
721.,2017-02-03 22:27:56,111.18,97%,There is something about yourself that you don't know. Somet...,Win (1 of 4)
720.,2017-02-02 01:26:40,109.96,97%,Resistance is the measurement of the ability of electrons to...,No win (2 of 5)
719.,2017-02-02 01:25:42,73.80,92%,"I pulled up to the house about 7 or 8, and I yelled to the c...",No win (4 of 5)
718.,2017-02-02 01:24:59,122.09,97%,"What really counted was the possibility of escape, a leap of...",Win (1 of 2)
717.,2017-02-02 01:24:03,113.75,97%,All beauty comes from beautiful blood and a beautiful brain....,Win (1 of 2)
716.,2017-02-02 01:23:13,106.38,96%,"And now, as I close my task, subduing my desire to linger ye...",Win (1 of 4)
715.,2017-02-02 01:22:29,130.16,98%,I felt good and all washed clean of sin for the first time I...,Win (1 of 4)
714.,2017-02-02 01:21:50,117.71,98%,"I won't say another word - not one. I know I talk too much, ...",Win (1 of 4)
713.,2017-02-01 00:17:49,93.24,91%,I'm waking up to ash and dust. I wipe my brow and I sweat my...,No win (2 of 5)
712.,2017-02-01 00:17:06,84.13,94%,The wine list looks so imposing that you finally give up lab...,Win (1 of 3)
711.,2017-02-01 00:15:56,110.76,95%,Wherever they might be they always remember that the past wa...,Win (1 of 5)
710.,2017-02-01 00:15:11,126.89,100%,"When I was your age, television was called books. And this i...",Win (1 of 3)
709.,2017-02-01 00:14:33,102.89,95%,All this time we wait on this shallow line for a martyr to s...,Win (1 of 5)
708.,2017-02-01 00:13:30,72.43,99%,"These nights are endless, and a man can sleep through them, ...",Win (1 of 2)
707.,2017-01-29 20:09:14,94.72,95%,I distrust a close-mouthed man. He generally picks the wrong...,No win (3 of 5)
706.,2017-01-29 20:08:23,82.06,92%,"Now you might ask yourself, if by yourself you mean me, ""Ste...",No win (2 of 3)
705.,2017-01-28 01:46:19,104.74,94%,"Yes, it was her he was looking at, and there was meaning in ...",No win (3 of 4)
704.,2017-01-28 01:45:46,93.36,95%,"If he needs a million acres to make him feel rich, seems to ...",No win (2 of 5)
703.,2017-01-28 01:44:55,88.71,93%,"So ya, thought ya might like to go to the show. To feel the ...",No win (2 of 2)
702.,2017-01-28 01:43:59,98.59,94%,There is something about yourself that you don't know. Somet...,No win (2 of 3)
701.,2017-01-28 01:43:07,115.06,98%,Being able to quit things that don't work is integral to bei...,No win (2 of 5)
700.,2017-01-28 01:42:24,119.92,97%,I wish that strife would vanish away from among gods and mor...,Win (1 of 5)
699.,2017-01-28 01:41:49,95.28,91%,"And in the world a heart of darkness, a firezone, where poet...",No win (2 of 5)
698.,2017-01-28 01:41:07,111.90,96%,Now I want you to think and stop being a smart aleck. A man'...,No win (3 of 3)
697.,2017-01-28 01:40:32,109.95,98%,Remember before when I was talking about smelly garbage stan...,Win (1 of 4)
696.,2017-01-28 01:39:46,102.97,96%,"He spoke and rose to full height, sword in air, then cleft t...",No win (2 of 5)
695.,2017-01-28 01:38:48,107.43,98%,I remember when we used to sit in the government yard in Tre...,No win (3 of 4)
694.,2017-01-28 01:38:03,109.74,97%,Data is by definition easy to copy. And the Internet makes c...,Win (1 of 4)
693.,2017-01-25 13:36:58,80.74,94%,"I'm so in love with you. And I hope you know, darling, your ...",Win (1 of 5)
692.,2017-01-25 13:36:11,88.49,92%,You can know the name of a bird in all the languages of the ...,No win (3 of 5)
691.,2017-01-25 13:35:15,88.77,95%,"I'm on Johnson Avenue in San Luis Obispo, and I'm five years...",Win (1 of 5)
690.,2017-01-25 13:34:36,96.57,93%,"May your hands always be busy, may your feet always be swift...",Win (1 of 5)
689.,2017-01-22 01:42:41,85.64,95%,"Why so much grief for me? No man will hurl me down to Death,...",No win (2 of 2)
688.,2017-01-22 01:41:29,111.09,98%,"Life can get pretty crazy at times. It can be hectic, confus...",Win (1 of 2)
687.,2017-01-22 01:37:45,95.55,95%,Indonesia is a nation of islands - more than seventeen thous...,No win (2 of 2)
686.,2017-01-22 01:36:23,100.73,95%,"Well, a scavenger hunt is exactly like a treasure hunt, exce...",No win (2 of 2)
685.,2017-01-22 01:35:26,106.15,96%,There comes a point when you just love someone. Not because ...,No win (2 of 2)
684.,2017-01-22 01:34:08,119.92,99%,"Heaven knows we need never be ashamed of our tears, for they...",Win (1 of 2)
683.,2017-01-22 01:33:03,104.33,97%,"Because they're at the bottom of the scale, nerds are a safe...",No win (2 of 2)
682.,2017-01-22 01:32:02,89.15,95%,"Like I said, my uncle used to drive his truck and drink Old ...",No win (2 of 2)
681.,2017-01-22 01:30:53,104.32,97%,"On a manual typewriter, strike the key with a nice sharp str...",No win (2 of 2)
680.,2017-01-22 01:30:00,72.13,89%,"Ezekiel twenty-five, seventeen: The path of the righteous ma...",No win (2 of 2)
679.,2017-01-22 01:28:14,82.91,94%,Scissors cuts paper. Paper covers rock. Rock crushes lizard....,Win (1 of 3)
678.,2017-01-22 01:25:15,81.57,92%,"I've heard there was a secret chord that David played, and i...",No win (3 of 5)
677.,2017-01-22 01:24:27,103.93,98%,"Saturday afternoons are terrible in a boys' school, especial...",No win (2 of 5)
676.,2017-01-22 01:23:30,80.46,93%,"I've heard there was a secret chord that David played, and i...",No win (3 of 5)
675.,2017-01-22 01:22:42,82.14,96%,No one has ever witnessed the complete evolution of any star...,No win (2 of 2)
674.,2017-01-22 01:21:37,87.46,95%,"When I was your age, television was called books. And this i...",No win (4 of 4)
673.,2017-01-10 13:28:24,87.24,96%,"If you think that you are going to love something, give it a...",No win (4 of 5)
672.,2017-01-10 13:27:48,90.63,96%,Injustice anywhere is a threat to justice everywhere. We are...,Win (1 of 4)
671.,2017-01-10 13:26:33,89.21,94%,"Whether you're a student, secretary, office administrator, m...",No win (2 of 5)
670.,2017-01-10 13:25:52,107.14,94%,I hope it is true that a man can die and yet not only live i...,Win (1 of 3)
669.,2017-01-10 13:25:27,102.48,99%,"Look at the stars. Same stars as last week, last year, when ...",Win (1 of 4)
668.,2017-01-10 13:24:55,88.02,99%,And that's what this whole thing is about. Calling home. Ins...,No win (2 of 2)
667.,2016-12-12 23:34:45,103.18,94%,The man who pulls the lever that breaks your neck will be a ...,No win (3 of 5)
666.,2016-12-12 23:34:06,112.25,97%,"This was the most delicious meal he'd had in recent years, a...",Win (1 of 4)
665.,2016-12-12 23:33:20,118.60,98%,"Ingratitude is amongst them a capital crime, as we read it t...",No win (2 of 5)
664.,2016-12-12 23:32:38,100.76,94%,"Vanity and pride are different things, though the words are ...",No win (2 of 4)
663.,2016-09-26 15:11:38,100.74,96%,"Now listen up! Back in my day, we didn't have fancy tanks! W...",Win (1 of 4)
662.,2016-09-24 19:34:47,110.90,97%,Achieving top performance in a programming contest or any ot...,Win (1 of 5)
661.,2016-09-24 19:34:04,111.86,96%,Many rivers to cross but I can't seem to find my way over. W...,No win (4 of 5)
660.,2016-09-24 19:33:17,114.71,95%,Don't take anything personally - nothing others do is becaus...,No win (3 of 5)
659.,2016-09-24 19:32:37,111.60,98%,"Oh, no, sir. I'm sorry, sir. I could never answer to a whist...",No win (2 of 4)
658.,2016-09-24 19:31:59,110.17,94%,"Look, I understand too little too late. I realize there are ...",No win (3 of 4)
657.,2016-09-23 21:34:58,114.47,96%,We all know people who are very bright but who do not always...,Win (1 of 5)
656.,2016-09-23 21:33:29,112.75,98%,"To be fair, English is full of booby traps for the unwary fo...",Win (1 of 4)
655.,2016-09-23 21:32:52,115.98,98%,"I did my best, it wasn't much. I couldn't feel, so I tried t...",Win (1 of 3)
654.,2016-09-23 21:31:28,114.83,97%,"Hey you... did you ever realize what you'd become, and did y...",Win (1 of 4)
653.,2016-09-23 21:30:47,122.77,98%,"Every magic trick consists of three parts, or acts. The firs...",Win (1 of 4)
652.,2016-09-23 00:09:22,107.70,93%,"Has it been five years? Six? It seems like a lifetime, the k...",No win (2 of 2)
651.,2016-09-23 00:08:27,106.95,96%,Many introverted hackers who are next to inarticulate in per...,Win (1 of 5)
650.,2016-09-19 17:24:03,93.37,94%,"Prior to the 1970's, because the United States had long been...",No win (2 of 3)
649.,2016-09-19 17:22:54,112.65,95%,"Remember, if the time should come when you have to make a ch...",No win (2 of 4)
648.,2016-09-19 17:22:17,113.14,96%,I've always wondered about this coat business. When I'm in a...,No win (2 of 4)
647.,2016-09-19 17:21:36,95.04,94%,"""Before I died,"" Anorak says, speaking in a much deeper voic...",No win (2 of 2)
646.,2016-09-19 17:20:50,116.22,98%,It is not difficult to wield a sword in one hand; the way to...,Win (1 of 4)
645.,2016-09-18 16:33:43,111.72,97%,"Anything that happens, happens. Anything that, in happening,...",Win (1 of 5)
644.,2016-09-18 16:32:58,112.25,97%,Let's face it: there are tons of things in your home and lif...,No win (2 of 4)
643.,2016-09-18 16:32:13,111.59,94%,"The rest of my attention is back at the offices of Facebook,...",No win (2 of 2)
642.,2016-09-18 16:25:43,92.09,91%,"You just couldn't let me go, could you? This is what happens...",No win (3 of 4)
641.,2016-08-29 15:08:24,113.27,96%,"Because they're at the bottom of the scale, nerds are a safe...",Win (1 of 4)
640.,2016-08-29 15:07:40,103.93,96%,God help the man who ever really loves you. You'd break his ...,Win (1 of 3)
639.,2016-08-29 15:07:12,125.35,98%,"Ticking away the moments that make up a dull day, you fritte...",Win (1 of 3)
638.,2016-08-27 00:21:53,106.47,97%,"Hey Mr. Tambourine Man, play a song for me, I'm not sleepy a...",No win (4 of 5)
637.,2016-08-27 00:21:16,122.33,99%,I can already hear your tune calling me across the room. Whe...,Win (1 of 4)
636.,2016-08-24 00:17:57,93.05,95%,"Geometry sets out from certain conceptions such as ""plane,"" ...",No win (2 of 5)
635.,2016-08-24 00:16:42,113.57,96%,Don't bother trying to explain your emotions. Live everythin...,No win (2 of 5)
634.,2016-08-24 00:16:01,114.81,98%,God help the man who ever really loves you. You'd break his ...,No win (2 of 5)
633.,2016-08-04 23:53:44,107.47,94%,At first they had tried to keep the finding quiet. After all...,Win (1 of 4)
632.,2016-08-04 23:52:49,110.67,96%,"But suddenly, I viddied that thinking was for the gloopy one...",Win (1 of 2)
631.,2016-08-04 23:52:07,101.05,94%,"Whether they use the title or not, many lyrics have evocativ...",No win (4 of 4)
630.,2016-08-04 23:51:38,104.50,96%,"You needn't take it any further, sir. You've proved to me th...",No win (2 of 3)
629.,2016-08-04 23:50:55,104.56,94%,Stab a sorry heart with your favorite finger. Paint the whol...,Win (1 of 3)
628.,2016-08-04 23:50:11,113.78,99%,"At 211 degrees, water is hot. At 212 degrees, it boils. And ...",Win (1 of 3)
627.,2016-07-09 19:23:09,106.48,94%,"Life is not suffering; it's just that you will suffer it, ra...",Win (1 of 3)
626.,2016-07-09 19:21:40,126.04,98%,"I don't want tickets, I need you to find me a painting, a cl...",Win (1 of 3)
625.,2016-07-05 23:41:58,104.57,94%,"Tis but thy name that is my enemy. Thou art thyself, though ...",No win (3 of 3)
624.,2016-07-05 23:41:00,131.10,100%,"When I really worry about something, I don't just fool aroun...",Win (1 of 2)
623.,2016-07-05 13:09:52,118.77,96%,The beginner writes just twenty pieces. The professional wri...,Win (1 of 4)
622.,2016-07-03 23:39:49,113.37,96%,"Burning my bridges and smashing my mirrors, turning to see i...",No win (4 of 5)
621.,2016-07-03 23:39:11,121.01,97%,Don't take anything personally - nothing others do is becaus...,Win (1 of 4)
620.,2016-07-03 23:38:29,135.10,100%,A glooming peace this morning with it brings. The sun for so...,Win (1 of 5)
619.,2016-07-03 23:37:55,107.00,96%,"Do you smell that? Napalm, son. Nothing else in the world sm...",No win (2 of 4)
618.,2016-06-27 18:32:33,113.34,97%,With the coming of Dean Moriarty began the part of my life y...,No win (3 of 3)
617.,2016-06-27 18:31:47,116.26,97%,Paper as we know it today was invented in China in around 10...,Win (1 of 2)
616.,2016-06-23 19:50:21,112.95,95%,"Padre, these are subtleties! We are not concerned with motiv...",No win (2 of 5)
615.,2016-06-23 19:49:22,132.35,100%,"We turn away to face the cold, enduring chill, as the day be...",Win (1 of 5)
614.,2016-06-23 19:48:48,125.91,97%,Let me tell you why you're here. You're here because you kno...,Win (1 of 4)
613.,2016-06-23 19:47:58,125.42,98%,Never give up on everything if one thing is too hard. Never ...,Win (1 of 3)
612.,2016-06-18 18:21:00,114.87,97%,"The sooner your kids appreciate the value of work, the more ...",No win (2 of 2)
611.,2016-06-16 23:25:06,121.34,99%,Let's face it: there are tons of things in your home and lif...,No win (3 of 3)
610.,2016-06-16 23:24:30,107.96,96%,"Good games stay within, but at the outer edge, of the player...",No win (3 of 4)
609.,2016-06-16 23:23:57,111.33,95%,"When the light of life has gone, no change for the meter. Th...",Win (1 of 3)
608.,2016-06-16 23:23:11,107.98,96%,"One respondent said ""For women - a lot of games are crap - t...",No win (2 of 4)
607.,2016-06-11 14:56:12,104.98,94%,"They say, ""Find a purpose in your life and live it."" But, so...",Win (1 of 2)
606.,2016-06-11 14:55:31,112.37,96%,And then I hear the best thing to do is feed 'em to pigs. Yo...,Win (1 of 2)
605.,2016-06-10 00:22:46,110.40,97%,And then he calls me a jerk and says the last guy who though...,No win (3 of 5)
604.,2016-06-10 00:22:01,143.26,98%,"If you think that you are going to love something, give it a...",Win (1 of 3)
603.,2016-06-10 00:21:33,128.75,99%,"They say that right after God created man, he took a rib fro...",Win (1 of 5)
602.,2016-06-10 00:20:49,106.75,96%,"As customers of all races, nationalities, and cultures visit...",Win (1 of 3)
601.,2016-06-09 22:28:30,113.17,99%,"They had been given a sign - a powerful, lucid sign - that u...",Win (1 of 2)
600.,2016-06-07 14:36:21,123.06,98%,"If you don't get what you want, you suffer; if you get what ...",Win (1 of 5)
599.,2016-06-05 23:57:02,92.74,92%,"There is more to color than a swatch in a book, or a pull do...",No win (2 of 3)
598.,2016-06-05 23:56:12,105.17,96%,"In short order, Carter then proceeded to kill any chance he ...",No win (3 of 4)
597.,2016-06-04 14:48:54,118.00,97%,I never said I would stay to the end - I knew I would leave ...,No win (2 of 4)
596.,2016-06-04 14:47:53,115.30,98%,The feeling of having no power over people and events is gen...,Win (1 of 3)
595.,2016-06-04 14:46:54,147.49,99%,"If you think that you are going to love something, give it a...",Win (1 of 5)
594.,2016-06-01 22:17:25,110.51,97%,"Imagine a vast sheet of paper on which straight Lines, Trian...",Win (1 of 4)
593.,2016-06-01 22:16:24,94.41,92%,"All Ninja are men of peace, and must always remain so or los...",No win (3 of 4)
592.,2016-06-01 22:15:26,103.69,94%,"The Orient was almost a European invention, and had been sin...",Win (1 of 5)
591.,2016-06-01 22:14:42,118.67,97%,I've seen things you people wouldn't believe. Attack ships o...,Win (1 of 5)
590.,2016-06-01 22:14:08,107.84,95%,"I had a job, I had a girl. I had something going, mister, in...",No win (4 of 5)
589.,2016-06-01 22:13:24,89.25,95%,"So, ahem, how much is it, then, Tom? - You know how much, Ni...",No win (2 of 5)
588.,2016-06-01 22:12:24,123.80,99%,"So don't be afraid; your heart is in me, and it's racing so ...",Win (1 of 5)
587.,2016-06-01 22:11:56,101.21,90%,"I went to the woods because I wished to live deliberately, t...",No win (2 of 3)
586.,2016-05-29 00:29:07,80.76,91%,"""Look, you hassle me, you see what happens,"" Tyrone makes to...",No win (2 of 3)
585.,2016-05-28 16:52:59,119.69,97%,There is something about yourself that you don't know. Somet...,No win (4 of 4)
584.,2016-05-28 16:52:14,124.55,100%,"She's got a smile that, it seems to me, reminds me of childh...",No win (2 of 3)
583.,2016-05-27 01:11:35,100.17,93%,Sholes consulted with an educator who helped him analyze the...,No win (2 of 3)
582.,2016-05-25 00:53:20,109.71,97%,"Whenever you watch the mind, you withdraw consciousness from...",No win (2 of 5)
581.,2016-05-25 00:52:40,108.28,97%,"Hi, and welcome to the future. San Dimas, California, 2688. ...",No win (3 of 4)
580.,2016-05-22 17:15:47,109.54,94%,One thing I've learned in the last seven years: in every gam...,Win (1 of 5)
579.,2016-05-21 16:17:44,118.26,96%,"Contrary to the feminist cant, there are many things we can ...",No win (3 of 3)
578.,2016-05-21 16:16:53,132.21,99%,Stab a sorry heart with your favorite finger. Paint the whol...,Win (1 of 3)
577.,2016-05-21 16:16:11,126.29,98%,"Trudging slowly over wet sand, back to the bench where your ...",No win (2 of 2)
576.,2016-05-17 20:53:37,132.30,97%,There comes a point when you just love someone. Not because ...,Win (1 of 3)
575.,2016-05-16 19:15:06,104.35,94%,Well this seems to be a waste of my time. That is nine hundr...,Win (1 of 2)
574.,2016-05-16 19:14:10,128.69,98%,The major difference between a thing that might go wrong and...,Win (1 of 3)
573.,2016-05-16 19:13:36,121.29,98%,Remembering you running soft through the night. You were big...,Win (1 of 3)
572.,2016-05-09 17:02:19,114.16,97%,I know that you weren't bored that day because there was a l...,Win (1 of 4)
571.,2016-05-09 17:01:29,115.53,96%,"Our world, with its rules of causality, has trained us to be...",Win (1 of 3)
570.,2016-05-04 00:43:05,101.06,94%,"The problem is, Willie, is that Charles and yourself are not...",Win (1 of 4)
569.,2016-05-04 00:42:34,115.62,98%,"But, pray how could that which I spoke so many years ago, an...",No win (2 of 4)
568.,2016-05-04 00:41:57,124.95,100%,I don't believe in painted roses or bleeding hearts while bu...,Win (1 of 3)
567.,2016-03-27 19:48:07,134.95,98%,There are very few things I wish I could change about those ...,Win (1 of 5)
566.,2016-03-26 17:19:27,101.70,95%,Instead of hiring workers during the peak hog kill in the wi...,Win (1 of 2)
565.,2016-03-26 17:17:41,123.21,99%,"You needn't take it any further, sir. You've proved to me th...",Win (1 of 3)
564.,2016-03-26 17:17:04,103.55,96%,Aztec rule was based upon a system of tribute and fear over ...,Win (1 of 2)
563.,2016-03-24 23:46:16,103.58,95%,"I'd been walking for hours and, as usual, I'd lost track of ...",Win (1 of 4)
562.,2016-03-10 16:32:43,108.48,94%,"And you know it's time to go, through the sleet and driving ...",Win (1 of 5)
561.,2016-03-10 16:31:56,145.41,100%,"If you think that you are going to love something, give it a...",Win (1 of 5)
560.,2016-03-08 17:10:09,106.12,96%,The invention of the wheel represented a major turning point...,No win (2 of 4)
559.,2016-03-08 17:09:23,109.94,98%,So I'm two inches away from her. Her luscious lips part. Jus...,Win (1 of 5)
558.,2016-03-08 17:08:50,111.68,99%,"At 211 degrees, water is hot. At 212 degrees, it boils. And ...",No win (2 of 3)
557.,2016-03-07 23:35:38,112.58,96%,What you gonna do with your man there? You're always gonna h...,Win (1 of 5)
556.,2016-03-06 21:54:09,94.46,92%,"Historian James C. Cobb has described southern identity as ""...",No win (2 of 3)
555.,2016-03-06 21:53:18,121.07,98%,"The idea of ""Mr. Right"" has been passed down over the genera...",No win (2 of 4)
554.,2016-03-06 21:52:27,111.20,97%,"The Earth is a world, the world is a ball, a ball in a game ...",Win (1 of 3)
553.,2016-03-06 21:51:55,119.12,97%,I never said I would stay to the end - I knew I would leave ...,No win (2 of 3)
552.,2016-03-06 18:37:33,105.83,95%,"Imagine a vast sheet of paper on which straight Lines, Trian...",No win (2 of 5)
551.,2016-03-06 18:35:14,108.95,94%,"Every craft and every investigation, and likewise every acti...",No win (2 of 5)
550.,2016-03-06 18:34:09,134.17,98%,"One day you're in a funk about things, telling a friend that...",No win (2 of 4)
549.,2016-03-05 14:42:42,105.62,96%,"Geometry sets out from certain conceptions such as ""plane,"" ...",Win (1 of 4)
548.,2016-03-05 14:41:33,109.90,99%,"Oh bliss! Bliss and heaven! Oh, it was gorgeousness and gorg...",Win (1 of 5)
547.,2016-03-02 21:59:54,115.69,96%,"She's got a smile that, it seems to me, reminds me of childh...",Win (1 of 4)
546.,2016-03-02 21:59:19,121.72,96%,A freedom fighter learns the hard way that it is the oppress...,Win (1 of 5)
545.,2016-03-02 21:57:46,102.84,97%,"Listen, strange women lyin' in ponds distributin' swords is ...",Win (1 of 2)
544.,2016-02-28 22:15:49,95.80,94%,"And today, Lady Liberty is under attack from the cable chann...",Win (1 of 4)
543.,2016-02-27 23:08:11,93.83,88%,"Look Dave, I can see you're really upset about this. I hones...",No win (2 of 4)
542.,2016-02-27 23:07:27,102.80,94%,One thing I've learned in the last seven years: in every gam...,No win (2 of 2)
541.,2016-02-27 23:06:48,115.94,94%,"But it is important to know this, to know your roots. To kno...",No win (2 of 2)
540.,2016-02-27 22:54:32,121.91,99%,It takes more than a calorie of fossil fuel energy to produc...,Win (1 of 3)
539.,2016-02-27 22:53:43,113.42,95%,"Ever since I was a child, folks have thought they had me peg...",No win (4 of 5)
538.,2016-02-23 19:09:46,115.80,99%,"Despair comes slowly, crawling its way up inside you until i...",No win (3 of 4)
537.,2016-02-21 01:31:26,113.44,97%,"Contrary to the feminist cant, there are many things we can ...",Win (1 of 2)
536.,2016-02-18 22:18:14,100.40,94%,I had a friend who was a heavy drinker. If somebody asked hi...,Win (1 of 4)
535.,2016-02-18 22:17:40,122.48,97%,We have a criminal jury system which is superior to any in t...,No win (2 of 5)
534.,2016-02-18 22:17:09,110.43,96%,But if in efficient causes it is possible to go on to infini...,No win (2 of 3)
533.,2016-02-18 22:16:19,110.35,96%,"In the casino, the cardinal rule is to keep them playing and...",No win (2 of 2)
532.,2016-02-18 22:15:38,141.66,99%,The place to improve the world is first in one's own heart a...,Win (1 of 5)
531.,2016-02-15 23:18:52,132.25,99%,"Ultimately, this is not about solving your problems. It's ab...",Win (1 of 5)
530.,2016-02-15 23:18:15,130.15,98%,And I don't believe in the existence of angels but looking a...,Win (1 of 5)
529.,2016-02-15 23:17:27,129.04,98%,"Remember, if the time should come when you have to make a ch...",No win (2 of 4)
528.,2016-02-14 20:44:58,105.14,98%,We may climb into the thin and cold realm of pure geometry a...,No win (3 of 3)
527.,2016-02-14 20:44:16,118.00,98%,"All at sea again, and now my hurricanes, have brought down t...",Win (1 of 4)
526.,2016-02-14 19:21:00,130.30,98%,"And as we let our own light shine, we unconsciously give oth...",Win (1 of 3)
525.,2016-02-14 19:20:32,110.21,96%,"Picking up the pieces, half alive in a nine 'til five, vacan...",Win (1 of 2)
524.,2016-02-14 19:19:43,115.84,94%,"When we pulled out into the winter night and the real snow, ...",Win (1 of 3)
523.,2016-02-13 20:43:37,111.81,98%,Who is Keyser Soze? He is supposed to be Turkish. Some say h...,No win (1 of 1)
522.,2016-02-13 20:42:41,119.66,97%,If I'm curt with you it's because time is a factor. I think ...,Win (1 of 4)
521.,2016-02-13 20:42:10,109.57,95%,Data is by definition easy to copy. And the Internet makes c...,Win (1 of 4)
520.,2016-02-13 20:41:16,127.63,99%,"If one day I could get out of here, I would allow myself to ...",Win (1 of 4)
519.,2016-02-13 20:40:41,112.79,94%,You can know the name of a bird in all the languages of the ...,No win (2 of 4)
518.,2016-02-13 20:39:52,109.47,95%,All the blue light reflections that color my mind when I sle...,No win (3 of 5)
517.,2016-02-13 20:38:37,121.45,96%,Now I want you to think and stop being a smart aleck. A man'...,Win (1 of 3)
516.,2016-02-13 20:37:51,124.05,98%,We live in a charmed world. If we have money we can buy lite...,Win (1 of 4)
515.,2016-02-13 20:37:02,128.23,97%,"When the light of life has gone, no change for the meter. Th...",Win (1 of 5)
514.,2016-02-13 20:36:26,121.70,99%,Most popular song lyrics have two sections - a verse and a b...,Win (1 of 4)
513.,2016-02-13 20:35:51,118.68,97%,"Hanging by threads of palest silver, I could have stayed tha...",Win (1 of 2)
512.,2016-02-13 20:35:19,106.26,98%,"Disillusion is the greatest gift I can give you. But, becaus...",Win (1 of 3)
511.,2016-02-13 20:34:22,107.37,96%,I don't believe in painted roses or bleeding hearts while bu...,No win (2 of 5)
510.,2016-02-13 20:33:46,115.88,98%,"Good evening, London. Allow me first to apologize for this i...",Win (1 of 5)
509.,2016-02-11 18:41:07,88.01,96%,"The car has stopped. Vinny: ""What have you stopped here for?...",No win (2 of 4)
508.,2016-02-11 15:56:17,107.22,98%,"As the netted bag says, this potato was grown in Idaho, that...",Win (1 of 3)
507.,2016-02-11 15:55:22,131.37,100%,There are but two types of men who desire war: those who hav...,Win (1 of 5)
506.,2016-02-11 15:53:13,114.52,98%,Being able to quit things that don't work is integral to bei...,Win (1 of 2)
505.,2016-02-09 18:19:39,105.67,96%,I've flown seven million miles. And I've been waiting on peo...,Win (1 of 2)
504.,2016-02-09 18:18:35,112.89,96%,Since every piece of matter in the Universe is in some way a...,Win (1 of 5)
503.,2016-02-09 18:17:42,138.40,99%,There's a piece of Maria in every song that I sing. And the ...,Win (1 of 5)
502.,2016-02-09 18:17:06,115.00,96%,"The Earth is a world, the world is a ball, a ball in a game ...",Win (1 of 5)
501.,2016-02-07 16:04:31,108.37,96%,Who has a safety deposit box full of money and six passports...,No win (2 of 4)
500.,2016-02-06 13:40:49,112.79,97%,It's the possibility of having a dream come true that makes ...,No win (2 of 4)
499.,2016-02-06 13:39:32,117.10,98%,"A long time ago, I was in Burma, my friends and I were worki...",Win (1 of 5)
498.,2016-02-05 22:58:31,108.92,97%,"To some, the rules of etiquette may seem outdated, stuffy an...",Win (1 of 4)
497.,2016-02-05 22:57:32,122.30,99%,"Races are not won in the first corner; however, they are oft...",No win (2 of 3)
496.,2016-02-03 23:16:39,118.02,99%,"He started running, up and up, until he hurled himself into ...",Win (1 of 3)
495.,2016-01-31 16:14:40,104.26,93%,"But older than me now, more constant, more real, and the fur...",No win (2 of 5)
494.,2016-01-31 16:14:00,122.30,95%,You've got a way to keep me on your side. You give me cause ...,No win (2 of 5)
493.,2016-01-31 16:13:24,121.90,97%,"The Earth is a world, the world is a ball, a ball in a game ...",Win (1 of 5)
492.,2016-01-31 16:12:53,103.92,95%,Who has a safety deposit box full of money and six passports...,Win (1 of 4)
491.,2016-01-31 16:12:17,101.55,90%,"But older than me now, more constant, more real, and the fur...",No win (2 of 3)
490.,2016-01-31 16:06:05,124.49,98%,"When the light of life has gone, no change for the meter. Th...",No win (2 of 5)
489.,2016-01-31 16:05:32,109.58,96%,Having endured the racial turmoil of the Civil Rights Moveme...,Win (1 of 3)
488.,2016-01-29 22:50:04,117.52,97%,It is possible that I already had some presentiment of my fu...,Win (1 of 5)
487.,2016-01-29 22:48:30,134.19,98%,The major difference between a thing that might go wrong and...,Win (1 of 5)
486.,2016-01-29 22:28:04,110.16,96%,"Get it straight buster - I'm not here to say please, I'm her...",Win (1 of 5)
485.,2016-01-29 22:27:17,106.54,98%,I had the impression of being abandoned by everyone when the...,Win (1 of 2)
484.,2016-01-28 23:29:04,94.15,91%,"Milt, with the excellent timing of a master comedy writer, w...",No win (2 of 2)
483.,2016-01-28 23:27:49,129.11,97%,If you're working out in front of a mirror and watching your...,No win (3 of 4)
482.,2016-01-28 23:27:06,111.88,96%,You're not like the others. I've seen a few; I know. When I ...,Win (1 of 4)
481.,2016-01-28 23:25:48,140.36,100%,"When I really worry about something, I don't just fool aroun...",Win (1 of 4)
480.,2016-01-28 21:40:55,108.90,93%,"Some pilots like the excitement of our missions, knowing tha...",No win (2 of 2)
479.,2016-01-26 18:54:45,109.12,97%,The feeling of having no power over people and events is gen...,No win (2 of 5)
478.,2016-01-26 18:53:54,95.72,94%,You could choke a dozen donkeys on that! And you're haggling...,Win (1 of 2)
477.,2016-01-24 20:29:15,124.61,98%,He rode past me and kept on goin'. Never said nothin' goin' ...,Win (1 of 3)
476.,2016-01-24 20:28:08,117.63,97%,"It's a funny thing, but people mostly have it backward. They...",No win (2 of 4)
475.,2016-01-21 23:28:04,120.64,97%,I've seen things you people wouldn't believe. Attack ships o...,Win (1 of 4)
474.,2016-01-21 23:27:28,104.30,95%,"Hello, babies. Welcome to Earth. It's hot in the summer and ...",Win (1 of 5)
473.,2016-01-21 17:20:04,123.30,96%,Now I want you to think and stop being a smart aleck. A man'...,No win (2 of 4)
472.,2016-01-21 17:19:24,124.61,97%,And I don't believe in the existence of angels but looking a...,No win (2 of 3)
471.,2016-01-20 22:21:10,112.97,96%,"Often, we assume that a familiar situation will be but a rep...",No win (2 of 5)
470.,2016-01-20 22:20:27,132.45,100%,"But no matter how effective the lesson was, I never really u...",No win (2 of 4)
469.,2016-01-20 22:19:58,122.26,97%,"She's got a smile that, it seems to me, reminds me of childh...",Win (1 of 5)
468.,2016-01-18 22:22:18,115.86,98%,In 1873 the Sholes & Glidden Type Writer became the firs...,No win (1 of 1)
467.,2016-01-18 11:29:59,111.07,96%,I see in your eyes the same fear that would take the heart o...,No win (2 of 5)
466.,2016-01-17 17:15:30,118.73,98%,"Let me get this straight. You think that your client, one of...",Win (1 of 4)
465.,2016-01-17 17:14:45,127.70,99%,I was having this awful nightmare that I was 32. And then I ...,Win (1 of 5)
464.,2016-01-13 23:27:01,112.32,96%,It was hard to toss things I had once thought were valuable ...,Win (1 of 3)
463.,2016-01-13 23:25:04,109.17,98%,"Hello, babies. Welcome to Earth. It's hot in the summer and ...",No win (2 of 2)
462.,2016-01-13 23:23:38,121.61,96%,"Baby, ever wondered why I could make you laugh and cry? Ecli...",Win (1 of 5)
461.,2016-01-13 23:23:02,130.24,100%,"People get ready, there's a train coming. You don't need no ...",Win (1 of 2)
460.,2016-01-13 23:21:47,127.58,100%,"When she returns to the forum page, her post is there. It is...",No win (2 of 5)
459.,2016-01-10 14:10:19,108.22,96%,I don't know who you are. I don't know what you want. If you...,No win (2 of 4)
458.,2016-01-10 14:09:19,107.13,98%,"Around midafternoon, the snow thinned into sleet, and some u...",No win (2 of 2)
457.,2016-01-09 21:33:06,113.84,94%,There are very few things I wish I could change about those ...,No win (2 of 3)
456.,2016-01-09 21:32:23,131.70,99%,"When the light of life has gone, no change for the meter. Th...",Win (1 of 4)
455.,2016-01-09 21:31:36,138.67,100%,"When I was your age, television was called books. And this i...",Win (1 of 4)
454.,2016-01-09 21:31:03,113.08,98%,"Imagine a vast sheet of paper on which straight Lines, Trian...",No win (2 of 4)
453.,2016-01-08 21:16:49,120.06,98%,The major difference between a thing that might go wrong and...,No win (4 of 4)
452.,2016-01-08 13:36:01,123.75,99%,"To evaluate an option from the other side's point of view, c...",Win (1 of 4)
451.,2016-01-08 13:33:35,101.98,94%,The one place where a man ought to get a square deal is in a...,No win (2 of 3)
450.,2016-01-08 13:32:01,127.98,100%,"If you really want to hear about it, the first thing you'll ...",No win (2 of 4)
449.,2016-01-08 13:31:21,107.69,95%,We began to recognize in them a strange obsession. After all...,Win (1 of 3)
448.,2016-01-08 13:30:25,117.93,99%,The theory of music emphasizes the elements from which music...,Win (1 of 3)
447.,2016-01-07 22:21:33,110.14,98%,The chemistry of an element is determined by the manner in w...,No win (2 of 4)
446.,2016-01-07 22:21:00,117.53,96%,"There is no pain, you are receding. A distant ship smoke on ...",No win (2 of 5)
445.,2016-01-07 22:19:54,123.38,98%,It's the possibility of having a dream come true that makes ...,Win (1 of 4)
444.,2016-01-07 22:19:11,111.80,97%,"People get ready, there's a train coming. You don't need no ...",Win (1 of 2)
443.,2016-01-07 22:15:19,126.68,99%,For it is not enough to have a good mind; the main thing is ...,Win (1 of 3)
442.,2016-01-03 23:11:56,107.92,96%,The feeling of having no power over people and events is gen...,No win (2 of 4)
441.,2016-01-03 23:10:59,108.07,95%,Paranoia is a survival trait when you run in my circles. It ...,No win (3 of 3)
440.,2016-01-03 23:10:12,117.42,99%,The basis of the Aztecs' success in creating a great state a...,Win (1 of 5)
439.,2016-01-03 23:09:24,95.91,92%,"The less you do with the controls, the less chance of error....",No win (2 of 2)
438.,2016-01-03 23:08:39,134.97,100%,"I was hugely impressed. Kirk, I mean Shatner, was the ultima...",Win (1 of 4)
437.,2016-01-01 22:04:22,123.07,98%,I can teach you how to bewitch the mind and ensnare the sens...,Win (1 of 2)
436.,2016-01-01 22:03:43,110.57,97%,At the time when Britain faced a plunge into chaos and darkn...,Win (1 of 5)
435.,2016-01-01 22:02:48,116.09,100%,"The melted mozzarella layer, which we shall designate MML, i...",Win (1 of 3)
434.,2016-01-01 22:02:07,107.84,96%,"Look Dave, I can see you're really upset about this. I hones...",Win (1 of 4)
433.,2016-01-01 22:00:27,105.36,95%,"To evaluate an option from the other side's point of view, c...",No win (2 of 3)
432.,2016-01-01 21:59:47,114.27,96%,"Now that I know that I'm breaking to pieces, I'll pull out m...",Win (1 of 2)
431.,2016-01-01 21:58:49,113.22,97%,"And in the world a heart of darkness, a firezone, where poet...",Win (1 of 2)
430.,2015-12-27 17:38:40,109.57,97%,"It's a funny thing, but people mostly have it backward. They...",No win (2 of 5)
429.,2015-12-27 17:38:11,112.51,97%,I can and do say that nothing human beings have ever before ...,No win (2 of 4)
428.,2015-12-27 17:37:00,107.74,94%,I can and do say that nothing human beings have ever before ...,No win (2 of 3)
427.,2015-12-27 17:36:13,116.04,95%,The place to improve the world is first in one's own heart a...,No win (2 of 5)
426.,2015-12-27 17:34:41,103.99,94%,"The idea of ""Mr. Right"" has been passed down over the genera...",No win (2 of 3)
425.,2015-12-27 17:32:10,111.79,97%,All the blue light reflections that color my mind when I sle...,No win (2 of 2)
424.,2015-12-27 17:30:41,118.75,96%,There are but two types of men who desire war: those who hav...,No win (2 of 5)
423.,2015-12-27 17:01:30,131.84,97%,There comes a point when you just love someone. Not because ...,Win (1 of 4)
422.,2015-12-25 14:16:31,105.90,99%,"And today, Lady Liberty is under attack from the cable chann...",Win (1 of 4)
421.,2015-12-19 22:21:57,105.65,95%,"I'd been walking for hours and, as usual, I'd lost track of ...",Win (1 of 4)
420.,2015-12-19 22:20:56,91.81,97%,"So, I'm tending bar there at Ecklund & Swedlin's last Tu...",Win (1 of 5)
419.,2015-12-18 18:13:43,97.30,93%,Be impeccable with your word - speak with integrity. Say onl...,Win (1 of 2)
418.,2015-12-18 18:13:02,103.35,94%,Always do your best - your best is going to change from mome...,Win (1 of 2)
417.,2015-12-14 11:03:12,107.14,96%,"All at sea again, and now my hurricanes, have brought down t...",Win (1 of 3)
416.,2015-12-12 22:47:36,114.69,99%,I will need my spectacles and a clear head. Today I broke my...,No win (2 of 3)
415.,2015-12-12 22:47:07,111.31,96%,"All at sea again, and now my hurricanes, have brought down t...",No win (2 of 2)
414.,2015-12-11 22:37:48,102.01,94%,"Hi, and welcome to the future. San Dimas, California, 2688. ...",No win (3 of 5)
413.,2015-12-11 22:36:10,107.55,94%,You can know the name of a bird in all the languages of the ...,No win (5 of 5)
412.,2015-12-04 20:39:57,105.04,94%,"This planet has, or rather had, a problem, which was this: m...",No win (3 of 4)
411.,2015-12-04 20:39:06,103.23,95%,How many roads must a man walk down before you call him a ma...,Win (1 of 2)
410.,2015-12-04 20:37:01,110.94,95%,Remembering you running soft through the night. You were big...,No win (2 of 3)
409.,2015-12-02 20:54:43,128.00,97%,"After others have talked about themselves, a point will be r...",No win (2 of 4)
408.,2015-12-01 22:57:23,134.04,99%,She's got eyes of the bluest skies as if they thought of rai...,Win (1 of 4)
407.,2015-12-01 22:56:47,118.13,96%,And I don't believe in the existence of angels but looking a...,Win (1 of 3)
406.,2015-12-01 22:54:49,126.43,100%,"He started running, up and up, until he hurled himself into ...",Win (1 of 2)
405.,2015-11-29 16:06:32,111.18,97%,"Historian James C. Cobb has described southern identity as ""...",No win (2 of 5)
404.,2015-11-29 16:05:50,104.83,93%,"Take my love, take my land, take me where I cannot stand. I ...",No win (2 of 4)
403.,2015-11-29 16:05:06,128.16,98%,"Ticking away the moments that make up a dull day, you fritte...",Win (1 of 3)
402.,2015-11-29 16:03:59,123.38,99%,"When you are typing on a typewriter, your input appears dire...",No win (2 of 2)
401.,2015-11-29 16:03:17,137.18,100%,You've got a way to keep me on your side. You give me cause ...,Win (1 of 5)
400.,2015-11-29 16:02:40,100.51,95%,"To some, the rules of etiquette may seem outdated, stuffy an...",Win (1 of 3)
399.,2015-11-29 02:17:26,100.40,96%,"And in the world a heart of darkness, a firezone, where poet...",No win (3 of 3)
398.,2015-11-28 11:35:31,111.54,96%,"As if that blind rage had washed me clean, rid me of hope; f...",No win (2 of 5)
397.,2015-11-27 00:47:26,110.00,97%,"Two households, both alike in dignity (in fair Verona, where...",Win (1 of 3)
396.,2015-11-27 00:46:26,119.60,98%,"The melted mozzarella layer, which we shall designate MML, i...",Win (1 of 5)
395.,2015-11-27 00:45:48,108.39,93%,"What good's a reward if you ain't around to use it? Besides,...",Win (1 of 2)
394.,2015-11-27 00:45:15,104.94,100%,When is a legend a legend? Why is a myth a myth? How old and...,Win (1 of 3)
393.,2015-11-26 11:39:48,101.36,94%,Supermarket aisles are the perfect place to practice your gl...,No win (3 of 4)
392.,2015-11-26 11:38:44,120.93,96%,"Don't tell me what's in, don't tell me how to write, don't t...",Win (1 of 3)
391.,2015-11-26 11:38:17,121.16,97%,"Well, the way they make shows is, they make one show. That s...",Win (1 of 2)
390.,2015-11-26 11:37:25,110.66,96%,In order to face down the danger that is stalking us and mov...,Win (1 of 3)
389.,2015-11-26 11:36:18,123.37,98%,"If you want to drive a race car well, whether to win an Indy...",Win (1 of 3)
388.,2015-11-23 01:05:09,99.46,94%,We live in an age when people do more writing than they have...,No win (3 of 4)
387.,2015-11-22 16:25:43,114.95,95%,Do not go gentle into that good night. Old age should burn a...,Win (1 of 4)
386.,2015-11-22 14:07:34,99.20,95%,To drive out of the Central Valley of California on a hot da...,No win (2 of 2)
385.,2015-11-22 14:06:05,104.59,96%,"There are men who possess a peculiarly strong visual memory,...",No win (3 of 4)
384.,2015-11-22 14:05:20,101.51,96%,"King, eh? Very nice. And how'd you get that, eh? By exploiti...",Win (1 of 2)
383.,2015-11-22 14:02:02,117.33,98%,"If I leave here tomorrow, would you still remember me? For I...",Win (1 of 3)
382.,2015-11-22 14:01:09,101.46,93%,Remembering you running soft through the night. You were big...,Win (1 of 3)
381.,2015-11-22 14:00:20,101.16,93%,"Now that I know that I'm breaking to pieces, I'll pull out m...",No win (2 of 2)
380.,2015-11-22 13:59:17,110.91,99%,"In May 1980, Fidel Castro opened the harbor at Mariel, Cuba ...",Win (1 of 3)
379.,2015-11-22 13:58:25,104.31,96%,"Imagine considering ""if"" as a two-finger movement instead of...",Win (1 of 2)
378.,2015-11-22 13:57:19,118.77,98%,Your faith was strong but you needed proof. You saw her bath...,Win (1 of 3)
377.,2015-11-22 13:56:41,121.96,96%,"I went to the woods because I wished to live deliberately, t...",Win (1 of 3)
376.,2015-11-21 17:22:47,114.54,95%,You can know the name of a bird in all the languages of the ...,No win (2 of 4)
375.,2015-11-21 17:22:04,108.90,95%,"When we pulled out into the winter night and the real snow, ...",Win (1 of 3)
374.,2015-11-21 17:21:03,86.37,91%,"In the late 1960s, a growing number of people became concern...",No win (2 of 3)
373.,2015-11-21 17:19:54,90.54,90%,"The time I waited seemed endless, and I felt doubts and fear...",No win (2 of 5)
372.,2015-11-21 17:19:06,136.21,99%,"Ultimately, this is not about solving your problems. It's ab...",Win (1 of 2)
371.,2015-11-21 16:55:00,101.08,98%,Parisian French is different from Provincial French and Germ...,Win (1 of 4)
370.,2015-11-21 16:54:24,100.37,96%,"When I was a kid, you never saw radicchio in the produce sec...",Win (1 of 3)
369.,2015-11-21 16:53:33,112.25,99%,"What good's a reward if you ain't around to use it? Besides,...",Win (1 of 4)
368.,2015-11-21 16:53:08,119.70,96%,"The time I waited seemed endless, and I felt doubts and fear...",Win (1 of 5)
367.,2015-11-21 16:52:01,103.84,94%,"Take care where you're going, doing all the things you do. E...",Win (1 of 4)
366.,2015-11-21 16:51:10,126.56,98%,"Races are not won in the first corner; however, they are oft...",Win (1 of 4)
365.,2015-11-15 22:12:38,97.75,97%,"Get it straight buster - I'm not here to say please, I'm her...",No win (2 of 5)
364.,2015-11-15 22:11:53,103.09,96%,It's really hard to do nothing totally. Even just sitting he...,Win (1 of 2)
363.,2015-11-15 22:11:19,85.04,93%,These contests provided ample opportunity to demonstrate the...,No win (2 of 3)
362.,2015-11-15 22:10:24,84.82,88%,The feeling of having no power over people and events is gen...,Win (1 of 4)
361.,2015-11-15 22:07:13,92.82,95%,It is greatly to America's advantage that it is a congenial ...,No win (2 of 4)
360.,2015-11-15 22:06:22,112.64,96%,The example of painting can teach us not only how to manage ...,Win (1 of 5)
359.,2015-11-15 22:05:41,105.51,96%,"Burning my bridges and smashing my mirrors, turning to see i...",No win (2 of 4)
358.,2015-11-15 22:05:06,77.85,91%,We may climb into the thin and cold realm of pure geometry a...,No win (3 of 4)
357.,2015-11-15 22:04:18,109.60,95%,I have quit three jobs and been fired from all the rest. Get...,No win (3 of 5)
356.,2015-11-15 22:03:35,89.50,94%,The inner surface of the cell wall touches the cytoplasmic m...,Win (1 of 4)
355.,2014-11-21 21:56:57,95.19,95%,Aztec rule was based upon a system of tribute and fear over ...,No win (2 of 4)
354.,2014-11-21 21:56:01,113.11,97%,"Time is tricky. You have whole months, even years, when noth...",Win (1 of 3)
353.,2014-11-21 21:55:00,103.47,97%,Having endured the racial turmoil of the Civil Rights Moveme...,Win (1 of 4)
352.,2014-11-21 21:53:59,129.29,98%,"It was a marvelous night, the sort of night one only experie...",Win (1 of 3)
351.,2014-10-26 16:21:21,93.89,94%,The truth of the matter is that there are a lot of available...,No win (2 of 4)
350.,2014-10-26 16:20:32,107.29,95%,"I rejected those answers; instead, I chose something differe...",No win (1 of 1)
349.,2014-10-24 18:49:26,118.62,98%,"If you want to drive a race car well, whether to win an Indy...",Win (1 of 3)
348.,2014-10-24 18:48:34,117.02,98%,It is possible that I already had some presentiment of my fu...,Win (1 of 5)
347.,2014-10-22 21:58:47,92.17,95%,I've always wondered about this coat business. When I'm in a...,No win (3 of 5)
346.,2014-10-22 21:57:55,97.01,94%,"Radiation could be precisely determined, in principle, if we...",No win (2 of 3)
345.,2014-10-22 21:56:51,100.05,97%,"King, eh? Very nice. And how'd you get that, eh? By exploiti...",Win (1 of 4)
344.,2014-10-22 21:56:14,96.50,95%,There are still some places where you can get all you can ea...,No win (2 of 3)
343.,2014-10-22 21:55:03,118.76,99%,"When we pulled out into the winter night and the real snow, ...",No win (2 of 2)
342.,2014-10-16 16:44:13,95.67,94%,Supermarket aisles are the perfect place to practice your gl...,Win (1 of 5)
341.,2014-10-16 16:43:21,126.12,100%,"When I was your age, television was called books. And this i...",Win (1 of 4)
340.,2014-10-16 16:42:47,102.60,95%,"They say that right after God created man, he took a rib fro...",Win (1 of 3)
339.,2014-10-16 16:42:02,122.07,99%,"But, pray how could that which I spoke so many years ago, an...",Win (1 of 2)
338.,2014-10-16 16:41:16,107.26,93%,"Contrary to the feminist cant, there are many things we can ...",No win (2 of 4)
337.,2014-10-16 16:40:35,100.34,95%,The beginner writes just twenty pieces. The professional wri...,No win (2 of 4)
336.,2014-10-16 16:39:56,90.15,91%,"Today, you people are no longer maggots. Today, you are Mari...",No win (4 of 5)
335.,2014-10-16 16:38:59,94.49,97%,"The National Rifle Association says that, ""Guns don't kill p...",No win (2 of 5)
334.,2014-10-16 16:38:02,117.21,96%,Come sail your ships around me and burn your bridges down. W...,Win (1 of 3)
333.,2014-10-16 13:06:15,103.65,94%,She's got eyes of the bluest skies as if they thought of rai...,No win (3 of 5)
332.,2014-10-16 13:05:33,89.00,93%,"Historian James C. Cobb has described southern identity as ""...",Win (1 of 5)
331.,2014-10-16 13:04:45,94.31,92%,"Contrary to the feminist cant, there are many things we can ...",No win (3 of 5)
330.,2014-10-16 13:04:07,106.10,95%,Humans need to practice what they are learning a good deal b...,No win (2 of 3)
329.,2014-06-25 22:59:38,102.90,94%,"If you want to drive a race car well, whether to win an Indy...",No win (2 of 3)
328.,2014-06-25 22:58:37,118.23,98%,"Let me get this straight. You think that your client, one of...",Win (1 of 4)
327.,2014-05-30 16:14:34,113.97,95%,"This planet has, or rather had, a problem, which was this: m...",Win (1 of 3)
326.,2014-05-30 16:13:39,98.85,93%,"When you are typing on a typewriter, your input appears dire...",No win (3 of 3)
325.,2014-05-28 11:40:39,92.38,94%,"Double, double, toil and trouble; fire burn, and cauldron bu...",No win (2 of 5)
324.,2014-05-28 11:39:45,102.69,94%,"We turn away to face the cold, enduring chill, as the day be...",Win (1 of 3)
323.,2014-05-17 18:50:05,98.22,94%,Yet the web of thought has no such creases and is more like ...,No win (3 of 4)
322.,2014-05-13 12:22:30,78.09,91%,"Prior to the 1970's, because the United States had long been...",Win (1 of 2)
321.,2014-05-13 12:21:10,106.26,94%,It's the possibility of having a dream come true that makes ...,No win (2 of 3)
320.,2014-05-13 12:20:22,103.10,95%,There are still some places where you can get all you can ea...,Win (1 of 2)
319.,2014-05-10 16:29:07,108.92,94%,"Look and think as far ahead as possible. Often, a driver's n...",Win (1 of 3)
318.,2014-05-10 16:28:04,104.08,96%,The basis of the Aztecs' success in creating a great state a...,Win (1 of 2)
317.,2014-05-09 22:23:52,106.81,94%,"I was hugely impressed. Kirk, I mean Shatner, was the ultima...",No win (2 of 4)
316.,2014-05-09 22:23:18,113.85,93%,You've got a way to keep me on your side. You give me cause ...,No win (2 of 4)
315.,2014-05-09 22:22:23,128.99,96%,"If you really want to hear about it, the first thing you'll ...",Win (1 of 5)
314.,2014-05-09 22:21:37,108.47,97%,"I rejected those answers; instead, I chose something differe...",Win (1 of 2)
313.,2014-05-09 22:20:36,100.09,93%,I drew the blankets over my head and tried to think of Chris...,No win (3 of 4)
312.,2014-05-09 22:19:54,105.14,97%,Now I want you to think and stop being a smart aleck. A man'...,No win (3 of 4)
311.,2014-05-09 22:19:16,111.74,96%,"The Orient was almost a European invention, and had been sin...",No win (2 of 2)
310.,2014-05-07 23:22:04,110.74,96%,It is possible that I already had some presentiment of my fu...,Win (1 of 5)
309.,2014-05-07 23:21:27,106.38,97%,"An essential characteristic of the superhero mythology is, t...",Win (1 of 3)
308.,2014-05-07 23:20:25,100.94,95%,From compositional considerations the tomato layer would be ...,Win (1 of 3)
307.,2014-05-07 23:19:37,116.04,96%,"Keying text quickly is important, but it is more important t...",Win (1 of 2)
306.,2014-05-07 23:18:54,117.87,100%,Chance and chance alone has a message for us. Everything tha...,Win (1 of 5)
305.,2014-05-07 20:41:32,102.23,96%,We've arranged a global civilization in which most crucial e...,Win (1 of 5)
304.,2014-05-07 20:40:52,99.02,94%,Who is Keyser Soze? He is supposed to be Turkish. Some say h...,Win (1 of 4)
303.,2014-05-06 12:52:46,121.59,98%,The time has come for man to set himself a goal. The time ha...,Win (1 of 2)
302.,2014-05-06 12:51:50,81.11,89%,"Whenever you watch the mind, you withdraw consciousness from...",Win (1 of 2)
301.,2014-05-06 12:50:49,93.93,93%,Danger is a topic you're often asked about as a sprinter. Th...,Win (1 of 2)
300.,2014-05-06 12:49:43,95.82,95%,"Radiation could be precisely determined, in principle, if we...",Win (1 of 4)
299.,2014-05-06 12:48:39,114.20,96%,"When we conceive of the sweetest being ever, we are conceivi...",Win (1 of 4)
298.,2014-05-06 12:47:57,97.63,94%,Corn is what feeds the steer that becomes the steak. Corn fe...,Win (1 of 2)
297.,2014-05-06 12:46:41,119.02,96%,"When we pulled out into the winter night and the real snow, ...",Win (1 of 5)
296.,2013-08-31 13:08:41,110.31,95%,I never said I would stay to the end - I knew I would leave ...,Win (1 of 5)
295.,2013-08-31 13:07:47,104.69,96%,"However, let us leave aside the philosophical, social, and e...",Win (1 of 4)
294.,2013-08-31 13:06:51,96.01,94%,Images of broken light which dance before me like a million ...,No win (2 of 5)
293.,2013-08-31 13:06:05,91.29,93%,The treatment of atoms with more than one electron requires ...,No win (3 of 5)
292.,2013-08-31 13:04:59,122.74,97%,"When the light of life has gone, no change for the meter. Th...",No win (2 of 4)
291.,2013-08-04 02:36:11,99.08,94%,"Historically, most wines contained less than 14 percent alco...",No win (2 of 2)
290.,2013-08-04 02:35:27,107.74,97%,"He was rough around the edges. He'd been to school, but neve...",No win (2 of 4)
289.,2013-08-04 02:34:29,108.58,95%,Is it really necessary to send that email? The more emails y...,Win (1 of 2)
288.,2013-08-04 02:33:42,94.80,93%,"Because they're at the bottom of the scale, nerds are a safe...",No win (2 of 3)
287.,2013-08-04 02:32:52,108.94,98%,"As the netted bag says, this potato was grown in Idaho, that...",Win (1 of 3)
286.,2013-08-04 02:31:54,86.94,91%,"Picking up the pieces, half alive in a nine 'til five, vacan...",No win (3 of 3)
285.,2013-08-01 02:18:59,102.96,94%,"Look and think as far ahead as possible. Often, a driver's n...",Win (1 of 4)
284.,2013-08-01 02:18:07,119.98,97%,So it's all come back round to breaking apart again. Breakin...,Win (1 of 4)
283.,2013-08-01 02:17:19,108.03,95%,The unknown future rolls toward us. I face it for the first ...,No win (2 of 4)
282.,2013-08-01 02:16:43,122.39,99%,"I had a dream. There was our world, and the world was dark b...",Win (1 of 4)
281.,2013-08-01 02:15:54,84.59,88%,This business is filled to the brim with unrealistic people ...,No win (3 of 3)
280.,2013-07-12 15:09:30,94.52,94%,"A lot of people, especially this one psychoanalyst guy they ...",No win (2 of 3)
279.,2013-07-08 00:33:40,111.92,97%,You've got a way to keep me on your side. You give me cause ...,No win (2 of 3)
278.,2013-07-08 00:33:09,114.86,98%,There is something about yourself that you don't know. Somet...,No win (2 of 3)
277.,2013-07-08 00:32:25,106.40,97%,"The boy has not a real choice, has he? Self-interest, the fe...",Win (1 of 4)
276.,2013-07-08 00:31:42,101.78,97%,"There was me, that is Alex, and my three droogs, that is Pet...",Win (1 of 2)
275.,2013-07-06 13:19:44,79.88,92%,"Wilkinson County was a recipient of one of the new ""separate...",No win (3 of 4)
274.,2013-07-06 13:18:46,98.35,95%,Sholes consulted with an educator who helped him analyze the...,Win (1 of 4)
273.,2013-07-06 13:17:38,108.94,98%,The only message I got was from the company that holds my st...,No win (3 of 3)
272.,2013-07-06 13:16:40,102.08,94%,Groups of illegal miners smuggle themselves down in freight ...,No win (1 of 1)
271.,2013-07-06 13:15:52,105.46,97%,"To some, the rules of etiquette may seem outdated, stuffy an...",Win (1 of 4)
270.,2013-07-06 13:14:55,83.77,92%,"As customers of all races, nationalities, and cultures visit...",No win (3 of 3)
269.,2013-07-05 01:01:59,91.03,91%,This business is filled to the brim with unrealistic people ...,No win (2 of 2)
268.,2013-07-05 01:00:50,91.89,92%,"You just couldn't let me go, could you? This is what happens...",No win (3 of 3)
267.,2013-07-05 00:59:43,81.20,89%,"It's a blue savanna song: somewhere cross the desert, someti...",No win (3 of 4)
266.,2013-07-05 00:58:54,124.94,99%,It is possible that I already had some presentiment of my fu...,No win (1 of 1)
265.,2013-07-05 00:58:17,99.81,94%,It's the possibility of having a dream come true that makes ...,Win (1 of 3)
264.,2013-07-05 00:57:30,101.80,95%,The pathology of setting a deadline to the earliest articula...,Win (1 of 3)
263.,2013-07-05 00:56:26,86.90,94%,"Wilkinson County was a recipient of one of the new ""separate...",Win (1 of 5)
262.,2013-07-05 00:29:34,98.97,95%,Stab a sorry heart with your favorite finger. Paint the whol...,Win (1 of 5)
261.,2013-07-02 01:31:26,107.26,97%,Jay made up for the lack of glamour in his assignment by hav...,No win (2 of 3)
260.,2013-07-02 01:30:35,108.62,97%,"Because they're at the bottom of the scale, nerds are a safe...",No win (2 of 4)
259.,2013-07-01 02:01:57,102.07,93%,"Right, I am going to tell you how this works. You're going i...",No win (2 of 3)
258.,2013-07-01 02:00:44,98.54,94%,"Trudging slowly over wet sand, back to the bench where your ...",Win (1 of 4)
257.,2013-07-01 02:00:05,88.64,93%,"The boy has not a real choice, has he? Self-interest, the fe...",No win (2 of 2)
256.,2013-07-01 01:33:33,93.45,94%,"The boy has not a real choice, has he? Self-interest, the fe...",No win (2 of 3)
255.,2013-07-01 01:32:35,92.10,91%,The beginner writes just twenty pieces. The professional wri...,No win (2 of 3)
254.,2013-07-01 01:31:29,90.63,92%,I had a friend who was a heavy drinker. If somebody asked hi...,Win (1 of 5)
253.,2013-06-12 09:33:09,98.09,95%,Don't take anything personally - nothing others do is becaus...,No win (2 of 5)
252.,2013-06-12 09:32:25,92.73,92%,I have quit three jobs and been fired from all the rest. Get...,No win (3 of 5)
251.,2013-06-12 09:31:34,98.17,94%,We began to recognize in them a strange obsession. After all...,Win (1 of 2)
250.,2013-06-12 09:30:36,101.74,95%,"Your face has fallen sad now, for you know the time is nigh....",Win (1 of 5)
249.,2013-06-12 09:29:43,104.57,94%,"One day you're in a funk about things, telling a friend that...",Win (1 of 3)
248.,2013-06-11 23:14:44,97.91,93%,In order to face down the danger that is stalking us and mov...,No win (2 of 2)
247.,2013-06-11 23:13:43,85.97,92%,"I know a bloke who knows a bloke who knows a bloke. Now, I k...",No win (3 of 4)
246.,2013-06-11 23:13:13,107.86,98%,"You needn't take it any further, sir. You've proved to me th...",Win (1 of 2)
245.,2013-06-11 23:12:28,99.28,94%,Chance and chance alone has a message for us. Everything tha...,No win (2 of 2)
244.,2013-06-11 23:11:37,91.36,92%,Space is big. Really big. You just won't believe how vastly ...,No win (2 of 3)
243.,2013-06-11 23:11:02,98.92,95%,There was a stage and a PA up in western Massachusetts and t...,No win (2 of 5)
242.,2013-06-11 23:10:12,98.78,93%,What should have been swift revenge turned into an all out w...,No win (2 of 3)
241.,2013-06-11 23:09:11,97.62,91%,There are very few things I wish I could change about those ...,Win (1 of 2)
240.,2013-06-11 21:41:53,83.77,86%,Quality humor doesn't just deliver one gag and then tax the ...,No win (2 of 4)
239.,2013-06-11 21:40:59,117.86,95%,"Well, the way they make shows is, they make one show. That s...",Win (1 of 3)
238.,2013-06-11 21:39:53,128.63,100%,"I'm so glad you came, I'm so glad you remembered, the walkin...",Win (1 of 3)
237.,2013-06-11 21:39:19,124.45,97%,"Because they're at the bottom of the scale, nerds are a safe...",Win (1 of 2)
236.,2013-06-11 21:38:32,115.48,96%,Focus your attention on the Now and tell me what problem you...,Win (1 of 4)
235.,2013-06-11 16:28:22,86.52,94%,"King, eh? Very nice. And how'd you get that, eh? By exploiti...",Win (1 of 3)
234.,2013-06-11 16:27:42,77.80,90%,At the time when Britain faced a plunge into chaos and darkn...,No win (3 of 3)
233.,2013-06-11 16:15:45,92.05,93%,Your faith was strong but you needed proof. You saw her bath...,No win (4 of 5)
232.,2013-06-11 16:15:01,101.78,96%,How many roads must a man walk down before you call him a ma...,No win (2 of 5)
231.,2013-06-11 16:14:15,86.03,92%,Instead of hiring workers during the peak hog kill in the wi...,No win (2 of 2)
230.,2013-06-11 16:13:13,91.13,92%,Yet the web of thought has no such creases and is more like ...,Win (1 of 4)
229.,2013-06-11 16:12:23,110.23,96%,"Every craft and every investigation, and likewise every acti...",No win (2 of 3)
228.,2013-06-11 16:11:30,103.63,96%,Had dreams. Two of 'em. Both had my father. It's peculiar. I...,No win (2 of 3)
227.,2013-06-11 16:10:29,104.19,96%,"The idea of ""Mr. Right"" has been passed down over the genera...",No win (2 of 4)
226.,2013-06-11 16:09:33,101.68,95%,"I'm so glad you came, I'm so glad you remembered, to see how...",No win (2 of 4)
225.,2013-06-11 16:08:57,86.44,92%,From compositional considerations the tomato layer would be ...,No win (3 of 3)
224.,2013-06-11 16:08:13,114.88,98%,Lucid but wholly false recollections can easily be induced b...,No win (2 of 4)
223.,2013-06-11 16:07:36,89.28,93%,Your faith was strong but you needed proof. You saw her bath...,Win (1 of 2)
222.,2013-06-10 23:29:13,110.41,97%,"Do you smell that? Napalm, son. Nothing else in the world sm...",Win (1 of 2)
221.,2013-06-10 23:28:34,95.54,96%,"Imagine a vast sheet of paper on which straight Lines, Trian...",No win (2 of 3)
220.,2013-06-10 14:07:11,106.75,97%,Who has a safety deposit box full of money and six passports...,No win (2 of 3)
219.,2013-06-10 14:06:33,98.75,95%,We began to recognize in them a strange obsession. After all...,Win (1 of 4)
218.,2013-06-10 14:05:40,99.16,94%,Well I woke in mid-afternoon cause that's when it all hurts ...,No win (3 of 4)
217.,2013-06-10 14:04:52,131.13,97%,"Ever since I was a child, folks have thought they had me peg...",Win (1 of 2)
216.,2013-06-09 22:54:07,108.70,95%,The alternative to binge travel - the mini retirement - enta...,Win (1 of 3)
215.,2013-06-09 22:48:57,102.07,97%,The basis of the Aztecs' success in creating a great state a...,Win (1 of 2)
214.,2013-06-09 22:47:57,108.44,97%,"Life is not suffering; it's just that you will suffer it, ra...",No win (2 of 3)
213.,2013-06-09 19:39:47,103.63,95%,Imagine for a moment if we once again knew these few unremar...,No win (2 of 4)
212.,2013-06-09 19:38:43,101.42,94%,It was hard to toss things I had once thought were valuable ...,No win (2 of 4)
211.,2013-06-09 19:30:58,119.90,99%,The time has come for man to set himself a goal. The time ha...,Win (1 of 5)
210.,2013-06-09 19:29:49,128.62,99%,"Ever since I was a child, folks have thought they had me peg...",Win (1 of 2)
209.,2013-06-09 19:29:13,114.63,98%,There is something about yourself that you don't know. Somet...,Win (1 of 4)
208.,2013-06-09 19:28:26,115.26,97%,Sometimes you concentrate more on racing the cars around you...,No win (2 of 5)
207.,2013-06-09 19:27:34,100.43,95%,All that year the animals worked like slaves. But they were ...,Win (1 of 3)
206.,2013-06-09 19:26:45,75.63,90%,"Imagine this: Here we are, a plane full of grown human being...",No win (3 of 4)
205.,2013-06-09 19:25:34,89.72,92%,Any finite number divided by infinity is as near to nothing ...,Win (1 of 2)
204.,2013-06-09 19:24:34,103.30,96%,"The creation ends in South Georgia, at the very edge of the ...",Win (1 of 4)
203.,2013-06-09 19:23:40,95.32,95%,"Run to the bedroom, in the suitcase on the left, you'll find...",Win (1 of 4)
202.,2013-06-09 19:22:31,82.84,90%,"Today, you people are no longer maggots. Today, you are Mari...",No win (2 of 2)
201.,2013-06-09 19:21:30,110.06,94%,"Ticking away the moments that make up a dull day, you fritte...",Win (1 of 2)
200.,2013-06-09 19:20:52,100.17,96%,"People get ready, there's a train coming. You don't need no ...",Win (1 of 3)
199.,2013-06-09 19:20:16,98.72,92%,There's a hole in the world like a great black pit. And the ...,No win (3 of 5)
198.,2013-06-09 19:19:41,99.47,95%,Focus your attention on the Now and tell me what problem you...,Win (1 of 2)
197.,2013-06-09 19:18:54,100.51,96%,"The Earth is a world, the world is a ball, a ball in a game ...",No win (3 of 3)
196.,2013-04-12 02:33:44,103.10,95%,I have quit three jobs and been fired from all the rest. Get...,Win (1 of 4)
195.,2013-04-12 02:32:56,112.35,97%,"Contrary to the feminist cant, there are many things we can ...",Win (1 of 5)
194.,2013-04-12 02:32:17,93.34,95%,"Imagine this: Here we are, a plane full of grown human being...",No win (2 of 3)
193.,2013-04-12 02:31:10,81.66,95%,"Oh bliss! Bliss and heaven! Oh, it was gorgeousness and gorg...",No win (3 of 4)
192.,2013-04-12 02:30:21,96.91,95%,"The world of typing has changed. In the 1970s, every busines...",Win (1 of 4)
191.,2013-04-12 02:29:33,96.98,94%,And then he calls me a jerk and says the last guy who though...,Win (1 of 4)
190.,2013-04-12 02:28:51,94.94,93%,I have quit three jobs and been fired from all the rest. Get...,No win (3 of 5)
189.,2013-04-12 02:27:58,99.48,93%,"You ask Raymond what he does for a living and he says, ""I br...",No win (2 of 4)
188.,2013-03-01 17:26:58,89.41,93%,Had dreams. Two of 'em. Both had my father. It's peculiar. I...,Win (1 of 5)
187.,2013-03-01 17:25:44,96.77,95%,Data is by definition easy to copy. And the Internet makes c...,No win (3 of 4)
186.,2013-03-01 17:24:50,89.89,94%,"Disillusion is the greatest gift I can give you. But, becaus...",No win (4 of 5)
185.,2013-03-01 17:23:44,102.66,98%,"Ever since I was a child, folks have thought they had me peg...",Win (1 of 3)
184.,2013-03-01 17:23:16,100.67,99%,"Whether you're a student, secretary, office administrator, m...",Win (1 of 2)
183.,2013-02-21 20:27:29,83.09,93%,"I did my best, it wasn't much. I couldn't feel, so I tried t...",No win (2 of 4)
182.,2013-02-21 20:26:46,98.03,100%,"The boy has not a real choice, has he? Self-interest, the fe...",No win (3 of 4)
181.,2013-02-21 20:26:05,95.61,90%,"But no matter how effective the lesson was, I never really u...",No win (4 of 5)
180.,2013-02-19 16:33:27,91.01,90%,He rode past me and kept on goin'. Never said nothin' goin' ...,No win (2 of 3)
179.,2013-02-19 16:32:01,111.91,96%,And then he calls me a jerk and says the last guy who though...,No win (2 of 3)
178.,2013-02-19 16:30:30,127.97,100%,Step out the front door like a ghost into the fog where no o...,Win (1 of 5)
177.,2013-02-19 16:29:47,85.25,94%,"Anyway, like I was saying, shrimp is the fruit of the sea. Y...",Win (1 of 4)
176.,2013-02-19 16:29:06,114.99,97%,The time has come for man to set himself a goal. The time ha...,No win (2 of 4)
175.,2013-02-18 00:46:37,97.61,97%,"The term ""barbarian"" was created by the Greeks; it was origi...",Win (1 of 4)
174.,2013-02-18 00:45:52,111.85,98%,"If you want to drive a race car well, whether to win an Indy...",Win (1 of 2)
173.,2013-02-14 14:25:27,116.68,98%,The only preventive thing I do is wash clothes after buying ...,Win (1 of 4)
172.,2013-02-14 14:24:46,98.26,95%,Groups of illegal miners smuggle themselves down in freight ...,No win (2 of 4)
171.,2013-02-14 14:23:58,114.54,98%,"And I said, I don't care if they lay me off either, because ...",Win (1 of 3)
170.,2013-02-14 14:23:01,104.68,98%,The truth of the matter is that there are a lot of available...,No win (2 of 5)
169.,2013-02-14 14:22:19,88.28,94%,"The Orient was almost a European invention, and had been sin...",Win (1 of 5)
168.,2013-02-13 01:28:09,84.37,93%,One essential rule: make sure the joke is the last possible ...,No win (4 of 5)
167.,2013-02-13 01:27:27,86.14,92%,Chance and chance alone has a message for us. Everything tha...,No win (3 of 5)
166.,2013-02-13 01:26:35,80.91,91%,"There was me, that is Alex, and my three droogs, that is Pet...",Win (1 of 4)
165.,2013-02-13 01:25:59,103.66,95%,Rhymes trap you into saying things you don't want to say. A ...,No win (3 of 4)
164.,2013-02-13 01:25:18,108.50,97%,"When she returns to the forum page, her post is there. It is...",No win (2 of 5)
163.,2013-02-13 01:24:40,96.15,97%,"There are men who possess a peculiarly strong visual memory,...",No win (2 of 5)
162.,2013-02-13 01:23:52,100.83,96%,"Imagine a vast sheet of paper on which straight Lines, Trian...",No win (2 of 4)
161.,2013-02-13 01:22:49,112.53,98%,Rhymes trap you into saying things you don't want to say. A ...,Win (1 of 3)
160.,2013-02-13 01:22:09,105.30,95%,"I had a dream. There was our world, and the world was dark b...",Win (1 of 3)
159.,2013-02-12 00:27:01,97.70,96%,"Historically, most wines contained less than 14 percent alco...",No win (1 of 1)
158.,2013-02-12 00:26:16,79.02,89%,"No man is an island, entire of itself; every man is a piece ...",Win (1 of 2)
157.,2013-02-12 00:25:00,103.89,94%,"Races are not won in the first corner; however, they are oft...",Win (1 of 5)
156.,2013-02-11 17:34:32,94.96,95%,The only message I got was from the company that holds my st...,Win (1 of 3)
155.,2013-02-11 17:33:28,106.08,95%,Be impeccable with your word - speak with integrity. Say onl...,No win (3 of 5)
154.,2013-02-11 17:32:52,86.69,91%,"According to the popular story, the keyboard invented by Aug...",No win (2 of 5)
153.,2013-02-11 17:31:43,92.05,95%,I think you're gonna find - when all this stuff is over and ...,Win (1 of 5)
152.,2013-02-11 17:30:51,92.37,90%,"Ever since I was a child, folks have thought they had me peg...",No win (2 of 3)
151.,2013-02-11 17:30:19,96.20,95%,"In 1966, Andy Dufresne escaped from Shawshank prison. All th...",Win (1 of 4)
150.,2013-02-11 17:29:27,93.26,92%,Images of broken light which dance before me like a million ...,Win (1 of 3)
149.,2013-02-07 16:26:49,100.54,95%,Too often writers believe that they can emphasize words by p...,Win (1 of 4)
148.,2013-02-05 16:53:57,98.63,95%,At first they had tried to keep the finding quiet. After all...,Win (1 of 3)
147.,2013-02-05 16:53:04,109.79,96%,"That fear had been inside him for many years, it had lived w...",Win (1 of 3)
146.,2013-02-05 16:52:20,86.00,94%,"She was a genius of sadness, immersing herself in it, separa...",No win (3 of 3)
145.,2013-02-05 16:51:03,88.24,92%,Images of broken light which dance before me like a million ...,Win (1 of 2)
144.,2013-02-05 16:50:17,95.45,94%,"Let's sort the buyers from the spiers, the needy from the gr...",No win (2 of 5)
143.,2013-02-05 16:49:16,98.44,96%,"Around midafternoon, the snow thinned into sleet, and some u...",No win (2 of 3)
142.,2013-02-05 16:48:36,98.55,94%,"Warmer water increases the moisture content of storms, and w...",Win (1 of 4)
141.,2013-02-04 14:04:42,92.06,93%,"I'd been walking for hours and, as usual, I'd lost track of ...",No win (2 of 4)
140.,2013-02-04 14:03:39,85.15,93%,Do you know what they call a Quarter-pounder with cheese in ...,No win (3 of 3)
139.,2013-02-01 21:27:52,77.42,90%,The wine list looks so imposing that you finally give up lab...,No win (2 of 3)
138.,2013-02-01 21:26:38,89.51,92%,"The idea of ""Mr. Right"" has been passed down over the genera...",No win (2 of 3)
137.,2013-02-01 02:06:01,91.09,89%,"Ultimately, this is not about solving your problems. It's ab...",No win (2 of 4)
136.,2013-02-01 02:04:58,91.12,93%,We don't need no education. We don't need no thought control...,No win (1 of 1)
135.,2013-02-01 02:04:01,84.31,93%,To an outsider's ear it sounds absurdly wild and ridiculous ...,No win (2 of 4)
134.,2013-02-01 02:03:16,85.79,92%,"Oh bliss! Bliss and heaven! Oh, it was gorgeousness and gorg...",No win (2 of 4)
133.,2013-02-01 02:02:07,103.03,97%,"Let's sort the buyers from the spiers, the needy from the gr...",Win (1 of 3)
132.,2013-02-01 02:01:25,96.14,94%,"And you know it's time to go, through the sleet and driving ...",No win (2 of 4)
131.,2013-02-01 02:00:45,96.38,95%,"Let me get this straight. You think that your client, one of...",No win (2 of 4)
130.,2013-02-01 02:00:04,92.93,93%,"I often see racers, particularly at the back of the pack in ...",No win (3 of 3)
129.,2013-02-01 01:58:39,111.40,94%,I've been looking so long at these pictures of you that I al...,Win (1 of 3)
128.,2013-01-29 14:58:26,97.98,93%,How many roads must a man walk down before you call him a ma...,No win (3 of 3)
127.,2013-01-29 14:57:32,97.24,97%,Who is Keyser Soze? He is supposed to be Turkish. Some say h...,Win (1 of 4)
126.,2013-01-29 14:56:07,85.82,91%,"Because they're at the bottom of the scale, nerds are a safe...",No win (3 of 5)
125.,2013-01-29 14:55:04,95.76,97%,The Inca believed that if one did not give thanks and obedie...,Win (1 of 5)
124.,2013-01-29 14:54:23,101.08,95%,The only preventive thing I do is wash clothes after buying ...,Win (1 of 2)
123.,2013-01-28 02:45:08,111.90,96%,"When I was your age, television was called books. And this i...",Win (1 of 4)
122.,2013-01-28 02:44:17,107.22,98%,I've been thinking lots about my life and how quick I'd wash...,Win (1 of 3)
121.,2013-01-28 02:43:32,109.65,99%,"Ever since I was a child, folks have thought they had me peg...",Win (1 of 3)
120.,2013-01-28 02:43:08,109.86,97%,"And in the world a heart of darkness, a firezone, where poet...",Win (1 of 4)
119.,2013-01-28 02:42:20,85.11,91%,"The day dawned bleak and chill, a moving wall of gray light ...",Win (1 of 3)
118.,2013-01-28 02:40:45,85.44,91%,"Listen, strange women lyin' in ponds distributin' swords is ...",No win (2 of 4)
117.,2013-01-28 02:40:01,85.25,92%,"Geometry sets out from certain conceptions such as ""plane,"" ...",No win (2 of 3)
116.,2013-01-28 02:38:42,84.27,90%,Space is big. Really big. You just won't believe how vastly ...,No win (2 of 5)
115.,2013-01-27 20:54:40,81.86,92%,Most popular song lyrics have two sections - a verse and a b...,No win (3 of 3)
114.,2013-01-27 20:53:47,77.29,86%,He had spent enormous amounts of time at the great libraries...,No win (3 of 3)
113.,2013-01-27 20:52:48,109.36,97%,In order to become an elf I filled out ten pages' worth of f...,Win (1 of 3)
112.,2013-01-26 11:19:08,88.90,91%,The chemistry of an element is determined by the manner in w...,No win (2 of 2)
111.,2013-01-26 11:18:23,107.17,96%,The ultimate way to compose is to be able to keyboard as fas...,No win (5 of 5)
110.,2013-01-26 11:17:34,114.49,96%,Well I woke in mid-afternoon cause that's when it all hurts ...,No win (2 of 4)
109.,2013-01-26 10:52:47,82.78,96%,Is this the real life? Is this just fantasy? Caught in a lan...,Win (1 of 4)
108.,2013-01-26 10:51:52,94.16,94%,"A zealot might be, for instance, an individual with a person...",No win (2 of 3)
107.,2013-01-26 00:03:54,101.05,97%,"All Ninja are men of peace, and must always remain so or los...",No win (2 of 4)
106.,2013-01-26 00:03:00,103.03,95%,Come sail your ships around me and burn your bridges down. W...,No win (2 of 4)
105.,2013-01-25 00:56:48,97.95,96%,"The term ""barbarian"" was created by the Greeks; it was origi...",Win (1 of 3)
104.,2013-01-25 00:56:02,119.83,98%,"They say that right after God created man, he took a rib fro...",Win (1 of 5)
103.,2013-01-25 00:55:25,96.35,98%,The invention of the wheel represented a major turning point...,No win (2 of 4)
102.,2013-01-25 00:54:41,89.09,93%,"Finally, gentlemen, there are people with an hereditary anim...",No win (2 of 4)
101.,2013-01-25 00:53:24,108.02,98%,Commas and periods always go inside quotation marks. Colons ...,No win (2 of 4)
100.,2013-01-25 00:52:39,97.75,94%,"If you don't get what you want, you suffer; if you get what ...",Win (1 of 3)
99.,2013-01-24 13:51:02,105.26,96%,But speculations on the structure of the universe also move ...,Win (1 of 2)
98.,2013-01-24 13:50:13,97.27,96%,"This was the most delicious meal he'd had in recent years, a...",Win (1 of 5)
97.,2013-01-23 23:23:53,78.99,92%,"Wilkinson County was a recipient of one of the new ""separate...",No win (2 of 4)
96.,2013-01-23 23:22:58,109.34,97%,Always do your best - your best is going to change from mome...,Win (1 of 2)
95.,2013-01-23 23:22:17,82.21,94%,"The National Rifle Association says that, ""Guns don't kill p...",No win (2 of 3)
94.,2013-01-23 23:21:20,102.40,97%,There are two places on Earth that serve as canaries in the ...,Win (1 of 4)
93.,2013-01-23 23:20:27,100.57,97%,Is this the real life? Is this just fantasy? Caught in a lan...,No win (2 of 5)
92.,2013-01-23 23:05:04,78.82,91%,The basic concept is simple: a satellite in geosynchronous o...,No win (3 of 5)
91.,2013-01-23 23:04:02,99.38,95%,"Burning my bridges and smashing my mirrors, turning to see i...",No win (2 of 4)
90.,2013-01-23 23:01:52,101.27,95%,Typing competitions provided another test of the Qwerty keyb...,No win (2 of 2)
89.,2013-01-23 12:52:03,90.88,96%,"She looked terrific. I said to myself, ""Maybe she's going to...",Win (1 of 2)
88.,2013-01-23 12:50:47,75.79,87%,The development of a living body of literature became indica...,No win (2 of 2)
87.,2013-01-23 12:49:23,104.55,98%,"That day, for no particular reason, I decided to go for a li...",Win (1 of 5)
86.,2013-01-23 12:48:30,109.06,99%,This business is filled to the brim with unrealistic people ...,Win (1 of 3)
85.,2013-01-23 12:47:31,88.61,93%,Always do your best - your best is going to change from mome...,Win (1 of 2)
84.,2013-01-23 01:07:59,93.70,92%,"In general, many of these targets are easier marks if you ar...",No win (2 of 2)
83.,2013-01-23 01:06:47,117.99,96%,"And I said, I don't care if they lay me off either, because ...",Win (1 of 3)
82.,2013-01-23 01:05:41,116.46,99%,"When I was your age, television was called books. And this i...",Win (1 of 3)
81.,2013-01-23 01:04:38,86.16,94%,"Anyway, like I was saying, shrimp is the fruit of the sea. Y...",Win (1 of 3)
80.,2013-01-23 01:03:53,117.49,96%,"You have a class of young strong men and women, and they wan...",Win (1 of 5)
79.,2013-01-23 01:03:14,101.90,96%,"Ultimately, this is not about solving your problems. It's ab...",No win (2 of 2)
78.,2013-01-23 01:02:29,68.47,82%,Music finds a comfortable parallel with that of human langua...,No win (3 of 3)
77.,2013-01-23 01:01:48,101.39,98%,I still see things that are not here. I just choose not to a...,Win (1 of 4)
76.,2013-01-23 01:01:06,91.74,93%,"The idea of ""Mr. Right"" has been passed down over the genera...",Win (1 of 2)
75.,2013-01-22 00:24:01,93.50,93%,"Do you smell that? Napalm, son. Nothing else in the world sm...",No win (2 of 5)
74.,2013-01-22 00:23:18,120.78,99%,"I had a job, I had a girl. I had something going, mister, in...",Win (1 of 3)
73.,2013-01-22 00:22:34,96.96,97%,And then he calls me a jerk and says the last guy who though...,No win (3 of 5)
72.,2013-01-21 17:18:22,98.16,93%,"I'm so glad you came, I'm so glad you remembered, to see how...",No win (2 of 3)
71.,2013-01-21 17:17:41,103.17,93%,All the blue light reflections that color my mind when I sle...,No win (3 of 3)
70.,2013-01-21 17:16:55,81.50,90%,"The day dawned bleak and chill, a moving wall of gray light ...",Win (1 of 3)
69.,2013-01-21 17:15:42,102.07,96%,But if in efficient causes it is possible to go on to infini...,No win (2 of 3)
68.,2013-01-21 17:14:55,102.76,98%,It takes more than a calorie of fossil fuel energy to produc...,Win (1 of 5)
67.,2013-01-21 17:11:32,106.64,97%,"Milt, with the excellent timing of a master comedy writer, w...",Win (1 of 2)
66.,2013-01-20 18:03:29,94.68,96%,And then he calls me a jerk and says the last guy who though...,No win (3 of 5)
65.,2013-01-20 18:02:47,87.62,90%,"There is no physical separation after the slicing, so that e...",Win (1 of 4)
64.,2013-01-20 18:01:54,87.08,90%,We go waiting for the stars to come showering down. From Mos...,No win (2 of 5)
63.,2013-01-20 18:01:02,116.47,98%,The ultimate way to compose is to be able to keyboard as fas...,Win (1 of 4)
62.,2013-01-20 18:00:08,91.76,94%,The problem we now face is that this thin layer of atmospher...,No win (3 of 4)
61.,2013-01-20 17:59:05,95.68,98%,Few smart kids can spare the attention that popularity requi...,Win (1 of 4)
60.,2013-01-20 16:57:54,92.65,93%,I am learning about twenty new Italian words a day. Where am...,No win (5 of 5)
59.,2013-01-20 16:57:11,88.28,93%,"Hey Mr. Tambourine Man, play a song for me, I'm not sleepy a...",Win (1 of 2)
58.,2013-01-20 16:56:35,118.08,97%,I suddenly had the impression that I had been left all alone...,Win (1 of 4)
57.,2013-01-20 16:55:53,90.64,93%,Gardeners know how to grow top-notch crops. They determine w...,No win (3 of 4)
56.,2013-01-20 16:55:06,81.11,93%,"Double, double, toil and trouble; fire burn, and cauldron bu...",No win (1 of 1)
55.,2013-01-19 23:58:48,103.05,96%,"He's got a two day head start on you, which is more than he ...",Win (1 of 3)
54.,2013-01-19 23:57:59,84.71,89%,"Milt, with the excellent timing of a master comedy writer, w...",No win (3 of 5)
53.,2013-01-19 22:42:27,94.84,93%,With the coming of Dean Moriarty began the part of my life y...,Win (1 of 2)
52.,2013-01-19 22:41:29,92.33,94%,"To some, the rules of etiquette may seem outdated, stuffy an...",No win (2 of 3)
51.,2013-01-19 22:40:32,90.34,93%,"You ask Raymond what he does for a living and he says, ""I br...",No win (2 of 4)
50.,2013-01-19 22:39:11,79.41,90%,The evidence in the standard history of Qwerty versus Dvorak...,Win (1 of 3)
49.,2013-01-19 22:38:02,81.30,86%,"Some pilots like the excitement of our missions, knowing tha...",Win (1 of 3)
48.,2013-01-19 22:37:14,72.63,89%,"Life is not suffering; it's just that you will suffer it, ra...",No win (4 of 4)
47.,2013-01-19 22:36:34,84.44,93%,"That's Tommy. He tells people he was named after a gun, but ...",No win (3 of 4)
46.,2013-01-19 22:35:59,98.10,96%,We began to recognize in them a strange obsession. After all...,No win (2 of 4)
45.,2013-01-19 22:35:02,97.02,93%,A glooming peace this morning with it brings. The sun for so...,No win (3 of 3)
44.,2013-01-19 22:34:06,110.97,97%,To an outsider's ear it sounds absurdly wild and ridiculous ...,Win (1 of 2)
43.,2013-01-19 22:33:16,84.59,95%,"They had been given a sign - a powerful, lucid sign - that u...",Win (1 of 3)
42.,2013-01-19 22:27:05,102.77,96%,How many roads must a man walk down before you call him a ma...,No win (2 of 4)
41.,2013-01-19 22:26:16,110.16,98%,Groups of illegal miners smuggle themselves down in freight ...,Win (1 of 4)
40.,2013-01-19 22:25:28,99.01,95%,Focus your attention on the Now and tell me what problem you...,No win (4 of 4)
39.,2013-01-19 22:24:49,94.50,92%,The example of painting can teach us not only how to manage ...,No win (3 of 3)
38.,2013-01-19 22:23:51,121.16,99%,"But older than me now, more constant, more real, and the fur...",Win (1 of 5)
37.,2013-01-19 22:22:50,104.85,98%,"If you want to drive a race car well, whether to win an Indy...",Win (1 of 2)
36.,2013-01-19 22:21:49,84.66,91%,The truth of the matter is that there are a lot of available...,No win (2 of 3)
35.,2013-01-19 17:07:52,109.53,94%,There's a piece of Maria in every song that I sing. And the ...,Win (1 of 2)
34.,2013-01-19 17:07:09,98.22,95%,Unlike the other four senses located in the logical regions ...,No win (2 of 4)
33.,2013-01-19 17:06:24,75.33,89%,"It turned out that the sweet-talking, tattoo-sporting pikey ...",No win (2 of 3)
32.,2013-01-19 17:04:54,106.19,95%,We live in a charmed world. If we have money we can buy lite...,No win (2 of 5)
31.,2013-01-19 17:03:49,115.80,98%,"People get ready, there's a train coming. You don't need no ...",Win (1 of 4)
30.,2013-01-19 17:03:11,100.18,98%,"In May 1980, Fidel Castro opened the harbor at Mariel, Cuba ...",Win (1 of 2)
29.,2013-01-19 17:02:14,83.46,91%,And I will strike down upon thee with great vengeance and fu...,No win (2 of 2)
28.,2013-01-18 20:21:23,51.27,93%,"Anyway, like I was saying, shrimp is the fruit of the sea. Y...",No win (2 of 5)
27.,2013-01-18 20:20:27,113.25,98%,You're going in the drink and I am going to make a cup of te...,Win (1 of 5)
26.,2013-01-18 20:19:30,84.86,94%,In 1969 four computers located around the country were in co...,Win (1 of 4)
25.,2013-01-18 20:18:21,96.21,96%,We often believe the more we practice a skill or technique -...,Win (1 of 5)
24.,2013-01-18 20:17:19,87.09,94%,I drew the blankets over my head and tried to think of Chris...,Win (1 of 5)
23.,2013-01-18 20:16:31,72.47,93%,"Imagine considering ""if"" as a two-finger movement instead of...",Win (1 of 2)
22.,2013-01-18 20:15:23,69.67,89%,Sholes consulted with an educator who helped him analyze the...,No win (4 of 5)
21.,2013-01-18 20:13:57,82.72,90%,Everything we hold dear likewise resolves into its original ...,No win (3 of 3)
20.,2013-01-18 20:12:21,88.33,96%,Ideology: the process of making ideas. The work was generall...,No win (2 of 4)
19.,2013-01-18 20:11:11,92.21,96%,"An essential characteristic of the superhero mythology is, t...",Win (1 of 3)
18.,2013-01-18 19:53:04,85.57,94%,"Let's sort the buyers from the spiers, the needy from the gr...",No win (2 of 4)
17.,2013-01-18 19:51:59,58.06,82%,"I rejected those answers; instead, I chose something differe...",No win (3 of 5)
16.,2013-01-18 19:50:29,93.77,94%,"There is no physical separation after the slicing, so that e...",Win (1 of 4)
15.,2013-01-18 19:49:39,84.46,95%,What? A swallow carrying a coconut? It's not a question of w...,Win (1 of 5)
14.,2013-01-18 19:48:41,110.88,99%,The only preventive thing I do is wash clothes after buying ...,Win (1 of 3)
13.,2013-01-17 16:10:13,113.20,98%,Let me tell you why you're here. You're here because you kno...,No win (2 of 2)
12.,2013-01-17 16:09:23,91.76,94%,There are two places on Earth that serve as canaries in the ...,Win (1 of 3)
11.,2013-01-17 12:28:08,87.73,93%,"They knew they were privileged to have these choices, but th...",Win (1 of 2)
10.,2013-01-17 12:26:59,98.73,93%,"Combat for a naval aviator is fought in short, violent burst...",No win (2 of 5)
9.,2013-01-17 12:16:08,100.52,97%,Lucid but wholly false recollections can easily be induced b...,Win (1 of 3)
8.,2013-01-17 01:08:45,86.85,92%,Any finite number divided by infinity is as near to nothing ...,No win (2 of 3)
7.,2013-01-17 01:07:34,98.66,92%,Good games offer players a set of challenging problems and t...,Win (1 of 3)
6.,2013-01-17 01:05:41,73.92,88%,"In the English language, swearing is essential to effective ...",No win (4 of 5)
5.,2013-01-17 01:03:58,103.83,95%,Don't take anything personally - nothing others do is becaus...,No win (2 of 4)
4.,2013-01-17 01:03:14,87.03,94%,Indonesia is a nation of islands - more than seventeen thous...,Win (1 of 3)
3.,2013-01-17 01:02:09,95.30,94%,"The creation ends in South Georgia, at the very edge of the ...",Win (1 of 4)
2.,2013-01-17 01:00:53,93.69,95%,It's the possibility of having a dream come true that makes ...,No win (2 of 5)
1.,2013-01-17 00:59:58,88.24,94%,"Never give up, no matter how far behind you are, no matter h...",Win (1 of 5)
