373.,2012-12-05 06:19:23,85.21,99%,This business is filled to the brim with unrealistic people ...,No win (2 of 3)
372.,2012-12-05 06:18:01,79.83,98%,"In May 1980, Fidel Castro opened the harbor at Mariel, Cuba ...",Win (1 of 3)
371.,2012-12-05 06:16:44,79.61,96%,Some have a positive vocation for breaking open safes: from ...,Win (1 of 2)
370.,2012-12-05 06:14:56,87.11,98%,At the time when Britain faced a plunge into chaos and darkn...,No win (2 of 3)
369.,2012-12-05 06:12:46,83.87,98%,"A zealot might be, for instance, an individual with a person...",Win (1 of 4)
368.,2012-12-05 06:11:40,91.99,99%,I will need my spectacles and a clear head. Today I broke my...,No win (2 of 3)
367.,2012-12-04 06:16:49,71.27,94%,"She's got a smile that, it seems to me, reminds me of childh...",No win (2 of 2)
366.,2012-12-04 06:15:35,83.10,96%,"When you are typing on a typewriter, your input appears dire...",No win (2 of 3)
365.,2012-12-04 06:14:41,79.40,96%,Even the best-designed chair won't make up for bad posture. ...,Win (1 of 2)
364.,2012-12-04 06:13:44,78.81,97%,"Combat for a naval aviator is fought in short, violent burst...",No win (3 of 4)
363.,2012-12-04 06:12:36,72.50,95%,Glancing through the 1977 Atlanta Yellow Pages reveals a cit...,No win (2 of 3)
362.,2012-12-04 06:11:29,82.51,97%,At first they had tried to keep the finding quiet. After all...,Win (1 of 5)
361.,2012-12-04 06:03:52,88.52,98%,There is something about yourself that you don't know. Somet...,Win (1 of 5)
360.,2012-12-04 06:02:45,75.32,94%,"I don't want tickets, I need you to find me a painting, a cl...",No win (2 of 4)
359.,2012-12-04 06:01:19,81.66,95%,"Whenever you watch the mind, you withdraw consciousness from...",No win (2 of 4)
358.,2012-12-04 06:00:00,79.88,97%,It takes more than a calorie of fossil fuel energy to produc...,No win (2 of 4)
357.,2012-12-04 05:58:36,81.88,95%,"Contrary to the feminist cant, there are many things we can ...",No win (2 of 2)
356.,2012-12-04 05:57:27,81.28,97%,"Everyone said I was daft to build a castle on a swamp, but I...",No win (3 of 4)
355.,2012-12-04 05:56:02,79.50,99%,"Let's sort the buyers from the spiers, the needy from the gr...",No win (2 of 5)
354.,2012-12-04 05:54:30,83.52,96%,"If you really want to hear about it, the first thing you'll ...",No win (2 of 4)
353.,2012-12-04 05:53:23,83.87,97%,There is something about yourself that you don't know. Somet...,No win (4 of 5)
352.,2012-12-04 05:51:39,87.89,100%,Sparkling wines are wines that contain carbon dioxide bubble...,Win (1 of 5)
351.,2012-12-04 05:50:54,64.85,92%,"In May 1980, Fidel Castro opened the harbor at Mariel, Cuba ...",No win (4 of 5)
350.,2012-12-04 05:49:33,76.87,96%,"Whether you're a student, secretary, office administrator, m...",Win (1 of 5)
349.,2012-12-04 05:48:08,82.61,99%,"That's Tommy. He tells people he was named after a gun, but ...",No win (3 of 5)
348.,2012-12-04 04:27:23,76.59,96%,Most popular song lyrics have two sections - a verse and a b...,Win (1 of 4)
347.,2012-12-04 04:26:21,73.74,96%,"Run to the bedroom, in the suitcase on the left, you'll find...",No win (2 of 3)
346.,2012-11-23 03:14:10,77.86,95%,I must not fear. Fear is the mind killer. Fear is the little...,Win (1 of 2)
345.,2012-11-23 03:12:44,76.50,96%,"Keying text quickly is important, but it is more important t...",Win (1 of 2)
344.,2012-11-12 01:16:54,70.40,93%,"I had a job, I had a girl. I had something going, mister, in...",No win (4 of 4)
343.,2012-11-12 01:15:33,71.36,94%,Your faith was strong but you needed proof. You saw her bath...,No win (3 of 5)
342.,2012-11-12 01:14:41,96.32,98%,The unknown future rolls toward us. I face it for the first ...,Win (1 of 2)
341.,2012-11-01 05:44:29,79.10,95%,We live in a charmed world. If we have money we can buy lite...,No win (3 of 5)
340.,2012-11-01 05:43:06,74.01,93%,Every time I think of you I feel shot right through with a b...,No win (3 of 4)
339.,2012-11-01 05:41:47,75.50,92%,The only message I got was from the company that holds my st...,No win (2 of 4)
338.,2012-11-01 05:40:05,87.16,95%,"When you are typing on a typewriter, your input appears dire...",Win (1 of 5)
337.,2012-11-01 05:38:46,83.64,99%,It doesn't mean much to be able to filter out most present-d...,Win (1 of 3)
336.,2012-11-01 05:37:51,81.52,96%,We all know people who are very bright but who do not always...,Win (1 of 2)
335.,2012-11-01 05:36:02,74.27,91%,Jay made up for the lack of glamour in his assignment by hav...,No win (2 of 3)
334.,2012-11-01 05:34:43,74.26,96%,The streets were cleared by a Critical Mass bike ride and we...,Win (1 of 5)
333.,2012-11-01 05:33:35,73.55,95%,I don't know why he saved my life. Maybe in those last momen...,No win (2 of 5)
332.,2012-11-01 05:32:29,75.93,97%,"O clear intelligence, force beyond all measure! Gentlemen, I...",No win (2 of 2)
331.,2012-11-01 05:21:34,70.79,95%,A total of twenty-five friends were headed from San Francisc...,Win (1 of 5)
330.,2012-11-01 01:17:52,73.90,92%,"For centuries, human society has taken the gifts of nature f...",No win (3 of 4)
329.,2012-11-01 01:15:24,85.40,97%,I'd just like to point out that you were given every opportu...,Win (1 of 5)
328.,2012-11-01 01:14:11,83.64,96%,Chance and chance alone has a message for us. Everything tha...,No win (2 of 2)
327.,2012-11-01 01:13:00,79.35,93%,The only message I got was from the company that holds my st...,Win (1 of 4)
326.,2012-10-30 07:00:08,79.47,97%,We often believe the more we practice a skill or technique -...,Win (1 of 3)
325.,2012-10-30 06:58:15,89.80,98%,"Ticking away the moments that make up a dull day, you fritte...",Win (1 of 4)
324.,2012-10-30 06:56:41,67.55,88%,"A little boy went out to play. When he opened his door, he s...",No win (4 of 4)
323.,2012-10-30 06:55:58,77.33,92%,"When I was your age, television was called books. And this i...",No win (3 of 5)
322.,2012-10-30 06:54:52,83.26,96%,The theory of music emphasizes the elements from which music...,No win (3 of 4)
321.,2012-10-30 06:53:29,91.53,98%,"But, pray how could that which I spoke so many years ago, an...",No win (3 of 5)
320.,2012-10-30 06:52:39,67.01,89%,"I know a bloke who knows a bloke who knows a bloke. Now, I k...",No win (3 of 5)
319.,2012-10-30 06:51:49,73.18,98%,"Around midafternoon, the snow thinned into sleet, and some u...",Win (1 of 2)
318.,2012-10-30 06:50:38,78.23,94%,"When she returns to the forum page, her post is there. It is...",No win (3 of 4)
317.,2012-10-30 04:34:44,83.24,97%,My entire life had been on a predictable trajectory dominate...,No win (2 of 5)
316.,2012-10-30 04:33:16,85.18,97%,We may climb into the thin and cold realm of pure geometry a...,No win (2 of 5)
315.,2012-10-30 04:32:13,95.60,98%,"To evaluate an option from the other side's point of view, c...",No win (2 of 4)
314.,2012-10-30 04:30:40,86.41,97%,At the time when Britain faced a plunge into chaos and darkn...,No win (2 of 5)
313.,2012-10-30 04:29:23,83.21,97%,"Yet one fine day, in a fit of euphoria, after he had picked ...",No win (2 of 5)
312.,2012-10-30 04:28:21,77.16,94%,Is it really necessary to send that email? The more emails y...,No win (3 of 3)
311.,2012-10-30 04:27:12,82.39,96%,"Padre, these are subtleties! We are not concerned with motiv...",Win (1 of 3)
310.,2012-10-30 04:25:57,71.42,95%,A total of twenty-five friends were headed from San Francisc...,No win (2 of 3)
309.,2012-10-30 04:24:24,72.21,94%,"Kid, I've flown from one side of this galaxy to the other, a...",No win (3 of 5)
308.,2012-10-30 03:00:46,76.32,96%,"My name is Turkish. Funny name for an Englishman, I know. My...",No win (2 of 4)
307.,2012-10-30 02:58:26,83.42,97%,"I rejected those answers; instead, I chose something differe...",No win (3 of 5)
306.,2012-10-30 02:49:20,83.32,98%,We may climb into the thin and cold realm of pure geometry a...,No win (3 of 5)
305.,2012-10-30 02:48:04,80.29,96%,"The brain can be a tool. It can recall phone numbers, solve ...",No win (3 of 4)
304.,2012-10-30 02:45:29,92.02,98%,Even the best-designed chair won't make up for bad posture. ...,No win (2 of 5)
303.,2012-10-30 02:44:14,83.97,95%,If there is one thing the history of evolution has taught us...,No win (2 of 4)
302.,2012-10-30 02:42:58,83.05,98%,The only message I got was from the company that holds my st...,No win (2 of 2)
301.,2012-10-30 02:36:08,75.62,97%,Parisian French is different from Provincial French and Germ...,No win (4 of 5)
300.,2012-10-30 02:34:33,88.54,95%,"The problem is, Willie, is that Charles and yourself are not...",No win (3 of 5)
299.,2012-10-30 02:33:43,82.92,95%,With the coming of Dean Moriarty began the part of my life y...,Win (1 of 5)
298.,2012-10-30 02:32:26,86.33,95%,Although his voice was also broken by uncertainty and his ha...,No win (4 of 4)
297.,2012-10-30 02:30:06,90.67,98%,But the two men were not lonely at all. At home they were co...,Win (1 of 3)
296.,2012-10-30 02:28:40,86.06,96%,"Some pilots like the excitement of our missions, knowing tha...",Win (1 of 4)
295.,2012-10-30 02:25:50,94.95,100%,How do I live without the ones I love? Time still turns the ...,No win (2 of 4)
294.,2012-10-30 02:25:07,90.72,99%,Always do your best - your best is going to change from mome...,Win (1 of 2)
293.,2012-10-30 02:23:42,82.50,97%,Imagine for a moment if we once again knew these few unremar...,No win (3 of 4)
292.,2012-10-30 02:22:15,91.68,100%,"And you know it's time to go, through the sleet and driving ...",Win (1 of 4)
291.,2012-10-29 06:17:56,78.20,96%,These contests provided ample opportunity to demonstrate the...,Win (1 of 5)
290.,2012-10-29 06:16:31,75.06,94%,Don't make assumptions - find the courage to ask questions a...,No win (2 of 5)
289.,2012-10-29 06:15:12,93.27,98%,"I went to the woods because I wished to live deliberately, t...",No win (2 of 5)
288.,2012-10-29 06:14:07,75.60,94%,"Samatha is a state in which the mind is brought to rest, foc...",No win (2 of 5)
287.,2012-10-29 06:12:37,79.55,96%,If you're working out in front of a mirror and watching your...,No win (3 of 5)
286.,2012-10-29 06:11:33,77.47,97%,"I often see racers, particularly at the back of the pack in ...",No win (2 of 2)
285.,2012-10-29 06:09:53,72.97,96%,"I've heard there was a secret chord that David played, and i...",No win (2 of 5)
284.,2012-10-29 06:08:47,82.25,95%,Facts can be thought of as objective or subjective. Things a...,Win (1 of 2)
283.,2012-10-29 06:07:37,77.56,94%,Remembering you running soft through the night. You were big...,Win (1 of 5)
282.,2012-10-29 06:06:37,75.89,93%,"I was hugely impressed. Kirk, I mean Shatner, was the ultima...",No win (2 of 5)
281.,2012-10-29 03:21:25,74.02,95%,The invention of the wheel represented a major turning point...,No win (3 of 5)
280.,2012-10-29 03:12:01,79.96,92%,"And you know it's time to go, through the sleet and driving ...",No win (4 of 5)
279.,2012-10-29 03:11:05,73.72,100%,"Anyway, like I was saying, shrimp is the fruit of the sea. Y...",Win (1 of 5)
278.,2012-10-29 03:09:59,79.44,97%,"Prior to the 1970's, because the United States had long been...",Win (1 of 4)
277.,2012-10-29 03:08:16,88.22,96%,There are very few things I wish I could change about those ...,No win (4 of 4)
276.,2012-10-29 03:07:17,83.82,97%,If I'm curt with you it's because time is a factor. I think ...,No win (2 of 3)
275.,2012-10-29 03:06:30,64.03,91%,"You needn't take it any further, sir. You've proved to me th...",No win (3 of 3)
274.,2012-10-29 01:38:16,73.69,95%,The only message I got was from the company that holds my st...,No win (3 of 5)
273.,2012-10-29 01:37:04,75.37,91%,"For centuries, human society has taken the gifts of nature f...",No win (3 of 4)
272.,2012-10-29 01:36:03,77.00,91%,"Keying text quickly is important, but it is more important t...",No win (2 of 4)
271.,2012-10-29 01:35:03,80.62,94%,"If we all go for the blonde and block each other, not a sing...",No win (2 of 5)
270.,2012-10-29 01:32:59,73.76,94%,"I'd been walking for hours and, as usual, I'd lost track of ...",No win (2 of 5)
269.,2012-10-29 00:19:49,78.38,92%,"For centuries, the battle of morality was fought between tho...",No win (4 of 4)
268.,2012-10-29 00:18:51,77.44,95%,"The only people for me are the mad ones, the ones who are ma...",No win (3 of 4)
267.,2012-10-29 00:17:36,95.03,99%,"A little boy went out to play. When he opened his door, he s...",No win (2 of 5)
266.,2012-10-29 00:17:00,81.79,95%,Jay made up for the lack of glamour in his assignment by hav...,Win (1 of 2)
265.,2012-10-19 07:56:11,68.92,93%,A total of twenty-five friends were headed from San Francisc...,No win (2 of 3)
264.,2012-10-19 07:54:36,72.53,92%,"Some pilots like the excitement of our missions, knowing tha...",No win (2 of 5)
263.,2012-10-19 07:53:30,80.40,97%,Since the 1980s virtually all the sodas and most of the frui...,Win (1 of 4)
262.,2012-10-19 07:51:54,86.93,98%,Sometimes you concentrate more on racing the cars around you...,No win (3 of 3)
261.,2012-10-19 07:50:38,71.47,97%,The recipe for turning fruit into wine goes something like t...,No win (3 of 3)
260.,2012-10-19 07:49:02,80.58,94%,"Has it been five years? Six? It seems like a lifetime, the k...",No win (3 of 3)
259.,2012-10-19 07:47:38,86.82,99%,"Whether you're a student, secretary, office administrator, m...",Win (1 of 5)
258.,2012-10-19 04:48:16,99.78,99%,"To evaluate an option from the other side's point of view, c...",Win (1 of 4)
257.,2012-10-19 04:46:44,88.90,100%,"It's a blue savanna song: somewhere cross the desert, someti...",Win (1 of 3)
256.,2012-10-19 04:45:59,80.82,96%,"Two years ago this property cost one million pounds. Today, ...",Win (1 of 5)
255.,2012-10-19 04:42:53,74.69,95%,Music finds a comfortable parallel with that of human langua...,No win (2 of 5)
254.,2012-10-19 04:41:42,90.99,98%,The theory of music emphasizes the elements from which music...,Win (1 of 4)
253.,2012-10-19 04:40:29,84.76,94%,Good games offer players a set of challenging problems and t...,No win (3 of 3)
252.,2012-10-19 04:39:37,79.68,96%,"The Orient was almost a European invention, and had been sin...",No win (2 of 5)
251.,2012-10-18 08:11:26,80.41,97%,"Everyone said I was daft to build a castle on a swamp, but I...",No win (2 of 5)
250.,2012-10-18 08:10:20,67.06,94%,"You needn't take it any further, sir. You've proved to me th...",No win (2 of 3)
249.,2012-10-18 08:08:55,77.72,95%,Chance and chance alone has a message for us. Everything tha...,No win (5 of 5)
248.,2012-10-18 08:07:45,76.15,94%,I still see things that are not here. I just choose not to a...,No win (2 of 5)
247.,2012-10-18 07:45:47,76.67,96%,"Around midafternoon, the snow thinned into sleet, and some u...",No win (2 of 5)
246.,2012-10-18 07:09:30,87.49,98%,The problem we now face is that this thin layer of atmospher...,Win (1 of 3)
245.,2012-10-18 07:08:19,80.02,95%,"Warmer water increases the moisture content of storms, and w...",No win (2 of 4)
244.,2012-10-18 07:07:03,77.97,95%,"We speak of something carried and something carrying, of som...",No win (2 of 5)
243.,2012-10-18 07:05:24,75.33,97%,"I was hugely impressed. Kirk, I mean Shatner, was the ultima...",No win (2 of 5)
242.,2012-10-18 07:04:36,76.73,96%,"I was shaking like a leaf, so without thinking I lit up a ci...",Win (1 of 4)
241.,2012-10-18 06:55:40,90.11,98%,We began to recognize in them a strange obsession. After all...,Win (1 of 5)
240.,2012-10-18 06:54:29,81.72,94%,Chance and chance alone has a message for us. Everything tha...,No win (2 of 5)
239.,2012-10-18 06:53:30,75.29,95%,At the time when Britain faced a plunge into chaos and darkn...,No win (3 of 5)
238.,2012-10-18 06:52:13,65.14,91%,And I will strike down upon thee with great vengeance and fu...,No win (3 of 3)
237.,2012-10-18 06:51:13,85.14,98%,"Whenever you watch the mind, you withdraw consciousness from...",Win (1 of 5)
236.,2012-10-18 06:50:06,83.61,94%,"And though my journeys did take me to a great many states, a...",No win (2 of 5)
235.,2012-10-18 06:49:09,63.75,92%,"I know a bloke who knows a bloke who knows a bloke. Now, I k...",No win (3 of 5)
234.,2012-10-18 06:48:26,84.67,98%,It is possible that I already had some presentiment of my fu...,No win (2 of 5)
233.,2012-10-18 06:47:44,78.20,97%,The pickpockets' profession demands extraordinary nimbleness...,Win (1 of 3)
232.,2012-10-18 06:46:58,81.78,95%,"There is no physical separation after the slicing, so that e...",No win (3 of 4)
231.,2012-10-18 06:46:00,78.15,93%,Let's face it: there are tons of things in your home and lif...,No win (2 of 4)
230.,2012-10-18 06:45:05,62.29,87%,"Good games stay within, but at the outer edge, of the player...",No win (3 of 3)
229.,2012-10-18 06:13:53,89.25,99%,"And though my journeys did take me to a great many states, a...",No win (2 of 3)
228.,2012-10-18 06:12:32,81.42,93%,There's sometimes a buggy. How many drivers does a buggy hav...,No win (4 of 4)
227.,2012-10-18 06:11:33,83.61,97%,Now I want you to think and stop being a smart aleck. A man'...,No win (5 of 5)
226.,2012-10-18 06:10:43,84.39,95%,The invention of the wheel represented a major turning point...,No win (3 of 5)
225.,2012-10-18 06:09:32,77.32,97%,"A lot of people, especially this one psychoanalyst guy they ...",No win (4 of 5)
224.,2012-10-18 06:04:18,92.42,96%,All time is all time. It does not change. It does not lend i...,No win (2 of 4)
223.,2012-10-18 06:03:11,84.24,96%,"Never give up, no matter how far behind you are, no matter h...",No win (2 of 5)
222.,2012-10-18 06:00:29,86.34,98%,"My name is Turkish. Funny name for an Englishman, I know. My...",No win (2 of 3)
221.,2012-10-18 03:44:29,84.26,95%,We live in a charmed world. If we have money we can buy lite...,Win (1 of 4)
220.,2012-10-18 03:43:03,79.34,94%,"As customers of all races, nationalities, and cultures visit...",No win (3 of 5)
219.,2012-10-18 03:41:46,78.69,90%,Although the United Nations does not have the power to enfor...,No win (2 of 2)
218.,2012-10-18 03:39:51,87.67,97%,The treatment of atoms with more than one electron requires ...,No win (2 of 2)
217.,2012-10-18 03:38:31,87.00,96%,All time is all time. It does not change. It does not lend i...,No win (3 of 5)
216.,2012-10-18 03:37:37,90.51,98%,And I don't believe in the existence of angels but looking a...,No win (2 of 5)
215.,2012-10-18 03:36:30,81.33,95%,"Good games stay within, but at the outer edge, of the player...",No win (2 of 5)
214.,2012-10-18 03:35:28,88.40,96%,In order to become an elf I filled out ten pages' worth of f...,No win (2 of 5)
213.,2012-10-17 05:58:39,87.45,97%,"In the casino, the cardinal rule is to keep them playing and...",No win (4 of 5)
212.,2012-10-17 05:53:54,91.20,99%,The only preventive thing I do is wash clothes after buying ...,Win (1 of 4)
211.,2012-10-17 05:52:58,88.19,98%,You've got a way to keep me on your side. You give me cause ...,Win (1 of 2)
210.,2012-10-17 05:52:09,78.08,94%,"Let me get this straight. You think that your client, one of...",No win (2 of 5)
209.,2012-10-17 05:51:03,77.95,95%,Too often writers believe that they can emphasize words by p...,No win (2 of 5)
208.,2012-10-17 05:49:41,84.57,96%,Space is big. Really big. You just won't believe how vastly ...,Win (1 of 3)
207.,2012-10-17 05:48:41,83.55,95%,"If you don't get what you want, you suffer; if you get what ...",Win (1 of 2)
206.,2012-10-17 05:47:19,74.69,96%,Many wines have more than 14 percent alcohol because the win...,No win (4 of 4)
205.,2012-10-17 05:45:53,85.47,96%,The pickpockets' profession demands extraordinary nimbleness...,Win (1 of 2)
204.,2012-10-17 05:45:08,88.11,99%,"Keying text quickly is important, but it is more important t...",No win (2 of 4)
203.,2012-10-17 05:44:25,79.15,96%,"The only people for me are the mad ones, the ones who are ma...",No win (2 of 4)
202.,2012-10-17 05:43:07,85.91,98%,"It was a marvelous night, the sort of night one only experie...",Win (1 of 3)
201.,2012-10-17 05:21:58,82.89,94%,"I'm so glad you came, I'm so glad you remembered, the walkin...",Win (1 of 5)
200.,2012-10-16 05:03:18,63.80,92%,"It turned out that the sweet-talking, tattoo-sporting pikey ...",Win (1 of 5)
199.,2012-10-16 05:02:01,80.24,95%,A glooming peace this morning with it brings. The sun for so...,No win (2 of 4)
198.,2012-10-16 05:01:01,75.95,94%,There's sometimes a buggy. How many drivers does a buggy hav...,No win (2 of 4)
197.,2012-10-16 04:59:35,92.51,99%,"Warmer water increases the moisture content of storms, and w...",Win (1 of 4)
196.,2012-10-16 04:58:30,92.78,99%,It is by will alone I set my mind in motion. It is by the ju...,Win (1 of 4)
195.,2012-10-16 04:57:49,83.77,98%,"Let's sort the buyers from the spiers, the needy from the gr...",No win (3 of 5)
194.,2012-10-16 04:56:46,81.21,96%,"He's got a two day head start on you, which is more than he ...",No win (4 of 5)
193.,2012-10-16 04:54:27,84.23,96%,"I believe in love, and I know that you do too. And I believe...",No win (2 of 5)
192.,2012-10-16 04:53:39,73.40,94%,The inner surface of the cell wall touches the cytoplasmic m...,No win (3 of 4)
191.,2012-10-16 04:52:27,85.07,97%,"Time is tricky. You have whole months, even years, when noth...",No win (4 of 5)
190.,2012-10-16 04:51:24,78.16,99%,"What good's a reward if you ain't around to use it? Besides,...",Win (1 of 3)
189.,2012-10-16 02:27:12,70.06,90%,Even the best-designed chair won't make up for bad posture. ...,No win (2 of 4)
188.,2012-10-16 02:25:49,65.60,94%,"Listen, strange women lyin' in ponds distributin' swords is ...",Win (1 of 5)
187.,2012-10-16 02:24:44,90.99,98%,"To evaluate an option from the other side's point of view, c...",No win (2 of 4)
186.,2012-10-16 02:15:35,82.92,96%,"And I said, I don't care if they lay me off either, because ...",No win (4 of 5)
185.,2012-10-16 02:14:21,84.62,94%,Being comfortable in the car is critical. If you're not comf...,No win (3 of 5)
184.,2012-10-15 05:50:08,87.17,98%,Always do your best - your best is going to change from mome...,Win (1 of 3)
183.,2012-10-15 05:49:18,79.30,96%,Who is Keyser Soze? He is supposed to be Turkish. Some say h...,Win (1 of 3)
182.,2012-10-15 05:46:54,88.38,96%,"This planet has, or rather had, a problem, which was this: m...",Win (1 of 4)
181.,2012-10-15 05:44:07,90.52,97%,"I hope that whoever you are, you escape this place. I hope t...",No win (3 of 3)
180.,2012-10-15 05:42:51,79.57,92%,The beginner writes just twenty pieces. The professional wri...,No win (3 of 3)
179.,2012-10-15 05:41:48,78.47,97%,Aztec rule was based upon a system of tribute and fear over ...,No win (2 of 4)
178.,2012-10-15 05:39:35,82.35,94%,I can practically see your face and another revolutionary fa...,No win (3 of 5)
177.,2012-10-15 05:38:43,75.65,95%,Danger is a topic you're often asked about as a sprinter. Th...,Win (1 of 3)
176.,2012-10-15 05:37:23,78.65,98%,The streets were cleared by a Critical Mass bike ride and we...,Win (1 of 4)
175.,2012-10-15 05:35:44,84.42,97%,"He was rough around the edges. He'd been to school, but neve...",No win (4 of 5)
174.,2012-10-15 05:33:45,78.63,95%,"I don't want tickets, I need you to find me a painting, a cl...",No win (3 of 4)
173.,2012-10-15 05:32:47,69.44,96%,"She was a genius of sadness, immersing herself in it, separa...",Win (1 of 2)
172.,2012-10-15 05:31:19,82.72,97%,Lucid but wholly false recollections can easily be induced b...,Win (1 of 4)
171.,2012-10-11 06:03:21,86.93,98%,A giant inverted steel pyramid is perfectly balanced on its ...,No win (1 of 1)
170.,2012-10-11 06:01:51,86.97,99%,A few light taps upon the pane made him turn to the window. ...,Win (1 of 4)
169.,2012-10-11 06:01:02,79.94,96%,"I know a bloke who knows a bloke who knows a bloke. Now, I k...",No win (2 of 5)
168.,2012-10-11 05:59:12,74.06,94%,My entire life had been on a predictable trajectory dominate...,Win (1 of 5)
167.,2012-10-11 05:57:45,82.21,99%,"But, pray how could that which I spoke so many years ago, an...",No win (2 of 2)
166.,2012-10-11 04:31:20,71.28,91%,"I often see racers, particularly at the back of the pack in ...",No win (3 of 3)
165.,2012-10-11 04:30:00,70.22,92%,"It was an effect of light: quick sunlight dappling, yellow l...",No win (3 of 3)
164.,2012-10-11 04:28:40,82.68,96%,It doesn't mean much to be able to filter out most present-d...,No win (3 of 3)
163.,2012-10-11 04:27:36,78.08,96%,"I don't want tickets, I need you to find me a painting, a cl...",No win (2 of 4)
162.,2012-10-11 04:26:04,78.49,97%,A few light taps upon the pane made him turn to the window. ...,No win (3 of 5)
161.,2012-10-11 03:50:05,82.57,96%,"Well, the way they make shows is, they make one show. That s...",No win (4 of 4)
160.,2012-10-11 03:48:48,69.05,92%,It takes more than a calorie of fossil fuel energy to produc...,Win (1 of 3)
159.,2012-10-11 03:47:19,80.27,94%,One thing I've learned in the last seven years: in every gam...,No win (2 of 4)
158.,2012-10-11 03:46:16,87.48,98%,"But, pray how could that which I spoke so many years ago, an...",No win (2 of 3)
157.,2012-10-11 03:19:32,74.05,94%,Parisian French is different from Provincial French and Germ...,No win (3 of 4)
156.,2012-10-11 03:18:23,78.61,96%,Since the 1980s virtually all the sodas and most of the frui...,No win (2 of 4)
155.,2012-10-11 03:17:02,77.00,97%,Parisian French is different from Provincial French and Germ...,No win (2 of 4)
154.,2012-10-11 03:16:17,76.41,94%,Groups of illegal miners smuggle themselves down in freight ...,No win (2 of 3)
153.,2012-10-11 03:15:01,72.71,92%,"Never give up, no matter how far behind you are, no matter h...",No win (3 of 5)
152.,2012-10-11 03:13:16,80.95,98%,Stab a sorry heart with your favorite finger. Paint the whol...,No win (3 of 3)
151.,2012-10-11 03:07:50,77.33,94%,A giant inverted steel pyramid is perfectly balanced on its ...,No win (2 of 5)
150.,2012-10-11 03:06:04,87.90,96%,What should have been swift revenge turned into an all out w...,Win (1 of 5)
149.,2012-10-11 03:04:59,75.75,94%,The theory of music emphasizes the elements from which music...,Win (1 of 5)
148.,2012-10-11 02:58:24,75.99,93%,Although the United Nations does not have the power to enfor...,No win (3 of 4)
147.,2012-10-11 02:55:14,92.66,98%,I've always wondered about this coat business. When I'm in a...,Win (1 of 4)
146.,2012-10-11 02:51:40,78.49,95%,"The Orient was almost a European invention, and had been sin...",No win (2 of 4)
145.,2012-10-11 02:50:39,86.36,96%,It is by will alone I set my mind in motion. It is by the ju...,Win (1 of 3)
144.,2012-10-11 02:49:21,99.25,98%,"Whether they use the title or not, many lyrics have evocativ...",Win (1 of 4)
143.,2012-10-11 02:48:38,82.34,94%,Many rivers to cross but I can't seem to find my way over. W...,Win (1 of 5)
142.,2012-10-11 02:47:42,78.62,93%,Chance and chance alone has a message for us. Everything tha...,Win (1 of 5)
141.,2012-10-11 02:46:40,76.56,93%,"A zealot might be, for instance, an individual with a person...",No win (2 of 5)
140.,2012-10-11 02:45:11,84.62,96%,There's a piece of Maria in every song that I sing. And the ...,Win (1 of 4)
139.,2012-10-11 01:22:49,77.26,94%,"She's got a smile that, it seems to me, reminds me of childh...",Win (1 of 4)
138.,2012-10-11 01:21:49,61.79,88%,"Run to the bedroom, in the suitcase on the left, you'll find...",No win (2 of 3)
137.,2012-10-11 01:20:04,68.89,92%,It is greatly to America's advantage that it is a congenial ...,No win (3 of 4)
136.,2012-10-11 01:18:20,71.47,92%,"Time is tricky. You have whole months, even years, when noth...",No win (3 of 3)
135.,2012-10-11 01:15:43,71.49,93%,Danger is a topic you're often asked about as a sprinter. Th...,No win (2 of 3)
134.,2012-10-11 01:13:59,79.81,95%,The beginner writes just twenty pieces. The professional wri...,Win (1 of 4)
133.,2012-10-11 01:12:48,77.43,96%,"That's Tommy. He tells people he was named after a gun, but ...",No win (2 of 3)
132.,2012-10-11 01:11:57,94.29,98%,We sit silently and watch the world around us. This has take...,Win (1 of 4)
131.,2012-10-11 01:10:02,71.74,92%,Who has a safety deposit box full of money and six passports...,No win (3 of 3)
130.,2012-10-11 01:08:55,78.61,95%,We were playing checkers. I used to kid her once in a while ...,No win (2 of 5)
129.,2012-10-11 01:06:49,83.88,95%,"When the light of life has gone, no change for the meter. Th...",No win (4 of 5)
128.,2012-10-11 01:05:59,77.85,96%,I said that I would see you because I had heard that you wer...,No win (2 of 4)
127.,2012-10-11 01:02:30,84.21,96%,Few smart kids can spare the attention that popularity requi...,Win (1 of 4)
126.,2012-10-11 01:00:11,83.09,94%,There are very few things I wish I could change about those ...,Win (1 of 5)
125.,2012-10-11 00:59:05,82.84,99%,Always do your best - your best is going to change from mome...,No win (2 of 5)
124.,2012-10-11 00:58:05,78.64,95%,The Inca believed that if one did not give thanks and obedie...,No win (3 of 4)
123.,2012-10-11 00:57:05,87.01,96%,Commas and periods always go inside quotation marks. Colons ...,No win (2 of 4)
122.,2012-10-11 00:55:57,61.82,92%,"Double, double, toil and trouble; fire burn, and cauldron bu...",No win (4 of 5)
121.,2012-10-11 00:54:35,75.78,93%,Everything we hold dear likewise resolves into its original ...,No win (2 of 4)
120.,2012-10-11 00:52:57,83.64,94%,The place to improve the world is first in one's own heart a...,No win (4 of 5)
119.,2012-10-11 00:51:33,85.81,97%,We've known each other for many years but this is the first ...,No win (3 of 5)
118.,2012-10-11 00:50:09,85.04,95%,Although his voice was also broken by uncertainty and his ha...,No win (3 of 4)
117.,2012-10-11 00:49:03,78.09,96%,"I was shaking like a leaf, so without thinking I lit up a ci...",No win (3 of 5)
116.,2012-10-11 00:47:27,98.03,99%,"She's got a smile that, it seems to me, reminds me of childh...",No win (2 of 5)
115.,2012-10-11 00:46:12,82.20,96%,If I'm curt with you it's because time is a factor. I think ...,No win (2 of 5)
114.,2012-10-11 00:45:13,80.64,95%,The example of painting can teach us not only how to manage ...,No win (3 of 3)
113.,2012-10-11 00:43:59,70.94,91%,"My name is Turkish. Funny name for an Englishman, I know. My...",No win (4 of 5)
112.,2012-10-11 00:42:25,74.91,90%,"If you are given too many choices, if you are forced to cons...",No win (3 of 3)
111.,2012-10-11 00:41:05,71.26,92%,"Everyone said I was daft to build a castle on a swamp, but I...",No win (3 of 5)
110.,2012-10-11 00:39:38,84.21,97%,There was a stage and a PA up in western Massachusetts and t...,Win (1 of 5)
109.,2012-10-10 07:24:10,76.60,93%,There are very few things I wish I could change about those ...,Win (1 of 5)
108.,2012-10-10 07:23:01,79.65,95%,Chance and chance alone has a message for us. Everything tha...,Win (1 of 5)
107.,2012-10-10 07:21:59,79.76,96%,Lucid but wholly false recollections can easily be induced b...,Win (1 of 5)
106.,2012-10-10 07:21:03,86.04,97%,"The less you do with the controls, the less chance of error....",Win (1 of 5)
105.,2012-10-10 07:20:01,77.02,95%,"When I was a kid, you never saw radicchio in the produce sec...",Win (1 of 4)
104.,2012-10-10 07:18:46,86.35,97%,"It was a marvelous night, the sort of night one only experie...",Win (1 of 4)
103.,2012-10-10 07:17:45,72.95,94%,"My name is Turkish. Funny name for an Englishman, I know. My...",No win (2 of 4)
102.,2012-10-10 07:16:35,71.30,92%,It is possible that I already had some presentiment of my fu...,No win (3 of 4)
101.,2012-10-10 07:15:29,77.29,95%,We live in a charmed world. If we have money we can buy lite...,No win (3 of 5)
100.,2012-10-10 06:54:16,64.32,90%,Instead of hiring workers during the peak hog kill in the wi...,No win (5 of 5)
99.,2012-10-10 06:52:25,75.51,95%,"Run to the bedroom, in the suitcase on the left, you'll find...",No win (2 of 3)
98.,2012-10-10 06:50:51,65.43,88%,"A little boy went out to play. When he opened his door, he s...",No win (2 of 2)
97.,2012-10-10 06:50:01,83.49,97%,"I've heard there was a secret chord that David played, and i...",Win (1 of 5)
96.,2012-10-10 06:48:48,76.90,95%,We might begin by asking why the pregnant man image has been...,Win (1 of 4)
95.,2012-10-10 06:47:19,79.53,95%,We live in a charmed world. If we have money we can buy lite...,Win (1 of 2)
94.,2012-10-10 06:45:50,79.09,95%,"Two years ago this property cost one million pounds. Today, ...",No win (2 of 5)
93.,2012-10-10 06:44:20,74.47,93%,"But no matter how effective the lesson was, I never really u...",No win (4 of 5)
92.,2012-10-10 06:43:18,83.77,95%,It was hard to toss things I had once thought were valuable ...,Win (1 of 5)
91.,2012-10-10 06:35:43,85.12,97%,"I'll miss the sea, but a person needs new experiences. They ...",Win (1 of 5)
90.,2012-10-10 06:34:52,83.50,99%,"Whether you're a student, secretary, office administrator, m...",Win (1 of 5)
89.,2012-10-10 06:33:24,73.17,96%,"Two households, both alike in dignity (in fair Verona, where...",No win (2 of 4)
88.,2012-10-10 06:31:24,83.25,98%,I don't know why he saved my life. Maybe in those last momen...,No win (2 of 5)
87.,2012-10-10 06:30:01,85.12,95%,"I went to the woods because I wished to live deliberately, t...",No win (3 of 5)
86.,2012-10-10 06:28:56,80.65,97%,"When the light of life has gone, no change for the meter. Th...",Win (1 of 5)
85.,2012-10-10 06:28:03,66.94,93%,"My darling, you have to be standing up in order to be able t...",No win (4 of 5)
84.,2012-10-10 06:19:57,73.48,93%,"The creation ends in South Georgia, at the very edge of the ...",No win (2 of 5)
83.,2012-10-10 03:42:53,88.22,97%,The unknown future rolls toward us. I face it for the first ...,Win (1 of 5)
82.,2012-10-10 03:40:32,80.60,97%,So my heart goes out to them. Figuratively. I would never ac...,Win (1 of 4)
81.,2012-10-10 03:39:15,65.58,90%,It doesn't mean much to be able to filter out most present-d...,No win (4 of 4)
80.,2012-10-10 03:38:10,81.26,96%,The alternative to binge travel - the mini retirement - enta...,No win (2 of 3)
79.,2012-10-10 03:36:46,81.21,95%,"Ticking away the moments that make up a dull day, you fritte...",No win (2 of 5)
78.,2012-10-10 03:35:48,79.03,94%,"The problem is, Willie, is that Charles and yourself are not...",No win (4 of 5)
77.,2012-10-10 03:34:36,78.30,96%,"Your face has fallen sad now, for you know the time is nigh....",No win (4 of 5)
76.,2012-10-10 03:33:32,70.67,96%,Paper as we know it today was invented in China in around 10...,No win (3 of 3)
75.,2012-10-10 03:31:49,76.52,96%,"Whether you're a student, secretary, office administrator, m...",No win (2 of 4)
74.,2012-10-10 03:30:57,80.18,95%,"There is no pain, you are receding. A distant ship smoke on ...",Win (1 of 5)
73.,2012-10-10 03:29:32,85.29,96%,Language is one of the keys to being human. It allows us to ...,Win (1 of 5)
72.,2012-10-10 03:28:38,69.20,93%,"It's a blue savanna song: somewhere cross the desert, someti...",No win (3 of 4)
71.,2012-10-10 03:27:40,67.39,91%,There's a hole in the world like a great black pit. And the ...,No win (3 of 5)
70.,2012-10-10 03:26:05,80.48,94%,I have quit three jobs and been fired from all the rest. Get...,No win (5 of 5)
69.,2012-10-10 03:24:56,68.68,94%,The inner surface of the cell wall touches the cytoplasmic m...,Win (1 of 2)
68.,2012-10-10 03:23:53,83.00,98%,The great edifice of variety and choice that is an American ...,Win (1 of 4)
67.,2012-10-10 01:16:26,71.53,90%,"Well, it just so happens, this hacienda comes with its very ...",No win (3 of 3)
66.,2012-10-10 01:06:28,76.93,96%,The development of a living body of literature became indica...,No win (2 of 4)
65.,2012-10-10 01:04:01,79.26,97%,Groups of illegal miners smuggle themselves down in freight ...,No win (2 of 5)
64.,2012-10-10 01:02:42,86.58,98%,Your faith was strong but you needed proof. You saw her bath...,Win (1 of 3)
63.,2012-10-10 00:58:05,82.04,95%,"Many people limit themselves to leading boring, dull lives b...",Win (1 of 3)
62.,2012-10-10 00:56:37,96.29,98%,To an outsider's ear it sounds absurdly wild and ridiculous ...,Win (1 of 3)
61.,2012-10-10 00:55:56,83.29,100%,"Anyway, like I was saying, shrimp is the fruit of the sea. Y...",Win (1 of 5)
60.,2012-10-10 00:54:55,83.60,97%,"But suddenly, I viddied that thinking was for the gloopy one...",Win (1 of 4)
59.,2012-10-09 08:12:49,78.58,96%,Well I woke in mid-afternoon cause that's when it all hurts ...,No win (2 of 2)
58.,2012-10-09 08:04:43,79.37,98%,"When we pulled out into the winter night and the real snow, ...",No win (2 of 5)
57.,2012-10-09 08:02:58,83.12,97%,Quality humor doesn't just deliver one gag and then tax the ...,No win (2 of 3)
56.,2012-10-09 08:01:21,79.37,95%,"If we all go for the blonde and block each other, not a sing...",No win (3 of 4)
55.,2012-10-09 05:21:44,74.59,93%,I've been thinking lots about my life and how quick I'd wash...,No win (3 of 5)
54.,2012-10-09 05:20:31,53.81,86%,"If I leave here tomorrow, would you still remember me? For I...",No win (5 of 5)
53.,2012-10-09 05:16:21,83.22,96%,"Look and think as far ahead as possible. Often, a driver's n...",Win (1 of 5)
52.,2012-10-09 05:15:08,67.06,98%,"Anyway, like I was saying, shrimp is the fruit of the sea. Y...",Win (1 of 4)
51.,2012-10-09 04:39:47,73.95,92%,I was long into my second decade of living single before I c...,No win (2 of 4)
50.,2012-10-09 04:38:56,81.74,99%,"Padre, these are subtleties! We are not concerned with motiv...",Win (1 of 5)
49.,2012-10-09 04:37:42,70.94,96%,The wine list looks so imposing that you finally give up lab...,Win (1 of 2)
48.,2012-10-09 04:35:57,74.82,94%,Step out the front door like a ghost into the fog where no o...,Win (1 of 4)
47.,2012-10-09 04:34:33,62.93,91%,"The day dawned bleak and chill, a moving wall of gray light ...",No win (2 of 4)
46.,2012-10-09 03:40:19,80.25,96%,"She's got a smile that, it seems to me, reminds me of childh...",No win (2 of 2)
45.,2012-10-09 02:35:12,66.98,92%,All the blue light reflections that color my mind when I sle...,No win (2 of 4)
44.,2012-10-09 02:30:34,66.69,94%,A total of twenty-five friends were headed from San Francisc...,No win (2 of 4)
43.,2012-10-09 02:28:49,95.16,97%,The example of painting can teach us not only how to manage ...,Win (1 of 5)
42.,2012-10-09 02:26:20,67.88,92%,"Kid, I've flown from one side of this galaxy to the other, a...",No win (3 of 5)
41.,2012-10-09 02:24:48,74.71,94%,Being able to quit things that don't work is integral to bei...,No win (5 of 5)
40.,2012-10-09 02:23:33,59.75,86%,I drew the blankets over my head and tried to think of Chris...,No win (4 of 4)
39.,2012-10-09 02:22:10,74.37,95%,Aztec rule was based upon a system of tribute and fear over ...,No win (2 of 4)
38.,2012-10-09 02:20:22,76.13,95%,"But no matter how effective the lesson was, I never really u...",No win (3 of 5)
37.,2012-10-09 02:17:56,93.51,98%,"She's got a smile that, it seems to me, reminds me of childh...",Win (1 of 5)
36.,2012-10-09 02:17:04,62.72,91%,"""This man right here,"" McGuinness said, pointing at Kenna, ""...",Win (1 of 3)
35.,2012-10-09 02:15:21,85.08,97%,The time has come for man to set himself a goal. The time ha...,No win (3 of 4)
34.,2012-10-09 02:14:03,73.70,96%,Supermarket aisles are the perfect place to practice your gl...,Win (1 of 5)
33.,2012-10-09 02:12:41,85.54,98%,"The terminator wouldn't stop, it would never leave him. It w...",No win (3 of 3)
32.,2012-10-09 01:55:55,92.96,99%,Language is one of the keys to being human. It allows us to ...,No win (2 of 5)
31.,2012-10-09 01:55:00,75.12,96%,Involuntarily I glanced seaward - and distinguished nothing ...,Win (1 of 5)
30.,2012-10-09 01:53:50,85.91,99%,These contests provided ample opportunity to demonstrate the...,Win (1 of 5)
29.,2012-10-09 01:52:51,81.80,96%,"I had a dream. There was our world, and the world was dark b...",Win (1 of 5)
28.,2012-10-09 01:51:26,61.48,95%,"Keying text quickly is important, but it is more important t...",No win (2 of 5)
27.,2012-10-09 01:50:42,68.12,92%,A giant inverted steel pyramid is perfectly balanced on its ...,No win (5 of 5)
26.,2012-10-08 05:18:39,61.33,91%,Supermarket aisles are the perfect place to practice your gl...,No win (2 of 4)
25.,2012-10-08 05:17:19,74.86,92%,"I rejected those answers; instead, I chose something differe...",No win (2 of 3)
24.,2012-10-08 05:16:08,59.42,93%,I had a friend who was a heavy drinker. If somebody asked hi...,Win (1 of 5)
23.,2012-10-08 05:14:55,71.42,97%,"Imagine this: Here we are, a plane full of grown human being...",No win (3 of 5)
22.,2012-10-08 05:13:28,81.86,97%,"He was rough around the edges. He'd been to school, but neve...",Win (1 of 5)
21.,2012-10-08 05:09:43,76.73,92%,"You have a class of young strong men and women, and they wan...",No win (4 of 5)
20.,2012-10-08 05:08:45,77.07,95%,"Two years ago this property cost one million pounds. Today, ...",No win (2 of 5)
19.,2012-10-08 05:07:26,72.19,96%,He canceled all his commitments and pulled together the most...,Win (1 of 5)
18.,2012-10-08 05:06:19,77.19,94%,"I don't believe in an interventionist God, but I know, darli...",Win (1 of 5)
17.,2012-10-08 05:05:02,71.33,94%,"In short order, Carter then proceeded to kill any chance he ...",No win (2 of 5)
16.,2012-10-08 05:03:53,76.34,96%,Any finite number divided by infinity is as near to nothing ...,Win (1 of 5)
15.,2012-10-08 05:02:37,79.75,98%,"Burning my bridges and smashing my mirrors, turning to see i...",Win (1 of 3)
14.,2012-10-08 05:01:43,81.50,96%,With the coming of Dean Moriarty began the part of my life y...,Win (1 of 2)
13.,2012-10-08 05:00:34,76.16,97%,Gardeners know how to grow top-notch crops. They determine w...,Win (1 of 5)
12.,2012-10-08 04:19:31,65.76,88%,Sholes consulted with an educator who helped him analyze the...,No win (3 of 3)
11.,2012-10-08 04:18:05,73.06,93%,"First of all, you must be comfortable, otherwise it will be ...",Win (1 of 5)
10.,2012-10-08 04:17:09,92.39,96%,From compositional considerations the tomato layer would be ...,Win (1 of 5)
9.,2012-10-08 04:13:59,90.19,97%,"She's got a smile that, it seems to me, reminds me of childh...",Win (1 of 5)
8.,2012-10-07 00:21:20,46.92,95%,I've always wondered about this coat business. When I'm in a...,Win (1 of 2)
7.,2012-10-06 05:22:25,39.09,93%,"One respondent said ""For women - a lot of games are crap - t...",No win (4 of 4)
6.,2012-10-06 05:21:04,47.33,97%,There's sometimes a buggy. How many drivers does a buggy hav...,No win (2 of 2)
5.,2012-10-06 05:16:22,46.11,96%,"Yeah, you just take Soupy-Sales to prom 'cause I can think o...",Win (1 of 2)
4.,2012-10-06 05:14:37,51.60,97%,Sholes consulted with an educator who helped him analyze the...,No win (3 of 5)
3.,2012-10-06 05:12:39,40.31,92%,"Imagine this: Here we are, a plane full of grown human being...",No win (2 of 3)
2.,2012-10-06 03:13:45,64.43,92%,The basis of the Aztecs' success in creating a great state a...,No win (3 of 4)
1.,2012-10-06 03:12:32,68.72,92%,"Whether they use the title or not, many lyrics have evocativ...",Win (1 of 5)
